# https://github.com/mikedh/trimesh
v 1.51342600 110.56835200 -2.30470400 0.93725490 0.26666667 0.26666667
v 1.51342600 110.56835200 -2.30470400 0.93725490 0.26666667 0.26666667
v 0.83996200 158.57846100 -1.24276400 0.93725490 0.26666667 0.26666667
v 0.83996200 158.57846100 -1.24276400 0.93725490 0.26666667 0.26666667
v 1.79347300 110.32016800 -2.10260200 0.93725490 0.26666667 0.26666667
v 1.79347300 110.32016800 -2.10260200 0.93725490 0.26666667 0.26666667
v 0.00000000 111.07845300 2.74383100 0.93725490 0.26666667 0.26666667
v 0.00000000 111.07845300 2.74383100 0.93725490 0.26666667 0.26666667
v 0.00000000 158.57846100 1.50000000 0.93725490 0.26666667 0.26666667
v 0.00000000 158.57846100 1.50000000 0.93725490 0.26666667 0.26666667
v -0.42120900 111.04271700 2.71212800 0.93725490 0.26666667 0.26666667
v -0.42120900 111.04271700 2.71212800 0.93725490 0.26666667 0.26666667
v 2.02870000 110.03941300 -1.88766400 0.93725490 0.26666667 0.26666667
v 2.02870000 110.03941300 -1.88766400 0.93725490 0.26666667 0.26666667
v 1.03790800 158.57846100 -1.08293400 0.93725490 0.26666667 0.26666667
v 1.03790800 158.57846100 -1.08293400 0.93725490 0.26666667 0.26666667
v 1.20599600 158.57846100 -0.89195000 0.93725490 0.26666667 0.26666667
v 1.20599600 158.57846100 -0.89195000 0.93725490 0.26666667 0.26666667
v 2.22031800 109.72743200 -1.67163200 0.93725490 0.26666667 0.26666667
v 2.22031800 109.72743200 -1.67163200 0.93725490 0.26666667 0.26666667
v 2.36744100 109.38165300 -1.47296900 0.93725490 0.26666667 0.26666667
v 2.36744100 109.38165300 -1.47296900 0.93725490 0.26666667 0.26666667
v 1.33938900 158.57846100 -0.67530600 0.93725490 0.26666667 0.26666667
v 1.33938900 158.57846100 -0.67530600 0.93725490 0.26666667 0.26666667
v 2.50000000 108.57825500 -1.28147300 0.93725490 0.26666667 0.26666667
v 2.50000000 108.57825500 -1.28147300 0.93725490 0.26666667 0.26666667
v 2.50000000 108.57825500 -1.28147300 0.93725490 0.26666667 0.26666667
v 2.46479900 108.99642900 -1.32511400 0.93725490 0.26666667 0.26666667
v 2.46479900 108.99642900 -1.32511400 0.93725490 0.26666667 0.26666667
v 2.67039200 108.57845300 -0.87244000 0.93725490 0.26666667 0.26666667
v 2.67039200 108.57845300 -0.87244000 0.93725490 0.26666667 0.26666667
v 1.43425000 158.57846100 -0.43923400 0.93725490 0.26666667 0.26666667
v 1.43425000 158.57846100 -0.43923400 0.93725490 0.26666667 0.26666667
v 1.48785100 158.57846100 -0.19052700 0.93725490 0.26666667 0.26666667
v 1.48785100 158.57846100 -0.19052700 0.93725490 0.26666667 0.26666667
v 2.77435300 108.57845300 -0.44171400 0.93725490 0.26666667 0.26666667
v 2.77435300 108.57845300 -0.44171400 0.93725490 0.26666667 0.26666667
v 1.49864800 158.57846100 0.06366200 0.93725490 0.26666667 0.26666667
v 1.49864800 158.57846100 0.06366200 0.93725490 0.26666667 0.26666667
v 2.80929600 108.57845300 0.00000000 0.93725490 0.26666667 0.26666667
v 2.80929600 108.57845300 0.00000000 0.93725490 0.26666667 0.26666667
v 2.77435300 108.57845300 0.44171400 0.93725490 0.26666667 0.26666667
v 2.77435300 108.57845300 0.44171400 0.93725490 0.26666667 0.26666667
v 1.46633300 158.57846100 0.31601900 0.93725490 0.26666667 0.26666667
v 1.46633300 158.57846100 0.31601900 0.93725490 0.26666667 0.26666667
v 1.39183400 158.57846100 0.55928500 0.93725490 0.26666667 0.26666667
v 1.39183400 158.57846100 0.55928500 0.93725490 0.26666667 0.26666667
v 2.67039200 108.57845300 0.87244000 0.93725490 0.26666667 0.26666667
v 2.67039200 108.57845300 0.87244000 0.93725490 0.26666667 0.26666667
v 1.27729400 158.57846100 0.78646100 0.93725490 0.26666667 0.26666667
v 1.27729400 158.57846100 0.78646100 0.93725490 0.26666667 0.26666667
v 2.50000000 108.57845300 1.28146200 0.93725490 0.26666667 0.26666667
v 2.50000000 108.57845300 1.28146200 0.93725490 0.26666667 0.26666667
v 2.50000000 108.57845300 1.28146200 0.93725490 0.26666667 0.26666667
v 2.36716800 109.38251500 1.47322600 0.93725490 0.26666667 0.26666667
v 2.36716800 109.38251500 1.47322600 0.93725490 0.26666667 0.26666667
v 2.46459800 108.99768800 1.32527400 0.93725490 0.26666667 0.26666667
v 2.46459800 108.99768800 1.32527400 0.93725490 0.26666667 0.26666667
v 1.12600900 158.57846100 0.99101200 0.93725490 0.26666667 0.26666667
v 1.12600900 158.57846100 0.99101200 0.93725490 0.26666667 0.26666667
v 2.22032400 109.72744000 1.67110200 0.93725490 0.26666667 0.26666667
v 2.22032400 109.72744000 1.67110200 0.93725490 0.26666667 0.26666667
v 1.79370300 110.31990100 2.10253100 0.93725490 0.26666667 0.26666667
v 1.79370300 110.31990100 2.10253100 0.93725490 0.26666667 0.26666667
v 2.02850500 110.03968000 1.88697800 0.93725490 0.26666667 0.26666667
v 2.02850500 110.03968000 1.88697800 0.93725490 0.26666667 0.26666667
v 0.94233000 158.57846100 1.16705400 0.93725490 0.26666667 0.26666667
v 0.94233000 158.57846100 1.16705400 0.93725490 0.26666667 0.26666667
v 1.51407500 110.56782500 2.30418500 0.93725490 0.26666667 0.26666667
v 1.51407500 110.56782500 2.30418500 0.93725490 0.26666667 0.26666667
v 0.73154200 158.57846100 1.30952100 0.93725490 0.26666667 0.26666667
v 0.73154200 158.57846100 1.30952100 0.93725490 0.26666667 0.26666667
v 1.18985500 110.77714500 2.48116700 0.93725490 0.26666667 0.26666667
v 1.18985500 110.77714500 2.48116700 0.93725490 0.26666667 0.26666667
v 0.82347300 110.93894200 2.62102900 0.93725490 0.26666667 0.26666667
v 0.82347300 110.93894200 2.62102900 0.93725490 0.26666667 0.26666667
v 0.49971000 158.57846100 1.41431600 0.93725490 0.26666667 0.26666667
v 0.49971000 158.57846100 1.41431600 0.93725490 0.26666667 0.26666667
v 0.25350100 158.57846100 1.47842400 0.93725490 0.26666667 0.26666667
v 0.25350100 158.57846100 1.47842400 0.93725490 0.26666667 0.26666667
v 0.42266600 111.04246500 2.71198200 0.93725490 0.26666667 0.26666667
v 0.42266600 111.04246500 2.71198200 0.93725490 0.26666667 0.26666667
v 1.18970500 110.77728300 -2.48125600 0.93725490 0.26666667 0.26666667
v 1.18970500 110.77728300 -2.48125600 0.93725490 0.26666667 0.26666667
v 0.82361700 110.93895700 -2.62118900 0.93725490 0.26666667 0.26666667
v 0.82361700 110.93895700 -2.62118900 0.93725490 0.26666667 0.26666667
v 0.61785200 158.57846100 -1.36684300 0.93725490 0.26666667 0.26666667
v 0.61785200 158.57846100 -1.36684300 0.93725490 0.26666667 0.26666667
v 0.37796700 158.57846100 -1.45159900 0.93725490 0.26666667 0.26666667
v 0.37796700 158.57846100 -1.45159900 0.93725490 0.26666667 0.26666667
v 0.42203900 111.04258700 -2.71206000 0.93725490 0.26666667 0.26666667
v 0.42203900 111.04258700 -2.71206000 0.93725490 0.26666667 0.26666667
v 0.12720900 158.57846100 -1.49459600 0.93725490 0.26666667 0.26666667
v 0.12720900 158.57846100 -1.49459600 0.93725490 0.26666667 0.26666667
v 0.00087900 111.07844500 -2.74359800 0.93725490 0.26666667 0.26666667
v 0.00087900 111.07844500 -2.74359800 0.93725490 0.26666667 0.26666667
v -0.12720900 158.57846100 -1.49459600 0.93725490 0.26666667 0.26666667
v -0.12720900 158.57846100 -1.49459600 0.93725490 0.26666667 0.26666667
v -0.37796700 158.57846100 -1.45159900 0.93725490 0.26666667 0.26666667
v -0.37796700 158.57846100 -1.45159900 0.93725490 0.26666667 0.26666667
v -0.42159100 111.04260300 -2.71207700 0.93725490 0.26666667 0.26666667
v -0.42159100 111.04260300 -2.71207700 0.93725490 0.26666667 0.26666667
v -0.82278700 110.93910200 -2.62116100 0.93725490 0.26666667 0.26666667
v -0.82278700 110.93910200 -2.62116100 0.93725490 0.26666667 0.26666667
v -0.61785200 158.57846100 -1.36684300 0.93725490 0.26666667 0.26666667
v -0.61785200 158.57846100 -1.36684300 0.93725490 0.26666667 0.26666667
v -1.18924700 110.77742000 -2.48135600 0.93725490 0.26666667 0.26666667
v -1.18924700 110.77742000 -2.48135600 0.93725490 0.26666667 0.26666667
v -0.83996200 158.57846100 -1.24276400 0.93725490 0.26666667 0.26666667
v -0.83996200 158.57846100 -1.24276400 0.93725490 0.26666667 0.26666667
v -1.51361500 110.56810800 -2.30438400 0.93725490 0.26666667 0.26666667
v -1.51361500 110.56810800 -2.30438400 0.93725490 0.26666667 0.26666667
v -1.79332400 110.32027400 -2.10272900 0.93725490 0.26666667 0.26666667
v -1.79332400 110.32027400 -2.10272900 0.93725490 0.26666667 0.26666667
v -2.02828700 110.03999300 -1.88709600 0.93725490 0.26666667 0.26666667
v -2.02828700 110.03999300 -1.88709600 0.93725490 0.26666667 0.26666667
v -1.03790800 158.57846100 -1.08293400 0.93725490 0.26666667 0.26666667
v -1.03790800 158.57846100 -1.08293400 0.93725490 0.26666667 0.26666667
v -1.20599600 158.57846100 -0.89195000 0.93725490 0.26666667 0.26666667
v -1.20599600 158.57846100 -0.89195000 0.93725490 0.26666667 0.26666667
v -2.22018900 109.72776800 -1.67117400 0.93725490 0.26666667 0.26666667
v -2.22018900 109.72776800 -1.67117400 0.93725490 0.26666667 0.26666667
v -1.33938900 158.57846100 -0.67530600 0.93725490 0.26666667 0.26666667
v -1.33938900 158.57846100 -0.67530600 0.93725490 0.26666667 0.26666667
v -2.36715400 109.38269000 -1.47311200 0.93725490 0.26666667 0.26666667
v -2.36715400 109.38269000 -1.47311200 0.93725490 0.26666667 0.26666667
v -2.50000000 108.57845300 -1.28146200 0.93725490 0.26666667 0.26666667
v -2.50000000 108.57845300 -1.28146200 0.93725490 0.26666667 0.26666667
v -2.50000000 108.57845300 -1.28146200 0.93725490 0.26666667 0.26666667
v -2.46461700 108.99765000 -1.32521900 0.93725490 0.26666667 0.26666667
v -2.46461700 108.99765000 -1.32521900 0.93725490 0.26666667 0.26666667
v -2.67039200 108.57845300 -0.87244000 0.93725490 0.26666667 0.26666667
v -2.67039200 108.57845300 -0.87244000 0.93725490 0.26666667 0.26666667
v -1.43425000 158.57846100 -0.43923400 0.93725490 0.26666667 0.26666667
v -1.43425000 158.57846100 -0.43923400 0.93725490 0.26666667 0.26666667
v -2.77435300 108.57845300 -0.44171400 0.93725490 0.26666667 0.26666667
v -2.77435300 108.57845300 -0.44171400 0.93725490 0.26666667 0.26666667
v -1.48785100 158.57846100 -0.19052700 0.93725490 0.26666667 0.26666667
v -1.48785100 158.57846100 -0.19052700 0.93725490 0.26666667 0.26666667
v -1.49864800 158.57846100 0.06366200 0.93725490 0.26666667 0.26666667
v -1.49864800 158.57846100 0.06366200 0.93725490 0.26666667 0.26666667
v -2.80929600 108.57845300 0.00000000 0.93725490 0.26666667 0.26666667
v -2.80929600 108.57845300 0.00000000 0.93725490 0.26666667 0.26666667
v -2.77435300 108.57845300 0.44171400 0.93725490 0.26666667 0.26666667
v -2.77435300 108.57845300 0.44171400 0.93725490 0.26666667 0.26666667
v -1.46633300 158.57846100 0.31601900 0.93725490 0.26666667 0.26666667
v -1.46633300 158.57846100 0.31601900 0.93725490 0.26666667 0.26666667
v -2.67039200 108.57845300 0.87244000 0.93725490 0.26666667 0.26666667
v -2.67039200 108.57845300 0.87244000 0.93725490 0.26666667 0.26666667
v -1.39183400 158.57846100 0.55928500 0.93725490 0.26666667 0.26666667
v -1.39183400 158.57846100 0.55928500 0.93725490 0.26666667 0.26666667
v -2.50000000 108.57825500 1.28147300 0.93725490 0.26666667 0.26666667
v -2.50000000 108.57825500 1.28147300 0.93725490 0.26666667 0.26666667
v -2.50000000 108.57825500 1.28147300 0.93725490 0.26666667 0.26666667
v -2.46480000 108.99649800 1.32506700 0.93725490 0.26666667 0.26666667
v -2.46480000 108.99649800 1.32506700 0.93725490 0.26666667 0.26666667
v -1.27729400 158.57846100 0.78646100 0.93725490 0.26666667 0.26666667
v -1.27729400 158.57846100 0.78646100 0.93725490 0.26666667 0.26666667
v -2.22017200 109.72773000 1.67175600 0.93725490 0.26666667 0.26666667
v -2.22017200 109.72773000 1.67175600 0.93725490 0.26666667 0.26666667
v -2.36739900 109.38183600 1.47296600 0.93725490 0.26666667 0.26666667
v -2.36739900 109.38183600 1.47296600 0.93725490 0.26666667 0.26666667
v -2.02840400 110.03981800 1.88790100 0.93725490 0.26666667 0.26666667
v -2.02840400 110.03981800 1.88790100 0.93725490 0.26666667 0.26666667
v -1.12600900 158.57846100 0.99101200 0.93725490 0.26666667 0.26666667
v -1.12600900 158.57846100 0.99101200 0.93725490 0.26666667 0.26666667
v -0.94233000 158.57846100 1.16705400 0.93725490 0.26666667 0.26666667
v -0.94233000 158.57846100 1.16705400 0.93725490 0.26666667 0.26666667
v -1.79313600 110.32048800 2.10281500 0.93725490 0.26666667 0.26666667
v -1.79313600 110.32048800 2.10281500 0.93725490 0.26666667 0.26666667
v -0.73154200 158.57846100 1.30952100 0.93725490 0.26666667 0.26666667
v -0.73154200 158.57846100 1.30952100 0.93725490 0.26666667 0.26666667
v -1.51293800 110.56868700 2.30494100 0.93725490 0.26666667 0.26666667
v -1.51293800 110.56868700 2.30494100 0.93725490 0.26666667 0.26666667
v -1.18912700 110.77754200 2.48145700 0.93725490 0.26666667 0.26666667
v -1.18912700 110.77754200 2.48145700 0.93725490 0.26666667 0.26666667
v -0.49971000 158.57846100 1.41431600 0.93725490 0.26666667 0.26666667
v -0.49971000 158.57846100 1.41431600 0.93725490 0.26666667 0.26666667
v -0.82277800 110.93918600 2.62138700 0.93725490 0.26666667 0.26666667
v -0.82277800 110.93918600 2.62138700 0.93725490 0.26666667 0.26666667
v -0.25350100 158.57846100 1.47842400 0.93725490 0.26666667 0.26666667
v -0.25350100 158.57846100 1.47842400 0.93725490 0.26666667 0.26666667
v 2.50000000 108.57845300 0.00000000 0.93725490 0.26666667 0.26666667
v 2.50000000 108.57845300 0.00000000 0.93725490 0.26666667 0.26666667
v 2.50000000 108.57845300 0.00000000 0.93725490 0.26666667 0.26666667
v -2.50000000 108.57845300 0.00000000 0.93725490 0.26666667 0.26666667
v -2.50000000 108.57845300 0.00000000 0.93725490 0.26666667 0.26666667
v -2.50000000 108.57845300 0.00000000 0.93725490 0.26666667 0.26666667
v 1.73645100 110.37699100 36.50000000 0.93725490 0.26666667 0.26666667
v 1.73645100 110.37699100 36.50000000 0.93725490 0.26666667 0.26666667
v 1.98002600 110.10472100 36.50000000 0.93725490 0.26666667 0.26666667
v 1.98002600 110.10472100 36.50000000 0.93725490 0.26666667 0.26666667
v -2.50000000 108.57845300 36.50000000 0.93725490 0.26666667 0.26666667
v -2.50000000 108.57845300 36.50000000 0.93725490 0.26666667 0.26666667
v -2.48116200 108.27188900 0.30657200 0.93725490 0.26666667 0.26666667
v -2.48116200 108.27188900 0.30657200 0.93725490 0.26666667 0.26666667
v 2.18130100 109.79987300 36.50000000 0.93725490 0.26666667 0.26666667
v 2.18130100 109.79987300 36.50000000 0.93725490 0.26666667 0.26666667
v 2.33598100 109.46898700 36.50000000 0.93725490 0.26666667 0.26666667
v 2.33598100 109.46898700 36.50000000 0.93725490 0.26666667 0.26666667
v 2.44078000 109.11916400 36.50000000 0.93725490 0.26666667 0.26666667
v 2.44078000 109.11916400 36.50000000 0.93725490 0.26666667 0.26666667
v 2.49349400 108.75790400 36.50000000 0.93725490 0.26666667 0.26666667
v 2.49349400 108.75790400 36.50000000 0.93725490 0.26666667 0.26666667
v 2.49304700 108.39292900 36.50000000 0.93725490 0.26666667 0.26666667
v 2.49304700 108.39292900 36.50000000 0.93725490 0.26666667 0.26666667
v 2.43968700 108.03264600 36.50000000 0.93725490 0.26666667 0.26666667
v 2.43968700 108.03264600 36.50000000 0.93725490 0.26666667 0.26666667
v 2.48113300 108.27204100 0.30642300 0.93725490 0.26666667 0.26666667
v 2.48113300 108.27204100 0.30642300 0.93725490 0.26666667 0.26666667
v 2.42424200 107.96797200 0.61049300 0.93725490 0.26666667 0.26666667
v 2.42424200 107.96797200 0.61049300 0.93725490 0.26666667 0.26666667
v 2.33409600 107.68291500 36.50000000 0.93725490 0.26666667 0.26666667
v 2.33409600 107.68291500 36.50000000 0.93725490 0.26666667 0.26666667
v 2.19249700 107.37752500 1.20095600 0.93725490 0.26666667 0.26666667
v 2.19249700 107.37752500 1.20095600 0.93725490 0.26666667 0.26666667
v 2.32850800 107.66880000 0.90966500 0.93725490 0.26666667 0.26666667
v 2.32850800 107.66880000 0.90966500 0.93725490 0.26666667 0.26666667
v 2.17324100 107.34273500 36.50000000 0.93725490 0.26666667 0.26666667
v 2.17324100 107.34273500 36.50000000 0.93725490 0.26666667 0.26666667
v 2.01426200 107.09780900 1.48065500 0.93725490 0.26666667 0.26666667
v 2.01426200 107.09780900 1.48065500 0.93725490 0.26666667 0.26666667
v 1.79133000 106.83470200 1.74378800 0.93725490 0.26666667 0.26666667
v 1.79133000 106.83470200 1.74378800 0.93725490 0.26666667 0.26666667
v 1.96316100 107.03057900 36.50000000 0.93725490 0.26666667 0.26666667
v 1.96316100 107.03057900 36.50000000 0.93725490 0.26666667 0.26666667
v 1.70864500 106.75352500 36.50000000 0.93725490 0.26666667 0.26666667
v 1.70864500 106.75352500 36.50000000 0.93725490 0.26666667 0.26666667
v 1.52127000 106.59488700 1.98359000 0.93725490 0.26666667 0.26666667
v 1.52127000 106.59488700 1.98359000 0.93725490 0.26666667 0.26666667
v 1.41550000 106.51784500 36.50000000 0.93725490 0.26666667 0.26666667
v 1.41550000 106.51784500 36.50000000 0.93725490 0.26666667 0.26666667
v 1.20264000 106.38717700 2.19130400 0.93725490 0.26666667 0.26666667
v 1.20264000 106.38717700 2.19130400 0.93725490 0.26666667 0.26666667
v 0.83673000 106.22311400 2.35537600 0.93725490 0.26666667 0.26666667
v 0.83673000 106.22311400 2.35537600 0.93725490 0.26666667 0.26666667
v 1.09040800 106.32885700 36.50000000 0.93725490 0.26666667 0.26666667
v 1.09040800 106.32885700 36.50000000 0.93725490 0.26666667 0.26666667
v 0.74077000 106.19079600 36.50000000 0.93725490 0.26666667 0.26666667
v 0.74077000 106.19079600 36.50000000 0.93725490 0.26666667 0.26666667
v 0.43062400 106.11615000 2.46234700 0.93725490 0.26666667 0.26666667
v 0.43062400 106.11615000 2.46234700 0.93725490 0.26666667 0.26666667
v 0.37522400 106.10678100 36.50000000 0.93725490 0.26666667 0.26666667
v 0.37522400 106.10678100 36.50000000 0.93725490 0.26666667 0.26666667
v 0.00000000 106.07845300 2.50000000 0.93725490 0.26666667 0.26666667
v 0.00000000 106.07845300 2.50000000 0.93725490 0.26666667 0.26666667
v 0.00000000 106.07845300 36.50000000 0.93725490 0.26666667 0.26666667
v 0.00000000 106.07845300 36.50000000 0.93725490 0.26666667 0.26666667
v 1.45628400 110.61045800 36.50000000 0.93725490 0.26666667 0.26666667
v 1.45628400 110.61045800 36.50000000 0.93725490 0.26666667 0.26666667
v 1.14501000 110.80076600 36.50000000 0.93725490 0.26666667 0.26666667
v 1.14501000 110.80076600 36.50000000 0.93725490 0.26666667 0.26666667
v 0.45609500 111.03645300 36.50000000 0.93725490 0.26666667 0.26666667
v 0.45609500 111.03645300 36.50000000 0.93725490 0.26666667 0.26666667
v 0.80923200 110.94380200 36.50000000 0.93725490 0.26666667 0.26666667
v 0.80923200 110.94380200 36.50000000 0.93725490 0.26666667 0.26666667
v 0.09313600 111.07669100 36.50000000 0.93725490 0.26666667 0.26666667
v 0.09313600 111.07669100 36.50000000 0.93725490 0.26666667 0.26666667
v -0.27188200 111.06361400 36.50000000 0.93725490 0.26666667 0.26666667
v -0.27188200 111.06361400 36.50000000 0.93725490 0.26666667 0.26666667
v -0.63114400 110.99747500 36.50000000 0.93725490 0.26666667 0.26666667
v -0.63114400 110.99747500 36.50000000 0.93725490 0.26666667 0.26666667
v -0.97695200 110.87966900 36.50000000 0.93725490 0.26666667 0.26666667
v -0.97695200 110.87966900 36.50000000 0.93725490 0.26666667 0.26666667
v -1.30133400 110.71300500 36.50000000 0.93725490 0.26666667 0.26666667
v -1.30133400 110.71300500 36.50000000 0.93725490 0.26666667 0.26666667
v -1.59815000 110.50085400 36.50000000 0.93725490 0.26666667 0.26666667
v -1.59815000 110.50085400 36.50000000 0.93725490 0.26666667 0.26666667
v -1.86102900 110.24767300 36.50000000 0.93725490 0.26666667 0.26666667
v -1.86102900 110.24767300 36.50000000 0.93725490 0.26666667 0.26666667
v -2.08431300 109.95882400 36.50000000 0.93725490 0.26666667 0.26666667
v -2.08431300 109.95882400 36.50000000 0.93725490 0.26666667 0.26666667
v -2.26318900 109.64045000 36.50000000 0.93725490 0.26666667 0.26666667
v -2.26318900 109.64045000 36.50000000 0.93725490 0.26666667 0.26666667
v -2.39379400 109.29934700 36.50000000 0.93725490 0.26666667 0.26666667
v -2.39379400 109.29934700 36.50000000 0.93725490 0.26666667 0.26666667
v -2.47330400 108.94280200 36.50000000 0.93725490 0.26666667 0.26666667
v -2.47330400 108.94280200 36.50000000 0.93725490 0.26666667 0.26666667
v -2.19258200 107.37720500 1.20126600 0.93725490 0.26666667 0.26666667
v -2.19258200 107.37720500 1.20126600 0.93725490 0.26666667 0.26666667
v -2.27426600 107.54043600 36.50000000 0.93725490 0.26666667 0.26666667
v -2.27426600 107.54043600 36.50000000 0.93725490 0.26666667 0.26666667
v -2.32860700 107.66848800 0.90998900 0.93725490 0.26666667 0.26666667
v -2.32860700 107.66848800 0.90998900 0.93725490 0.26666667 0.26666667
v -2.47453100 108.22252700 36.50000000 0.93725490 0.26666667 0.26666667
v -2.47453100 108.22252700 36.50000000 0.93725490 0.26666667 0.26666667
v -2.42432400 107.96770500 0.61075100 0.93725490 0.26666667 0.26666667
v -2.42432400 107.96770500 0.61075100 0.93725490 0.26666667 0.26666667
v -2.39881400 107.87455000 36.50000000 0.93725490 0.26666667 0.26666667
v -2.39881400 107.87455000 36.50000000 0.93725490 0.26666667 0.26666667
v -1.63757000 106.68948400 36.50000000 0.93725490 0.26666667 0.26666667
v -1.63757000 106.68948400 36.50000000 0.93725490 0.26666667 0.26666667
v -1.88974800 106.94179500 36.50000000 0.93725490 0.26666667 0.26666667
v -1.88974800 106.94179500 36.50000000 0.93725490 0.26666667 0.26666667
v -1.79130000 106.83442700 1.74406400 0.93725490 0.26666667 0.26666667
v -1.79130000 106.83442700 1.74406400 0.93725490 0.26666667 0.26666667
v -2.10342500 107.22739400 36.50000000 0.93725490 0.26666667 0.26666667
v -2.10342500 107.22739400 36.50000000 0.93725490 0.26666667 0.26666667
v -2.01426100 107.09761800 1.48085100 0.93725490 0.26666667 0.26666667
v -2.01426100 107.09761800 1.48085100 0.93725490 0.26666667 0.26666667
v -1.03890200 106.30455800 36.50000000 0.93725490 0.26666667 0.26666667
v -1.03890200 106.30455800 36.50000000 0.93725490 0.26666667 0.26666667
v -0.83579500 106.22206100 2.35641500 0.93725490 0.26666667 0.26666667
v -0.83579500 106.22206100 2.35641500 0.93725490 0.26666667 0.26666667
v -0.70460200 106.17981000 36.50000000 0.93725490 0.26666667 0.26666667
v -0.70460200 106.17981000 36.50000000 0.93725490 0.26666667 0.26666667
v -1.52116400 106.59417000 1.98431000 0.93725490 0.26666667 0.26666667
v -1.52116400 106.59417000 1.98431000 0.93725490 0.26666667 0.26666667
v -1.20218300 106.38612400 2.19236400 0.93725490 0.26666667 0.26666667
v -1.20218300 106.38612400 2.19236400 0.93725490 0.26666667 0.26666667
v -1.35201800 106.47561600 36.50000000 0.93725490 0.26666667 0.26666667
v -1.35201800 106.47561600 36.50000000 0.93725490 0.26666667 0.26666667
v -0.35593100 106.10392800 36.50000000 0.93725490 0.26666667 0.26666667
v -0.35593100 106.10392800 36.50000000 0.93725490 0.26666667 0.26666667
v -0.42960500 106.11561600 2.46289700 0.93725490 0.26666667 0.26666667
v -0.42960500 106.11561600 2.46289700 0.93725490 0.26666667 0.26666667
v 0.00000000 98.57845300 -2.50000000 0.93725490 0.26666667 0.26666667
v 0.00000000 98.57845300 -2.50000000 0.93725490 0.26666667 0.26666667
v 2.42350100 98.57845300 0.61371400 0.93725490 0.26666667 0.26666667
v 2.42350100 98.57845300 0.61371400 0.93725490 0.26666667 0.26666667
v 2.28943300 98.57845300 1.00423900 0.93725490 0.26666667 0.26666667
v 2.28943300 98.57845300 1.00423900 0.93725490 0.26666667 0.26666667
v 2.28943300 98.57845300 -1.00423900 0.93725490 0.26666667 0.26666667
v 2.28943300 98.57845300 -1.00423900 0.93725490 0.26666667 0.26666667
v 1.53553200 98.57845300 -1.97285100 0.93725490 0.26666667 0.26666667
v 1.53553200 98.57845300 -1.97285100 0.93725490 0.26666667 0.26666667
v 1.83931000 98.57845300 -1.69320400 0.93725490 0.26666667 0.26666667
v 1.83931000 98.57845300 -1.69320400 0.93725490 0.26666667 0.26666667
v 2.09291600 98.57845300 -1.36737000 0.93725490 0.26666667 0.26666667
v 2.09291600 98.57845300 -1.36737000 0.93725490 0.26666667 0.26666667
v 2.42350100 98.57845300 -0.61371400 0.93725490 0.26666667 0.26666667
v 2.42350100 98.57845300 -0.61371400 0.93725490 0.26666667 0.26666667
v 1.18986800 98.57845300 -2.19868400 0.93725490 0.26666667 0.26666667
v 1.18986800 98.57845300 -2.19868400 0.93725490 0.26666667 0.26666667
v 0.81174900 98.57845300 -2.36454300 0.93725490 0.26666667 0.26666667
v 0.81174900 98.57845300 -2.36454300 0.93725490 0.26666667 0.26666667
v 2.49146100 98.57845300 -0.20644800 0.93725490 0.26666667 0.26666667
v 2.49146100 98.57845300 -0.20644800 0.93725490 0.26666667 0.26666667
v 2.49146100 98.57845300 0.20644800 0.93725490 0.26666667 0.26666667
v 2.49146100 98.57845300 0.20644800 0.93725490 0.26666667 0.26666667
v 0.41148600 98.57845300 -2.46590300 0.93725490 0.26666667 0.26666667
v 0.41148600 98.57845300 -2.46590300 0.93725490 0.26666667 0.26666667
v -1.18986800 98.57845300 -2.19868400 0.93725490 0.26666667 0.26666667
v -1.18986800 98.57845300 -2.19868400 0.93725490 0.26666667 0.26666667
v -0.81174900 98.57845300 -2.36454300 0.93725490 0.26666667 0.26666667
v -0.81174900 98.57845300 -2.36454300 0.93725490 0.26666667 0.26666667
v 1.83931000 98.57845300 1.69320400 0.93725490 0.26666667 0.26666667
v 1.83931000 98.57845300 1.69320400 0.93725490 0.26666667 0.26666667
v 2.09291600 98.57845300 1.36737000 0.93725490 0.26666667 0.26666667
v 2.09291600 98.57845300 1.36737000 0.93725490 0.26666667 0.26666667
v -0.41148600 98.57845300 -2.46590300 0.93725490 0.26666667 0.26666667
v -0.41148600 98.57845300 -2.46590300 0.93725490 0.26666667 0.26666667
v 1.53553200 98.57845300 1.97285100 0.93725490 0.26666667 0.26666667
v 1.53553200 98.57845300 1.97285100 0.93725490 0.26666667 0.26666667
v 1.18986800 98.57845300 2.19868400 0.93725490 0.26666667 0.26666667
v 1.18986800 98.57845300 2.19868400 0.93725490 0.26666667 0.26666667
v -1.53553200 98.57845300 -1.97285100 0.93725490 0.26666667 0.26666667
v -1.53553200 98.57845300 -1.97285100 0.93725490 0.26666667 0.26666667
v -2.28943300 98.57845300 -1.00423900 0.93725490 0.26666667 0.26666667
v -2.28943300 98.57845300 -1.00423900 0.93725490 0.26666667 0.26666667
v 0.41148600 98.57845300 2.46590300 0.93725490 0.26666667 0.26666667
v 0.41148600 98.57845300 2.46590300 0.93725490 0.26666667 0.26666667
v -0.00000000 98.57845300 2.50000000 0.93725490 0.26666667 0.26666667
v -0.00000000 98.57845300 2.50000000 0.93725490 0.26666667 0.26666667
v -1.83931000 98.57845300 -1.69320400 0.93725490 0.26666667 0.26666667
v -1.83931000 98.57845300 -1.69320400 0.93725490 0.26666667 0.26666667
v 0.81174900 98.57845300 2.36454300 0.93725490 0.26666667 0.26666667
v 0.81174900 98.57845300 2.36454300 0.93725490 0.26666667 0.26666667
v -2.09291600 98.57845300 -1.36737000 0.93725490 0.26666667 0.26666667
v -2.09291600 98.57845300 -1.36737000 0.93725490 0.26666667 0.26666667
v -0.81174900 98.57845300 2.36454300 0.93725490 0.26666667 0.26666667
v -0.81174900 98.57845300 2.36454300 0.93725490 0.26666667 0.26666667
v -1.18986800 98.57845300 2.19868400 0.93725490 0.26666667 0.26666667
v -1.18986800 98.57845300 2.19868400 0.93725490 0.26666667 0.26666667
v -2.49146100 98.57845300 0.20644800 0.93725490 0.26666667 0.26666667
v -2.49146100 98.57845300 0.20644800 0.93725490 0.26666667 0.26666667
v -0.41148600 98.57845300 2.46590300 0.93725490 0.26666667 0.26666667
v -0.41148600 98.57845300 2.46590300 0.93725490 0.26666667 0.26666667
v -2.49146100 98.57845300 -0.20644800 0.93725490 0.26666667 0.26666667
v -2.49146100 98.57845300 -0.20644800 0.93725490 0.26666667 0.26666667
v -2.42350100 98.57845300 -0.61371400 0.93725490 0.26666667 0.26666667
v -2.42350100 98.57845300 -0.61371400 0.93725490 0.26666667 0.26666667
v -1.83931000 98.57845300 1.69320400 0.93725490 0.26666667 0.26666667
v -1.83931000 98.57845300 1.69320400 0.93725490 0.26666667 0.26666667
v -2.09291600 98.57845300 1.36737000 0.93725490 0.26666667 0.26666667
v -2.09291600 98.57845300 1.36737000 0.93725490 0.26666667 0.26666667
v -2.28943300 98.57845300 1.00423900 0.93725490 0.26666667 0.26666667
v -2.28943300 98.57845300 1.00423900 0.93725490 0.26666667 0.26666667
v -2.42350100 98.57845300 0.61371400 0.93725490 0.26666667 0.26666667
v -2.42350100 98.57845300 0.61371400 0.93725490 0.26666667 0.26666667
v -1.53553200 98.57845300 1.97285100 0.93725490 0.26666667 0.26666667
v -1.53553200 98.57845300 1.97285100 0.93725490 0.26666667 0.26666667
v -0.00000000 106.07845300 -2.50000000 0.93725490 0.26666667 0.26666667
v -0.00000000 106.07845300 -2.50000000 0.93725490 0.26666667 0.26666667
v 0.43062400 106.11611200 -2.46230700 0.93725490 0.26666667 0.26666667
v 0.43062400 106.11611200 -2.46230700 0.93725490 0.26666667 0.26666667
v -2.48116200 108.27188100 -0.30656500 0.93725490 0.26666667 0.26666667
v -2.48116200 108.27188100 -0.30656500 0.93725490 0.26666667 0.26666667
v -2.42432400 107.96770500 -0.61074800 0.93725490 0.26666667 0.26666667
v -2.42432400 107.96770500 -0.61074800 0.93725490 0.26666667 0.26666667
v -2.32860700 107.66846500 -0.90997100 0.93725490 0.26666667 0.26666667
v -2.32860700 107.66846500 -0.90997100 0.93725490 0.26666667 0.26666667
v -2.19258200 107.37719000 -1.20125300 0.93725490 0.26666667 0.26666667
v -2.19258200 107.37719000 -1.20125300 0.93725490 0.26666667 0.26666667
v -2.01426100 107.09760300 -1.48083600 0.93725490 0.26666667 0.26666667
v -2.01426100 107.09760300 -1.48083600 0.93725490 0.26666667 0.26666667
v -1.79130000 106.83438900 -1.74403200 0.93725490 0.26666667 0.26666667
v -1.79130000 106.83438900 -1.74403200 0.93725490 0.26666667 0.26666667
v -1.52116400 106.59414700 -1.98428700 0.93725490 0.26666667 0.26666667
v -1.52116400 106.59414700 -1.98428700 0.93725490 0.26666667 0.26666667
v -1.20218300 106.38609300 -2.19233200 0.93725490 0.26666667 0.26666667
v -1.20218300 106.38609300 -2.19233200 0.93725490 0.26666667 0.26666667
v -0.83579500 106.22203800 -2.35639400 0.93725490 0.26666667 0.26666667
v -0.83579500 106.22203800 -2.35639400 0.93725490 0.26666667 0.26666667
v -0.42960500 106.11556200 -2.46283800 0.93725490 0.26666667 0.26666667
v -0.42960500 106.11556200 -2.46283800 0.93725490 0.26666667 0.26666667
v 0.83673000 106.22308300 -2.35533900 0.93725490 0.26666667 0.26666667
v 0.83673000 106.22308300 -2.35533900 0.93725490 0.26666667 0.26666667
v 1.79133000 106.83467100 -1.74375200 0.93725490 0.26666667 0.26666667
v 1.79133000 106.83467100 -1.74375200 0.93725490 0.26666667 0.26666667
v 2.01426200 107.09780100 -1.48064600 0.93725490 0.26666667 0.26666667
v 2.01426200 107.09780100 -1.48064600 0.93725490 0.26666667 0.26666667
v 1.52127000 106.59486400 -1.98356600 0.93725490 0.26666667 0.26666667
v 1.52127000 106.59486400 -1.98356600 0.93725490 0.26666667 0.26666667
v 2.32850800 107.66879300 -0.90965500 0.93725490 0.26666667 0.26666667
v 2.32850800 107.66879300 -0.90965500 0.93725490 0.26666667 0.26666667
v 2.42424200 107.96796400 -0.61048600 0.93725490 0.26666667 0.26666667
v 2.42424200 107.96796400 -0.61048600 0.93725490 0.26666667 0.26666667
v 2.19249700 107.37750200 -1.20093400 0.93725490 0.26666667 0.26666667
v 2.19249700 107.37750200 -1.20093400 0.93725490 0.26666667 0.26666667
v 2.48113300 108.27203400 -0.30641400 0.93725490 0.26666667 0.26666667
v 2.48113300 108.27203400 -0.30641400 0.93725490 0.26666667 0.26666667
v 1.20264000 106.38715400 -2.19128100 0.93725490 0.26666667 0.26666667
v 1.20264000 106.38715400 -2.19128100 0.93725490 0.26666667 0.26666667
v -1.76776700 106.81069200 -36.50000000 0.93725490 0.26666667 0.26666667
v -1.76776700 106.81069200 -36.50000000 0.93725490 0.26666667 0.26666667
v -2.47332300 108.94265000 -36.50000000 0.93725490 0.26666667 0.26666667
v -2.47332300 108.94265000 -36.50000000 0.93725490 0.26666667 0.26666667
v -1.46946300 106.55591600 -36.50000000 0.93725490 0.26666667 0.26666667
v -1.46946300 106.55591600 -36.50000000 0.93725490 0.26666667 0.26666667
v -1.13497600 106.35093700 -36.50000000 0.93725490 0.26666667 0.26666667
v -1.13497600 106.35093700 -36.50000000 0.93725490 0.26666667 0.26666667
v -0.77254200 106.20081300 -36.50000000 0.93725490 0.26666667 0.26666667
v -0.77254200 106.20081300 -36.50000000 0.93725490 0.26666667 0.26666667
v -0.39108600 106.10923800 -36.50000000 0.93725490 0.26666667 0.26666667
v -0.39108600 106.10923800 -36.50000000 0.93725490 0.26666667 0.26666667
v 0.00000000 106.07845300 -36.50000000 0.93725490 0.26666667 0.26666667
v 0.00000000 106.07845300 -36.50000000 0.93725490 0.26666667 0.26666667
v -2.02254200 107.10899400 -36.50000000 0.93725490 0.26666667 0.26666667
v -2.02254200 107.10899400 -36.50000000 0.93725490 0.26666667 0.26666667
v -2.22751600 107.44348100 -36.50000000 0.93725490 0.26666667 0.26666667
v -2.22751600 107.44348100 -36.50000000 0.93725490 0.26666667 0.26666667
v -2.37764100 107.80591600 -36.50000000 0.93725490 0.26666667 0.26666667
v -2.37764100 107.80591600 -36.50000000 0.93725490 0.26666667 0.26666667
v -2.46922100 108.18737000 -36.50000000 0.93725490 0.26666667 0.26666667
v -2.46922100 108.18737000 -36.50000000 0.93725490 0.26666667 0.26666667
v -2.50000000 108.57845300 -36.50000000 0.93725490 0.26666667 0.26666667
v -2.50000000 108.57845300 -36.50000000 0.93725490 0.26666667 0.26666667
v -2.08565400 109.95681800 -36.50000000 0.93725490 0.26666667 0.26666667
v -2.08565400 109.95681800 -36.50000000 0.93725490 0.26666667 0.26666667
v -2.26409600 109.63845100 -36.50000000 0.93725490 0.26666667 0.26666667
v -2.26409600 109.63845100 -36.50000000 0.93725490 0.26666667 0.26666667
v -2.39424100 109.29766100 -36.50000000 0.93725490 0.26666667 0.26666667
v -2.39424100 109.29766100 -36.50000000 0.93725490 0.26666667 0.26666667
v -1.30348500 110.71169300 -36.50000000 0.93725490 0.26666667 0.26666667
v -1.30348500 110.71169300 -36.50000000 0.93725490 0.26666667 0.26666667
v -1.86267600 110.24590300 -36.50000000 0.93725490 0.26666667 0.26666667
v -1.86267600 110.24590300 -36.50000000 0.93725490 0.26666667 0.26666667
v -1.59991000 110.49946600 -36.50000000 0.93725490 0.26666667 0.26666667
v -1.59991000 110.49946600 -36.50000000 0.93725490 0.26666667 0.26666667
v -0.27555000 111.06318700 -36.50000000 0.93725490 0.26666667 0.26666667
v -0.27555000 111.06318700 -36.50000000 0.93725490 0.26666667 0.26666667
v -0.63433300 110.99657400 -36.50000000 0.93725490 0.26666667 0.26666667
v -0.63433300 110.99657400 -36.50000000 0.93725490 0.26666667 0.26666667
v -0.97942600 110.87854000 -36.50000000 0.93725490 0.26666667 0.26666667
v -0.97942600 110.87854000 -36.50000000 0.93725490 0.26666667 0.26666667
v 1.14077500 110.80293300 -36.50000000 0.93725490 0.26666667 0.26666667
v 1.14077500 110.80293300 -36.50000000 0.93725490 0.26666667 0.26666667
v 0.80528600 110.94518300 -36.50000000 0.93725490 0.26666667 0.26666667
v 0.80528600 110.94518300 -36.50000000 0.93725490 0.26666667 0.26666667
v 0.45223000 111.03720900 -36.50000000 0.93725490 0.26666667 0.26666667
v 0.45223000 111.03720900 -36.50000000 0.93725490 0.26666667 0.26666667
v 0.08924700 111.07684300 -36.50000000 0.93725490 0.26666667 0.26666667
v 0.08924700 111.07684300 -36.50000000 0.93725490 0.26666667 0.26666667
v 1.97690000 110.10873400 -36.50000000 0.93725490 0.26666667 0.26666667
v 1.97690000 110.10873400 -36.50000000 0.93725490 0.26666667 0.26666667
v 1.45224500 110.61331200 -36.50000000 0.93725490 0.26666667 0.26666667
v 1.45224500 110.61331200 -36.50000000 0.93725490 0.26666667 0.26666667
v 1.73297800 110.38027200 -36.50000000 0.93725490 0.26666667 0.26666667
v 1.73297800 110.38027200 -36.50000000 0.93725490 0.26666667 0.26666667
v 2.49409400 108.74957300 -36.50000000 0.93725490 0.26666667 0.26666667
v 2.49409400 108.74957300 -36.50000000 0.93725490 0.26666667 0.26666667
v 2.44121100 109.11742400 -36.50000000 0.93725490 0.26666667 0.26666667
v 2.44121100 109.11742400 -36.50000000 0.93725490 0.26666667 0.26666667
v 2.33409600 109.47399900 -36.50000000 0.93725490 0.26666667 0.26666667
v 2.33409600 109.47399900 -36.50000000 0.93725490 0.26666667 0.26666667
v 2.32306400 107.65480800 -36.50000000 0.93725490 0.26666667 0.26666667
v 2.32306400 107.65480800 -36.50000000 0.93725490 0.26666667 0.26666667
v 2.49186100 108.37752500 -36.50000000 0.93725490 0.26666667 0.26666667
v 2.49186100 108.37752500 -36.50000000 0.93725490 0.26666667 0.26666667
v 2.43443400 108.00988800 -36.50000000 0.93725490 0.26666667 0.26666667
v 2.43443400 108.00988800 -36.50000000 0.93725490 0.26666667 0.26666667
v 2.16020000 107.32016000 -36.50000000 0.93725490 0.26666667 0.26666667
v 2.16020000 107.32016000 -36.50000000 0.93725490 0.26666667 0.26666667
v 1.94943800 107.01336700 -36.50000000 0.93725490 0.26666667 0.26666667
v 1.94943800 107.01336700 -36.50000000 0.93725490 0.26666667 0.26666667
v 1.69544100 106.74124100 -36.50000000 0.93725490 0.26666667 0.26666667
v 1.69544100 106.74124100 -36.50000000 0.93725490 0.26666667 0.26666667
v 1.40383200 106.50984200 -36.50000000 0.93725490 0.26666667 0.26666667
v 1.40383200 106.50984200 -36.50000000 0.93725490 0.26666667 0.26666667
v 1.08107500 106.32430300 -36.50000000 0.93725490 0.26666667 0.26666667
v 1.08107500 106.32430300 -36.50000000 0.93725490 0.26666667 0.26666667
v 0.73432900 106.18874400 -36.50000000 0.93725490 0.26666667 0.26666667
v 0.73432900 106.18874400 -36.50000000 0.93725490 0.26666667 0.26666667
v 0.37128500 106.10617800 -36.50000000 0.93725490 0.26666667 0.26666667
v 0.37128500 106.10617800 -36.50000000 0.93725490 0.26666667 0.26666667
v 2.17872900 109.80446600 -36.50000000 0.93725490 0.26666667 0.26666667
v 2.17872900 109.80446600 -36.50000000 0.93725490 0.26666667 0.26666667
v 2.37495300 109.28600300 -36.83011200 0.93725490 0.26666667 0.26666667
v 2.36033700 109.08148200 -37.15251500 0.93725490 0.26666667 0.26666667
v 2.20882600 109.48494000 -37.24119900 0.93725490 0.26666667 0.26666667
v -2.20521700 108.64886500 -37.67561000 0.93725490 0.26666667 0.26666667
v -2.06309500 108.98055300 -37.85349700 0.93725490 0.26666667 0.26666667
v -1.99992400 108.57845300 -38.00010300 0.93725490 0.26666667 0.26666667
v -1.99992400 108.57845300 -38.00010300 0.93725490 0.26666667 0.26666667
v -1.99992400 108.57845300 -38.00010300 0.93725490 0.26666667 0.26666667
v 1.82411400 107.01812000 -37.19854000 0.93725490 0.26666667 0.26666667
v 1.43790700 106.77027100 -37.45545200 0.93725490 0.26666667 0.26666667
v 1.60240400 106.97870600 -37.55977200 0.93725490 0.26666667 0.26666667
v 1.33423800 106.98568000 -37.89027800 0.93725490 0.26666667 0.26666667
v 1.72536000 107.20661200 -37.67948200 0.93725490 0.26666667 0.26666667
v 2.04178700 108.96461500 -37.88996100 0.93725490 0.26666667 0.26666667
v 2.29058800 108.86521100 -37.45967900 0.93725490 0.26666667 0.26666667
v 2.16733600 108.64224200 -37.74442300 0.93725490 0.26666667 0.26666667
v 1.68760400 108.91938000 -38.31266800 0.93725490 0.26666667 0.26666667
v 1.84034900 109.22800400 -38.06243500 0.93725490 0.26666667 0.26666667
v 1.86781300 108.68374600 -38.15837100 0.93725490 0.26666667 0.26666667
v 1.20281200 106.81914500 -37.80693100 0.93725490 0.26666667 0.26666667
v 0.62938100 106.68019100 -38.00010300 0.93725490 0.26666667 0.26666667
v 0.62938100 106.68019100 -38.00010300 0.93725490 0.26666667 0.26666667
v 0.85636100 106.55130800 -37.68629800 0.93725490 0.26666667 0.26666667
v 0.65130300 106.45770300 -37.65248500 0.93725490 0.26666667 0.26666667
v 2.15656700 109.23428300 -37.58125300 0.93725490 0.26666667 0.26666667
v 1.99992400 108.57845300 -38.00010300 0.93725490 0.26666667 0.26666667
v 1.99992400 108.57845300 -38.00010300 0.93725490 0.26666667 0.26666667
v 1.99992400 108.57845300 -38.00010300 0.93725490 0.26666667 0.26666667
v 1.39537300 106.55935700 -36.97555900 0.93725490 0.26666667 0.26666667
v 1.23660000 106.58728800 -37.36952600 0.93725490 0.26666667 0.26666667
v 1.63131400 106.77381900 -37.07627100 0.93725490 0.26666667 0.26666667
v 0.43270200 106.39484400 -37.63781000 0.93725490 0.26666667 0.26666667
v 0.45625500 106.63128700 -38.00010300 0.93725490 0.26666667 0.26666667
v 0.45625500 106.63128700 -38.00010300 0.93725490 0.26666667 0.26666667
v 2.19704700 109.70932000 -36.87965800 0.93725490 0.26666667 0.26666667
v 1.85930800 108.57845300 -38.17115400 0.93725490 0.26666667 0.26666667
v 1.85930800 108.57845300 -38.17115400 0.93725490 0.26666667 0.26666667
v -0.01976400 106.36763800 -37.66700400 0.93725490 0.26666667 0.26666667
v 0.10020000 106.58107000 -38.00010300 0.93725490 0.26666667 0.26666667
v 0.10020000 106.58107000 -38.00010300 0.93725490 0.26666667 0.26666667
v 0.20684700 106.36453200 -37.64269600 0.93725490 0.26666667 0.26666667
v 1.12307600 106.38089800 -36.89930700 0.93725490 0.26666667 0.26666667
v 1.00427600 106.43503600 -37.30446200 0.93725490 0.26666667 0.26666667
v 1.99344100 108.41778600 -38.00010300 0.93725490 0.26666667 0.26666667
v 1.99344100 108.41778600 -38.00010300 0.93725490 0.26666667 0.26666667
v 1.29398900 108.77470400 -38.63004300 0.93725490 0.26666667 0.26666667
v 1.35766300 108.57845300 -38.59922400 0.93725490 0.26666667 0.26666667
v 1.35766300 108.57845300 -38.59922400 0.93725490 0.26666667 0.26666667
v 1.16771100 108.57845300 -38.71046400 0.93725490 0.26666667 0.26666667
v 1.16771100 108.57845300 -38.71046400 0.93725490 0.26666667 0.26666667
v 1.77742800 106.82968100 -36.68038600 0.93725490 0.26666667 0.26666667
v 1.99294100 107.10276800 -36.81705900 0.93725490 0.26666667 0.26666667
v 1.37079200 110.24391900 -37.76378600 0.93725490 0.26666667 0.26666667
v 1.70084500 110.03579700 -37.61052700 0.93725490 0.26666667 0.26666667
v 1.66905500 109.76294700 -37.93569900 0.93725490 0.26666667 0.26666667
v 1.34954200 110.47687500 -37.40815000 0.93725490 0.26666667 0.26666667
v 2.15402900 107.40135200 -36.97389600 0.93725490 0.26666667 0.26666667
v -0.24061300 106.40407600 -37.71003000 0.93725490 0.26666667 0.26666667
v -0.08015600 106.58015400 -38.00010300 0.93725490 0.26666667 0.26666667
v -0.08015600 106.58015400 -38.00010300 0.93725490 0.26666667 0.26666667
v 0.90540000 109.41261300 -38.67587700 0.93725490 0.26666667 0.26666667
v 0.61250900 109.86586800 -38.55363100 0.93725490 0.26666667 0.26666667
v 0.96599700 109.77934300 -38.46843000 0.93725490 0.26666667 0.26666667
v 0.52927300 110.90496800 -37.24647500 0.93725490 0.26666667 0.26666667
v 0.97681400 110.63343800 -37.53579700 0.93725490 0.26666667 0.26666667
v 0.57586400 110.73158300 -37.63243900 0.93725490 0.26666667 0.26666667
v 2.38720900 107.89118200 -36.78087600 0.93725490 0.26666667 0.26666667
v 2.25605900 107.71684300 -37.14638900 0.93725490 0.26666667 0.26666667
v 2.43030400 108.23921200 -36.97805400 0.93725490 0.26666667 0.26666667
v 0.24430900 109.89840700 -38.60903500 0.93725490 0.26666667 0.26666667
v 0.58916700 109.49002100 -38.75209400 0.93725490 0.26666667 0.26666667
v -1.29394900 109.80356600 -38.25351300 0.93725490 0.26666667 0.26666667
v -0.84235200 109.67060900 -38.58510200 0.93725490 0.26666667 0.26666667
v -1.16382500 109.49348400 -38.51450300 0.93725490 0.26666667 0.26666667
v 2.29609500 108.04016900 -37.32957500 0.93725490 0.26666667 0.26666667
v 2.05950200 107.56747400 -37.49316400 0.93725490 0.26666667 0.26666667
v 1.96822500 107.28523300 -37.33884800 0.93725490 0.26666667 0.26666667
v -0.49373700 109.79935500 -38.62500400 0.93725490 0.26666667 0.26666667
v -0.57266800 110.13279700 -38.37245200 0.93725490 0.26666667 0.26666667
v -0.12801000 109.87602200 -38.63305700 0.93725490 0.26666667 0.26666667
v 2.40542900 108.58566300 -37.18107200 0.93725490 0.26666667 0.26666667
v 2.46813600 108.80909000 -36.82421900 0.93725490 0.26666667 0.26666667
v 2.27298600 108.36203000 -37.51818100 0.93725490 0.26666667 0.26666667
v 2.09531900 107.85672800 -37.65704300 0.93725490 0.26666667 0.26666667
v 2.07464500 108.14466900 -37.82577100 0.93725490 0.26666667 0.26666667
v -0.48616700 106.16491700 -36.93412000 0.93725490 0.26666667 0.26666667
v -0.16218600 106.11146500 -36.87099800 0.93725490 0.26666667 0.26666667
v -0.63995700 106.57181500 -37.84679400 0.93725490 0.26666667 0.26666667
v -0.43687000 106.62683100 -38.00010300 0.93725490 0.26666667 0.26666667
v -0.43687000 106.62683100 -38.00010300 0.93725490 0.26666667 0.26666667
v -0.44934500 106.47279400 -37.77054200 0.93725490 0.26666667 0.26666667
v -0.79237500 106.26572400 -37.02288800 0.93725490 0.26666667 0.26666667
v -1.52031800 106.81701700 -37.41431400 0.93725490 0.26666667 0.26666667
v -1.25107600 106.80712900 -37.74387000 0.93725490 0.26666667 0.26666667
v -1.31699700 106.59653500 -37.26649100 0.93725490 0.26666667 0.26666667
v -0.77933400 106.73661800 -38.00010300 0.93725490 0.26666667 0.26666667
v -0.77933400 106.73661800 -38.00010300 0.93725490 0.26666667 0.26666667
v -1.07760100 106.61901100 -37.61774400 0.93725490 0.26666667 0.26666667
v -0.61004800 106.67389700 -38.00010300 0.93725490 0.26666667 0.26666667
v -0.61004800 106.67389700 -38.00010300 0.93725490 0.26666667 0.26666667
v -1.91963500 107.15640300 -37.23672100 0.93725490 0.26666667 0.26666667
v -1.67611500 107.06610100 -37.57397500 0.93725490 0.26666667 0.26666667
v -1.74548500 106.87797500 -37.05825000 0.93725490 0.26666667 0.26666667
v -1.38400200 107.01964600 -37.88009300 0.93725490 0.26666667 0.26666667
v -1.24212500 107.01110100 -38.00010300 0.93725490 0.26666667 0.26666667
v -1.24212500 107.01110100 -38.00010300 0.93725490 0.26666667 0.26666667
v -1.09652900 106.90593000 -38.00010300 0.93725490 0.26666667 0.26666667
v -1.09652900 106.90593000 -38.00010300 0.93725490 0.26666667 0.26666667
v -0.94129500 106.81395700 -38.00010300 0.93725490 0.26666667 0.26666667
v -0.94129500 106.81395700 -38.00010300 0.93725490 0.26666667 0.26666667
v -1.37828200 107.12930300 -38.00010300 0.93725490 0.26666667 0.26666667
v -1.37828200 107.12930300 -38.00010300 0.93725490 0.26666667 0.26666667
v -1.87147500 107.87338300 -38.00010300 0.93725490 0.26666667 0.26666667
v -1.87147500 107.87338300 -38.00010300 0.93725490 0.26666667 0.26666667
v -1.80046800 107.70784800 -38.00010300 0.93725490 0.26666667 0.26666667
v -1.80046800 107.70784800 -38.00010300 0.93725490 0.26666667 0.26666667
v -1.82870300 107.62078100 -37.91021300 0.93725490 0.26666667 0.26666667
v -2.03565200 107.45877800 -37.42328300 0.93725490 0.26666667 0.26666667
v -1.77990500 107.33661700 -37.74087500 0.93725490 0.26666667 0.26666667
v 1.04197700 106.67295100 -37.73828100 0.93725490 0.26666667 0.26666667
v 0.95925000 106.82364700 -38.00010300 0.93725490 0.26666667 0.26666667
v 0.95925000 106.82364700 -38.00010300 0.93725490 0.26666667 0.26666667
v 1.11306200 106.91689300 -38.00010300 0.93725490 0.26666667 0.26666667
v 1.11306200 106.91689300 -38.00010300 0.93725490 0.26666667 0.26666667
v 0.82225900 106.24359100 -36.84970100 0.93725490 0.26666667 0.26666667
v 0.74761800 106.31787900 -37.26214200 0.93725490 0.26666667 0.26666667
v 0.79755100 106.74445300 -38.00010300 0.93725490 0.26666667 0.26666667
v 0.79755100 106.74445300 -38.00010300 0.93725490 0.26666667 0.26666667
v 0.50157500 106.15137500 -36.82817500 0.93725490 0.26666667 0.26666667
v 0.47401000 106.23920400 -37.24377400 0.93725490 0.26666667 0.26666667
v 0.17025000 106.10690300 -36.83534200 0.93725490 0.26666667 0.26666667
v 0.19132200 106.20126300 -37.24988900 0.93725490 0.26666667 0.26666667
v 0.27913600 106.59813700 -38.00010300 0.93725490 0.26666667 0.26666667
v 0.27913600 106.59813700 -38.00010300 0.93725490 0.26666667 0.26666667
v -0.09231300 106.20514700 -37.28031200 0.93725490 0.26666667 0.26666667
v -0.25910500 106.59542800 -38.00010300 0.93725490 0.26666667 0.26666667
v -0.25910500 106.59542800 -38.00010300 0.93725490 0.26666667 0.26666667
v -1.07200000 106.41098800 -37.13475000 0.93725490 0.26666667 0.26666667
v -1.50279600 107.25894900 -38.00010300 0.93725490 0.26666667 0.26666667
v -1.50279600 107.25894900 -38.00010300 0.93725490 0.26666667 0.26666667
v -2.09019900 107.77642100 -37.61256800 0.93725490 0.26666667 0.26666667
v -1.61548400 107.39952100 -38.00010300 0.93725490 0.26666667 0.26666667
v -1.61548400 107.39952100 -38.00010300 0.93725490 0.26666667 0.26666667
v -1.71486900 107.54950700 -38.00010300 0.93725490 0.26666667 0.26666667
v -1.71486900 107.54950700 -38.00010300 0.93725490 0.26666667 0.26666667
v -2.23238300 107.61341100 -37.07892200 0.93725490 0.26666667 0.26666667
v -2.08170400 108.10018200 -37.79913700 0.93725490 0.26666667 0.26666667
v -2.28195400 108.30381000 -37.48349400 0.93725490 0.26666667 0.26666667
v -2.41604500 108.51540400 -37.13933600 0.93725490 0.26666667 0.26666667
v -2.33608700 108.87494700 -37.33952000 0.93725490 0.26666667 0.26666667
v -1.96753500 108.22010000 -38.00010300 0.93725490 0.26666667 0.26666667
v -1.96753500 108.22010000 -38.00010300 0.93725490 0.26666667 0.26666667
v -1.92725400 108.04431900 -38.00010300 0.93725490 0.26666667 0.26666667
v -1.92725400 108.04431900 -38.00010300 0.93725490 0.26666667 0.26666667
v -2.18799900 109.22055800 -37.52487600 0.93725490 0.26666667 0.26666667
v -1.85967600 109.28933700 -38.01203500 0.93725490 0.26666667 0.26666667
v -1.97603900 109.54230500 -37.69006700 0.93725490 0.26666667 0.26666667
v -2.24946900 109.44194800 -37.16653800 0.93725490 0.26666667 0.26666667
v -1.02599900 110.27677900 -38.02086600 0.93725490 0.26666667 0.26666667
v -1.07433600 110.51010100 -37.66813700 0.93725490 0.26666667 0.26666667
v -0.63499600 110.42118100 -38.06561700 0.93725490 0.26666667 0.26666667
v -1.43897200 110.30920400 -37.58805800 0.93725490 0.26666667 0.26666667
v -1.38656000 110.07812500 -37.94168500 0.93725490 0.26666667 0.26666667
v 0.99858800 110.11125900 -38.20391800 0.93725490 0.26666667 0.26666667
v 0.61809400 110.20439900 -38.29562800 0.93725490 0.26666667 0.26666667
v -0.94791600 109.99421700 -38.32950200 0.93725490 0.26666667 0.26666667
v 1.19937600 109.28913100 -38.57519500 0.93725490 0.26666667 0.26666667
v 1.29460400 109.64131200 -38.35589200 0.93725490 0.26666667 0.26666667
v 1.35230100 109.96268500 -38.08278300 0.93725490 0.26666667 0.26666667
v 1.93974000 109.51779900 -37.76690700 0.93725490 0.26666667 0.26666667
v 1.46263500 109.12312300 -38.45295700 0.93725490 0.26666667 0.26666667
v 1.70531100 108.57845300 -38.32809100 0.93725490 0.26666667 0.26666667
v 1.70531100 108.57845300 -38.32809100 0.93725490 0.26666667 0.26666667
v 1.98289500 109.78035700 -37.43464700 0.93725490 0.26666667 0.26666667
v 1.96856200 110.00807200 -37.07529100 0.93725490 0.26666667 0.26666667
v 1.58887700 109.45575700 -38.21925000 0.93725490 0.26666667 0.26666667
v -1.44890700 109.27309400 -38.41524100 0.93725490 0.26666667 0.26666667
v -1.60081100 109.56633000 -38.14666700 0.93725490 0.26666667 0.26666667
v 0.25977100 109.51912700 -38.80166200 0.93725490 0.26666667 0.26666667
v -0.07330900 109.49910000 -38.82315100 0.93725490 0.26666667 0.26666667
v 0.22176500 110.23941800 -38.35526700 0.93725490 0.26666667 0.26666667
v -0.17899900 110.21532400 -38.38112300 0.93725490 0.26666667 0.26666667
v -1.09152700 110.68743100 -37.28154000 0.93725490 0.26666667 0.26666667
v -0.67891400 110.65613600 -37.71339400 0.93725490 0.26666667 0.26666667
v 1.53793400 108.57845300 -38.47090900 0.93725490 0.26666667 0.26666667
v 1.53793400 108.57845300 -38.47090900 0.93725490 0.26666667 0.26666667
v 1.89715900 110.19434400 -36.69925700 0.93725490 0.26666667 0.26666667
v 1.06937500 108.91634400 -38.73434100 0.93725490 0.26666667 0.26666667
v 0.96778900 108.57845300 -38.80507300 0.93725490 0.26666667 0.26666667
v 0.96778900 108.57845300 -38.80507300 0.93725490 0.26666667 0.26666667
v 1.61700300 110.44806700 -36.87395900 0.93725490 0.26666667 0.26666667
v 1.68332500 110.26640300 -37.25316200 0.93725490 0.26666667 0.26666667
v 0.76114100 108.57845300 -38.88125200 0.93725490 0.26666667 0.26666667
v 0.76114100 108.57845300 -38.88125200 0.93725490 0.26666667 0.26666667
v 0.81855500 109.02169800 -38.82024000 0.93725490 0.26666667 0.26666667
v 1.28916700 110.65479300 -37.02618400 0.93725490 0.26666667 0.26666667
v 0.92307900 110.80857100 -37.15156200 0.93725490 0.26666667 0.26666667
v 1.19141700 110.77251400 -36.62896700 0.93725490 0.26666667 0.26666667
v 0.84258300 110.91903700 -36.74843200 0.93725490 0.26666667 0.26666667
v 1.00222900 110.39873500 -37.89000700 0.93725490 0.26666667 0.26666667
v 0.54781400 108.57845300 -38.93923200 0.93725490 0.26666667 0.26666667
v 0.54781400 108.57845300 -38.93923200 0.93725490 0.26666667 0.26666667
v 0.54874300 109.08774600 -38.88526900 0.93725490 0.26666667 0.26666667
v 0.60576000 110.49578100 -37.98556500 0.93725490 0.26666667 0.26666667
v 0.46733700 111.01089500 -36.83887500 0.93725490 0.26666667 0.26666667
v 0.33087100 108.57845300 -38.97794300 0.93725490 0.26666667 0.26666667
v 0.33087100 108.57845300 -38.97794300 0.93725490 0.26666667 0.26666667
v 0.26770200 109.11257900 -38.92755900 0.93725490 0.26666667 0.26666667
v 0.19279100 110.53228000 -38.04771000 0.93725490 0.26666667 0.26666667
v 0.15822700 110.76849400 -37.69528200 0.93725490 0.26666667 0.26666667
v 0.11907700 110.94121600 -37.30820500 0.93725490 0.26666667 0.26666667
v 0.07647400 111.04543300 -36.89769400 0.93725490 0.26666667 0.26666667
v 0.11079700 108.57845300 -38.99753200 0.93725490 0.26666667 0.26666667
v 0.11079700 108.57845300 -38.99753200 0.93725490 0.26666667 0.26666667
v -0.01648300 109.09549000 -38.94589600 0.93725490 0.26666667 0.26666667
v -0.22479900 110.50717200 -38.07465400 0.93725490 0.26666667 0.26666667
v -0.26408200 110.74310300 -37.72253000 0.93725490 0.26666667 0.26666667
v -0.31876200 111.02167500 -36.92319100 0.93725490 0.26666667 0.26666667
v -0.29570800 110.91627500 -37.33496500 0.93725490 0.26666667 0.26666667
v -0.10971400 108.57845300 -38.99753200 0.93725490 0.26666667 0.26666667
v -0.10971400 108.57845300 -38.99753200 0.93725490 0.26666667 0.26666667
v -0.29563700 109.03697200 -38.93974700 0.93725490 0.26666667 0.26666667
v -0.40049300 109.43051100 -38.81594500 0.93725490 0.26666667 0.26666667
v -0.70315000 110.83085600 -37.32598900 0.93725490 0.26666667 0.26666667
v -0.70700100 110.94028500 -36.91464200 0.93725490 0.26666667 0.26666667
v -0.32967000 108.57845300 -38.97814900 0.93725490 0.26666667 0.26666667
v -0.32967000 108.57845300 -38.97814900 0.93725490 0.26666667 0.26666667
v -0.54690600 108.57845300 -38.93938800 0.93725490 0.26666667 0.26666667
v -0.54690600 108.57845300 -38.93938800 0.93725490 0.26666667 0.26666667
v -0.56172900 108.93869800 -38.90929000 0.93725490 0.26666667 0.26666667
v -1.16648000 108.57845300 -38.71114700 0.93725490 0.26666667 0.26666667
v -1.16648000 108.57845300 -38.71114700 0.93725490 0.26666667 0.26666667
v -1.25499700 108.95971700 -38.62829200 0.93725490 0.26666667 0.26666667
v -0.96709900 108.57845300 -38.80531300 0.93725490 0.26666667 0.26666667
v -0.96709900 108.57845300 -38.80531300 0.93725490 0.26666667 0.26666667
v -0.80710400 108.80351300 -38.85540400 0.93725490 0.26666667 0.26666667
v -0.71236700 109.31533800 -38.78025100 0.93725490 0.26666667 0.26666667
v -1.76233200 110.05921900 -37.47546800 0.93725490 0.26666667 0.26666667
v -1.70630600 109.83092500 -37.83035300 0.93725490 0.26666667 0.26666667
v -1.07707400 110.80361200 -36.87228400 0.93725490 0.26666667 0.26666667
v -0.75989000 108.57845300 -38.88169100 0.93725490 0.26666667 0.26666667
v -0.75989000 108.57845300 -38.88169100 0.93725490 0.26666667 0.26666667
v -1.68939900 109.01576200 -38.29016900 0.93725490 0.26666667 0.26666667
v -1.47014300 108.72950000 -38.51639900 0.93725490 0.26666667 0.26666667
v -1.70510000 108.57845300 -38.32825900 0.93725490 0.26666667 0.26666667
v -1.70510000 108.57845300 -38.32825900 0.93725490 0.26666667 0.26666667
v -0.99995900 109.15688300 -38.71709400 0.93725490 0.26666667 0.26666667
v -1.44966700 110.49010500 -37.20288800 0.93725490 0.26666667 0.26666667
v -1.41833400 110.61559300 -36.79734000 0.93725490 0.26666667 0.26666667
v -1.35721300 108.57845300 -38.59947200 0.93725490 0.26666667 0.26666667
v -1.35721300 108.57845300 -38.59947200 0.93725490 0.26666667 0.26666667
v -1.76726600 110.24457600 -37.09230400 0.93725490 0.26666667 0.26666667
v -2.03511300 109.76733400 -37.33359900 0.93725490 0.26666667 0.26666667
v -2.03518700 109.95789300 -36.95296500 0.93725490 0.26666667 0.26666667
v -1.72096400 110.38163000 -36.69196700 0.93725490 0.26666667 0.26666667
v -1.53679300 108.57845300 -38.47182100 0.93725490 0.26666667 0.26666667
v -1.53679300 108.57845300 -38.47182100 0.93725490 0.26666667 0.26666667
v -1.85930800 108.57845300 -38.17115400 0.93725490 0.26666667 0.26666667
v -1.85930800 108.57845300 -38.17115400 0.93725490 0.26666667 0.26666667
v -1.87838000 108.72888900 -38.14287900 0.93725490 0.26666667 0.26666667
v -2.24572300 109.63830600 -36.78887900 0.93725490 0.26666667 0.26666667
v -1.99174000 108.39806400 -38.00010300 0.93725490 0.26666667 0.26666667
v -1.99174000 108.39806400 -38.00010300 0.93725490 0.26666667 0.26666667
v -2.39923100 109.09242200 -36.97908800 0.93725490 0.26666667 0.26666667
v -2.48009300 108.72882100 -36.77664200 0.93725490 0.26666667 0.26666667
v -2.42557200 108.15227500 -36.93008000 0.93725490 0.26666667 0.26666667
v -2.29109600 107.95531500 -37.28266900 0.93725490 0.26666667 0.26666667
v -2.36439400 107.79601300 -36.71777700 0.93725490 0.26666667 0.26666667
v -2.10750200 107.28792600 -36.87810500 0.93725490 0.26666667 0.26666667
v -1.92004700 106.98822800 -36.68600500 0.93725490 0.26666667 0.26666667
v -1.51821100 106.63151600 -36.89301300 0.93725490 0.26666667 0.26666667
v -1.24435200 106.42411000 -36.74575400 0.93725490 0.26666667 0.26666667
v -0.86856900 106.46070900 -37.50534400 0.93725490 0.26666667 0.26666667
v -0.62999200 106.33676100 -37.40990400 0.93725490 0.26666667 0.26666667
v -0.36873500 106.25075500 -37.33416700 0.93725490 0.26666667 0.26666667
v 1.25807400 107.02387200 -38.00010300 0.93725490 0.26666667 0.26666667
v 1.25807400 107.02387200 -38.00010300 0.93725490 0.26666667 0.26666667
v 1.39259000 107.14304400 -38.00010300 0.93725490 0.26666667 0.26666667
v 1.39259000 107.14304400 -38.00010300 0.93725490 0.26666667 0.26666667
v 1.62710500 107.41558800 -38.00010300 0.93725490 0.26666667 0.26666667
v 1.62710500 107.41558800 -38.00010300 0.93725490 0.26666667 0.26666667
v 1.80323800 107.44742600 -37.81114600 0.93725490 0.26666667 0.26666667
v 1.51619200 107.27436800 -38.00010300 0.93725490 0.26666667 0.26666667
v 1.51619200 107.27436800 -38.00010300 0.93725490 0.26666667 0.26666667
v 1.72525700 107.56703200 -38.00010300 0.93725490 0.26666667 0.26666667
v 1.72525700 107.56703200 -38.00010300 0.93725490 0.26666667 0.26666667
v 1.80907000 107.72583800 -38.00010300 0.93725490 0.26666667 0.26666667
v 1.80907000 107.72583800 -38.00010300 0.93725490 0.26666667 0.26666667
v 1.87851700 107.89239500 -38.00010300 0.93725490 0.26666667 0.26666667
v 1.87851700 107.89239500 -38.00010300 0.93725490 0.26666667 0.26666667
v 1.93250300 108.06355300 -38.00010300 0.93725490 0.26666667 0.26666667
v 1.93250300 108.06355300 -38.00010300 0.93725490 0.26666667 0.26666667
v 1.97082500 108.23874700 -38.00010300 0.93725490 0.26666667 0.26666667
v 1.97082500 108.23874700 -38.00010300 0.93725490 0.26666667 0.26666667
v 2.06931500 107.61530300 37.51993900 0.93725490 0.26666667 0.26666667
v 2.09105200 107.37358100 37.15251500 0.93725490 0.26666667 0.26666667
v 2.26906500 107.78174600 37.18307900 0.93725490 0.26666667 0.26666667
v 2.26967800 109.04856100 37.43678300 0.93725490 0.26666667 0.26666667
v 2.38409300 108.69477100 37.24335100 0.93725490 0.26666667 0.26666667
v 2.33253000 109.26807400 37.07769800 0.93725490 0.26666667 0.26666667
v -1.17926300 110.04165600 38.14875400 0.93725490 0.26666667 0.26666667
v -1.19072500 110.32651500 37.83284000 0.93725490 0.26666667 0.26666667
v -1.54123300 110.14442400 37.69261900 0.93725490 0.26666667 0.26666667
v 1.80961200 107.47676800 37.82724800 0.93725490 0.26666667 0.26666667
v 1.89454200 107.25946800 37.45967900 0.93725490 0.26666667 0.26666667
v 1.37438700 107.12561000 38.00010300 0.93725490 0.26666667 0.26666667
v 1.37438700 107.12561000 38.00010300 0.93725490 0.26666667 0.26666667
v 1.65377900 107.17616300 37.74442300 0.93725490 0.26666667 0.26666667
v 1.59148600 107.36731000 38.00010300 0.93725490 0.26666667 0.26666667
v 1.59148600 107.36731000 38.00010300 0.93725490 0.26666667 0.26666667
v -1.99992400 108.57845300 38.00010300 0.93725490 0.26666667 0.26666667
v -1.99992400 108.57845300 38.00010300 0.93725490 0.26666667 0.26666667
v -1.99992400 108.57845300 38.00010300 0.93725490 0.26666667 0.26666667
v -2.23687400 108.51803600 37.61478400 0.93725490 0.26666667 0.26666667
v -1.99292900 108.41176600 38.00010300 0.93725490 0.26666667 0.26666667
v -1.99292900 108.41176600 38.00010300 0.93725490 0.26666667 0.26666667
v -1.13363500 109.71440100 38.41689700 0.93725490 0.26666667 0.26666667
v -1.44602300 109.55211600 38.29192700 0.93725490 0.26666667 0.26666667
v -1.05516300 109.35424000 38.62950500 0.93725490 0.26666667 0.26666667
v -2.48975800 108.62796000 36.72058100 0.93725490 0.26666667 0.26666667
v -2.42571300 108.41185800 37.08151600 0.93725490 0.26666667 0.26666667
v -2.36702100 108.75363200 37.28519100 0.93725490 0.26666667 0.26666667
v -2.29138900 108.20057700 37.42560600 0.93725490 0.26666667 0.26666667
v -2.09067800 108.00024400 37.74287400 0.93725490 0.26666667 0.26666667
v -2.04191900 108.28418700 37.91208300 0.93725490 0.26666667 0.26666667
v 2.23872000 107.51583900 36.83011200 0.93725490 0.26666667 0.26666667
v 2.40307500 107.97126800 36.82642700 0.93725490 0.26666667 0.26666667
v 2.49367400 108.54346500 36.67425500 0.93725490 0.26666667 0.26666667
v 2.42898900 108.33219900 37.03793000 0.93725490 0.26666667 0.26666667
v 2.29393000 108.12806700 37.38602100 0.93725490 0.26666667 0.26666667
v 2.32780300 109.46760600 36.70187800 0.93725490 0.26666667 0.26666667
v 2.14980800 109.60675000 37.25560000 0.93725490 0.26666667 0.26666667
v 2.14829700 109.80032300 36.87664800 0.93725490 0.26666667 0.26666667
v 1.90814400 110.10463000 37.02894600 0.93725490 0.26666667 0.26666667
v 2.44826100 108.91021000 36.88204200 0.93725490 0.26666667 0.26666667
v 1.31045200 109.38636800 38.46976900 0.93725490 0.26666667 0.26666667
v 1.13087200 109.06084400 38.67679600 0.93725490 0.26666667 0.26666667
v 1.36662900 108.84654200 38.57616400 0.93725490 0.26666667 0.26666667
v 0.89513400 110.87802100 36.90092500 0.93725490 0.26666667 0.26666667
v 0.51441600 110.98750300 36.92648300 0.93725490 0.26666667 0.26666667
v 1.21028600 110.18214400 37.98775100 0.93725490 0.26666667 0.26666667
v 1.12455900 109.90313000 38.29739000 0.93725490 0.26666667 0.26666667
v 1.45206500 109.68849200 38.20567700 0.93725490 0.26666667 0.26666667
v 1.60619900 110.18843100 37.53831900 0.93725490 0.26666667 0.26666667
v 1.55160900 109.95845000 37.89216600 0.93725490 0.26666667 0.26666667
v 1.84736100 109.68962100 37.76592600 0.93725490 0.26666667 0.26666667
v -0.02146000 110.23267400 38.37432500 0.93725490 0.26666667 0.26666667
v -0.42129800 110.22719600 38.33144000 0.93725490 0.26666667 0.26666667
v -0.05821900 109.89183000 38.62641900 0.93725490 0.26666667 0.26666667
v 0.43123700 110.46984900 38.07691600 0.93725490 0.26666667 0.26666667
v 0.37704400 110.17919200 38.38294600 0.93725490 0.26666667 0.26666667
v 0.76274900 110.06827500 38.35705600 0.93725490 0.26666667 0.26666667
v -2.12092300 108.82024400 37.80123900 0.93725490 0.26666667 0.26666667
v -2.24218700 109.07899500 37.48593100 0.93725490 0.26666667 0.26666667
v -0.74919500 109.45497100 38.71820400 0.93725490 0.26666667 0.26666667
v -0.79154900 109.82702600 38.51606800 0.93725490 0.26666667 0.26666667
v -1.82291900 107.56980900 37.88187800 0.93725490 0.26666667 0.26666667
v -2.01935900 107.42427800 37.41655300 0.93725490 0.26666667 0.26666667
v -1.76856200 107.32537800 37.74578900 0.93725490 0.26666667 0.26666667
v -1.82972000 107.77119400 38.00010300 0.93725490 0.26666667 0.26666667
v -1.82972000 107.77119400 38.00010300 0.93725490 0.26666667 0.26666667
v -2.08308600 107.71083800 37.57609900 0.93725490 0.26666667 0.26666667
v -1.66788700 107.09042400 37.61977800 0.93725490 0.26666667 0.26666667
v -1.46582300 107.21797200 38.00010300 0.93725490 0.26666667 0.26666667
v -1.46582300 107.21797200 38.00010300 0.93725490 0.26666667 0.26666667
v -2.21165000 107.55661800 37.06076000 0.93725490 0.26666667 0.26666667
v -0.94122800 106.81390400 38.00010300 0.93725490 0.26666667 0.26666667
v -0.94122800 106.81390400 38.00010300 0.93725490 0.26666667 0.26666667
v -1.12458100 106.74372900 37.77243000 0.93725490 0.26666667 0.26666667
v -0.95097200 106.60951200 37.71198300 0.93725490 0.26666667 0.26666667
v -1.90133200 107.14882700 37.26882600 0.93725490 0.26666667 0.26666667
v -1.73240000 106.89239500 37.13716500 0.93725490 0.26666667 0.26666667
v -1.08408200 106.89784200 38.00010300 0.93725490 0.26666667 0.26666667
v -1.08408200 106.89784200 38.00010300 0.93725490 0.26666667 0.26666667
v -1.27103400 106.90043600 37.84859800 0.93725490 0.26666667 0.26666667
v -1.12304700 106.50742300 37.33642200 0.93725490 0.26666667 0.26666667
v -0.75520300 106.50164800 37.66899100 0.93725490 0.26666667 0.26666667
v -0.87792800 106.37237500 37.28258900 0.93725490 0.26666667 0.26666667
v -1.26258400 106.46534700 36.93662600 0.93725490 0.26666667 0.26666667
v -1.34041900 106.67547600 37.41210900 0.93725490 0.26666667 0.26666667
v -0.61211300 106.27420800 37.25216700 0.93725490 0.26666667 0.26666667
v -0.54290500 106.42324800 37.64469100 0.93725490 0.26666667 0.26666667
v 0.50091700 106.28946700 37.37155200 0.93725490 0.26666667 0.26666667
v 0.34603900 106.43543200 37.74004000 0.93725490 0.26666667 0.26666667
v 0.13077300 106.38273600 37.68815600 0.93725490 0.26666667 0.26666667
v -0.04936100 106.19867700 37.26433900 0.93725490 0.26666667 0.26666667
v -0.09345200 106.36292300 37.65441500 0.93725490 0.26666667 0.26666667
v -0.32018500 106.37655600 37.63978600 0.93725490 0.26666667 0.26666667
v 0.64128300 106.20981600 36.97781000 0.93725490 0.26666667 0.26666667
v 0.93502800 106.33320600 37.07841100 0.93725490 0.26666667 0.26666667
v 1.38559500 106.52220200 36.81926700 0.93725490 0.26666667 0.26666667
v 1.19808100 106.49907700 37.20055800 0.93725490 0.26666667 0.26666667
v 1.09149000 106.33674600 36.68270500 0.93725490 0.26666667 0.26666667
v 0.75147700 106.39471400 37.45735900 0.93725490 0.26666667 0.26666667
v 1.24849000 107.01614400 38.00010300 0.93725490 0.26666667 0.26666667
v 1.24849000 107.01614400 38.00010300 0.93725490 0.26666667 0.26666667
v 1.32119500 106.91069000 37.81263000 0.93725490 0.26666667 0.26666667
v 1.16760100 106.70985400 37.68111800 0.93725490 0.26666667 0.26666667
v 1.60294200 106.93811000 37.49491100 0.93725490 0.26666667 0.26666667
v 1.63692500 106.74982500 36.97599400 0.93725490 0.26666667 0.26666667
v 1.42287500 106.70266700 37.34073600 0.93725490 0.26666667 0.26666667
v 1.83824800 107.01306200 37.14837300 0.93725490 0.26666667 0.26666667
v 2.02029600 107.13336200 36.78304700 0.93725490 0.26666667 0.26666667
v 0.82464500 106.75646200 38.00010300 0.93725490 0.26666667 0.26666667
v 0.82464500 106.75646200 38.00010300 0.93725490 0.26666667 0.26666667
v 0.72535800 106.63249200 37.89178500 0.93725490 0.26666667 0.26666667
v 0.97585600 106.53620100 37.56155000 0.93725490 0.26666667 0.26666667
v 0.32529700 106.13246900 36.90165300 0.93725490 0.26666667 0.26666667
v 0.23138700 106.22348800 37.30658700 0.93725490 0.26666667 0.26666667
v -0.00384000 106.10337800 36.85212300 0.93725490 0.26666667 0.26666667
v -0.33325000 106.21575200 37.24602500 0.93725490 0.26666667 0.26666667
v -0.33666000 106.12339800 36.83065000 0.93725490 0.26666667 0.26666667
v 0.01592200 110.52559700 38.06792800 0.93725490 0.26666667 0.26666667
v 1.26094900 110.41469600 37.63500200 0.93725490 0.26666667 0.26666667
v 0.87953700 110.58879100 37.69789900 0.93725490 0.26666667 0.26666667
v 0.83321300 110.35425600 38.04993100 0.93725490 0.26666667 0.26666667
v 1.90535400 109.91651200 37.41062500 0.93725490 0.26666667 0.26666667
v 1.61425300 110.37176500 37.15439200 0.93725490 0.26666667 0.26666667
v 0.31192800 109.84214800 38.63442600 0.93725490 0.26666667 0.26666667
v 0.23777400 109.46849800 38.82406600 0.93725490 0.26666667 0.26666667
v 0.05284200 110.76210000 37.71610600 0.93725490 0.26666667 0.26666667
v -0.36866000 110.75631700 37.67089800 0.93725490 0.26666667 0.26666667
v -2.28290000 107.87699900 37.23914300 0.93725490 0.26666667 0.26666667
v -1.67082700 107.47941600 38.00010300 0.93725490 0.26666667 0.26666667
v -1.67082700 107.47941600 38.00010300 0.93725490 0.26666667 0.26666667
v 1.73584600 109.43054200 38.08454500 0.93725490 0.26666667 0.26666667
v -1.93811600 108.08524300 38.00010300 0.93725490 0.26666667 0.26666667
v -1.93811600 108.08524300 38.00010300 0.93725490 0.26666667 0.26666667
v -2.28820000 109.54591400 36.77957900 0.93725490 0.26666667 0.26666667
v -2.42859000 108.98415400 36.93284600 0.93725490 0.26666667 0.26666667
v -2.29849000 109.32324200 37.14205600 0.93725490 0.26666667 0.26666667
v -0.81097000 110.16290300 38.25552000 0.93725490 0.26666667 0.26666667
v -0.80689500 110.45288100 37.94411100 0.93725490 0.26666667 0.26666667
v -1.51558300 109.86693600 38.01421000 0.93725490 0.26666667 0.26666667
v -1.84833600 109.91184200 37.52748500 0.93725490 0.26666667 0.26666667
v -0.40078500 110.51988200 38.02323500 0.93725490 0.26666667 0.26666667
v 0.47293600 110.70571100 37.72519300 0.93725490 0.26666667 0.26666667
v -0.42960600 109.88674200 38.58658600 0.93725490 0.26666667 0.26666667
v -0.72940800 110.86308300 37.20601300 0.93725490 0.26666667 0.26666667
v -0.77944200 110.68854500 37.59086600 0.93725490 0.26666667 0.26666667
v 2.08903500 109.38339200 37.61266300 0.93725490 0.26666667 0.26666667
v 1.78942900 108.87384800 38.22066500 0.93725490 0.26666667 0.26666667
v 1.96773700 109.13670300 37.93748900 0.93725490 0.26666667 0.26666667
v 1.57403900 109.14677400 38.35725800 0.93725490 0.26666667 0.26666667
v 2.14106800 108.81543000 37.76873000 0.93725490 0.26666667 0.26666667
v 1.99992400 108.57845300 38.00010300 0.93725490 0.26666667 0.26666667
v 1.99992400 108.57845300 38.00010300 0.93725490 0.26666667 0.26666667
v 1.99992400 108.57845300 38.00010300 0.93725490 0.26666667 0.26666667
v 2.09241100 107.93698100 37.70843900 0.93725490 0.26666667 0.26666667
v 1.76658500 107.64097600 38.00010300 0.93725490 0.26666667 0.26666667
v 1.76658500 107.64097600 38.00010300 0.93725490 0.26666667 0.26666667
v 2.05239800 108.26012400 37.89151800 0.93725490 0.26666667 0.26666667
v 2.25085200 108.47596000 37.58312600 0.93725490 0.26666667 0.26666667
v 1.89506500 107.93937700 38.00010300 0.93725490 0.26666667 0.26666667
v 1.89506500 107.93937700 38.00010300 0.93725490 0.26666667 0.26666667
v 1.97353500 108.25464600 38.00010300 0.93725490 0.26666667 0.26666667
v 1.97353500 108.25464600 38.00010300 0.93725490 0.26666667 0.26666667
v 1.85565100 110.24853500 36.63193900 0.93725490 0.26666667 0.26666667
v 1.57553900 110.50314300 36.75150300 0.93725490 0.26666667 0.26666667
v 1.85930800 108.57845300 38.17115400 0.93725490 0.26666667 0.26666667
v 1.85930800 108.57845300 38.17115400 0.93725490 0.26666667 0.26666667
v 1.70510000 108.57845300 38.32825900 0.93725490 0.26666667 0.26666667
v 1.70510000 108.57845300 38.32825900 0.93725490 0.26666667 0.26666667
v 1.53679300 108.57845300 38.47182100 0.93725490 0.26666667 0.26666667
v 1.53679300 108.57845300 38.47182100 0.93725490 0.26666667 0.26666667
v 1.35721300 108.57845300 38.59947200 0.93725490 0.26666667 0.26666667
v 1.35721300 108.57845300 38.59947200 0.93725490 0.26666667 0.26666667
v 1.25226700 110.71500400 36.84203300 0.93725490 0.26666667 0.26666667
v 1.16648000 108.57845300 38.71114700 0.93725490 0.26666667 0.26666667
v 1.16648000 108.57845300 38.71114700 0.93725490 0.26666667 0.26666667
v 1.27507900 110.59404800 37.24937400 0.93725490 0.26666667 0.26666667
v 1.00625100 109.58573200 38.55495800 0.93725490 0.26666667 0.26666667
v 0.85878900 109.23915100 38.75299100 0.93725490 0.26666667 0.26666667
v 0.91852800 108.72133600 38.82075100 0.93725490 0.26666667 0.26666667
v 0.68644600 108.87343600 38.88574600 0.93725490 0.26666667 0.26666667
v 0.75989000 108.57845300 38.88169100 0.93725490 0.26666667 0.26666667
v 0.75989000 108.57845300 38.88169100 0.93725490 0.26666667 0.26666667
v 0.96709900 108.57845300 38.80531300 0.93725490 0.26666667 0.26666667
v 0.96709900 108.57845300 38.80531300 0.93725490 0.26666667 0.26666667
v -0.27360700 111.03488200 36.87564100 0.93725490 0.26666667 0.26666667
v 0.12106300 111.04029100 36.91797600 0.93725490 0.26666667 0.26666667
v 0.90037900 110.76508300 37.31116100 0.93725490 0.26666667 0.26666667
v 0.67018700 109.73912800 38.61037400 0.93725490 0.26666667 0.26666667
v 0.55820700 109.37635800 38.80255500 0.93725490 0.26666667 0.26666667
v 0.54690600 108.57845300 38.93938800 0.93725490 0.26666667 0.26666667
v 0.54690600 108.57845300 38.93938800 0.93725490 0.26666667 0.26666667
v 0.43005500 108.99046300 38.92802400 0.93725490 0.26666667 0.26666667
v 0.50093200 110.87994400 37.33797800 0.93725490 0.26666667 0.26666667
v 0.15673200 109.06906100 38.94637300 0.93725490 0.26666667 0.26666667
v 0.32967000 108.57845300 38.97814900 0.93725490 0.26666667 0.26666667
v 0.32967000 108.57845300 38.97814900 0.93725490 0.26666667 0.26666667
v 0.10971400 108.57845300 38.99753200 0.93725490 0.26666667 0.26666667
v 0.10971400 108.57845300 38.99753200 0.93725490 0.26666667 0.26666667
v -1.16768900 110.56073000 37.47831300 0.93725490 0.26666667 0.26666667
v 0.08823100 110.93534100 37.32905200 0.93725490 0.26666667 0.26666667
v -1.81025500 109.64376800 37.85575900 0.93725490 0.26666667 0.26666667
v -2.05480100 109.37857800 37.67795900 0.93725490 0.26666667 0.26666667
v -1.71972600 109.34483300 38.14475300 0.93725490 0.26666667 0.26666667
v -0.09329200 109.51293200 38.81690600 0.93725490 0.26666667 0.26666667
v -0.12566200 109.10696400 38.94026600 0.93725490 0.26666667 0.26666667
v -0.11079700 108.57845300 38.99753200 0.93725490 0.26666667 0.26666667
v -0.11079700 108.57845300 38.99753200 0.93725490 0.26666667 0.26666667
v -0.65824000 110.97142800 36.80070500 0.93725490 0.26666667 0.26666667
v -0.32585400 110.92966500 37.28463700 0.93725490 0.26666667 0.26666667
v -0.42546700 109.50837700 38.78127700 0.93725490 0.26666667 0.26666667
v -0.40900100 109.10308100 38.90987400 0.93725490 0.26666667 0.26666667
v -0.33087100 108.57845300 38.97794300 0.93725490 0.26666667 0.26666667
v -0.33087100 108.57845300 38.97794300 0.93725490 0.26666667 0.26666667
v -1.02177200 110.85174600 36.69531600 0.93725490 0.26666667 0.26666667
v -0.68513500 109.05751800 38.85607500 0.93725490 0.26666667 0.26666667
v -0.54781400 108.57845300 38.93923200 0.93725490 0.26666667 0.26666667
v -0.54781400 108.57845300 38.93923200 0.93725490 0.26666667 0.26666667
v -1.11082200 110.73751100 37.09544000 0.93725490 0.26666667 0.26666667
v -2.10319900 109.63546800 37.34218600 0.93725490 0.26666667 0.26666667
v -1.33456800 109.20909100 38.51773100 0.93725490 0.26666667 0.26666667
v -0.94612000 108.97160300 38.78041500 0.93725490 0.26666667 0.26666667
v -0.76114100 108.57845300 38.88125200 0.93725490 0.26666667 0.26666667
v -0.76114100 108.57845300 38.88125200 0.93725490 0.26666667 0.26666667
v -1.45912400 110.55656400 36.95610400 0.93725490 0.26666667 0.26666667
v -1.52223000 110.37654100 37.33647900 0.93725490 0.26666667 0.26666667
v -1.16771100 108.57845300 38.71046400 0.93725490 0.26666667 0.26666667
v -1.16771100 108.57845300 38.71046400 0.93725490 0.26666667 0.26666667
v -1.18444800 108.84778600 38.68507400 0.93725490 0.26666667 0.26666667
v -1.39326200 108.68964400 38.57278800 0.93725490 0.26666667 0.26666667
v -0.96778900 108.57845300 38.80507300 0.93725490 0.26666667 0.26666667
v -0.96778900 108.57845300 38.80507300 0.93725490 0.26666667 0.26666667
v -1.76429500 110.32545500 36.79200700 0.93725490 0.26666667 0.26666667
v -2.09066200 109.86173200 36.98201400 0.93725490 0.26666667 0.26666667
v -1.83286700 110.14128900 37.16944500 0.93725490 0.26666667 0.26666667
v -1.78253500 108.80337500 38.23838400 0.93725490 0.26666667 0.26666667
v -1.57937300 109.02368900 38.38609300 0.93725490 0.26666667 0.26666667
v -1.94687100 109.09851100 37.97960700 0.93725490 0.26666667 0.26666667
v -1.85930800 108.57845300 38.17115400 0.93725490 0.26666667 0.26666667
v -1.85930800 108.57845300 38.17115400 0.93725490 0.26666667 0.26666667
v -1.70531100 108.57845300 38.32809100 0.93725490 0.26666667 0.26666667
v -1.70531100 108.57845300 38.32809100 0.93725490 0.26666667 0.26666667
v -1.53793400 108.57845300 38.47090900 0.93725490 0.26666667 0.26666667
v -1.53793400 108.57845300 38.47090900 0.93725490 0.26666667 0.26666667
v -1.35766300 108.57845300 38.59922400 0.93725490 0.26666667 0.26666667
v -1.35766300 108.57845300 38.59922400 0.93725490 0.26666667 0.26666667
v -1.97232700 108.24736800 38.00010300 0.93725490 0.26666667 0.26666667
v -1.97232700 108.24736800 38.00010300 0.93725490 0.26666667 0.26666667
v -2.41657300 108.06349200 36.88077200 0.93725490 0.26666667 0.26666667
v -1.89029800 107.92540700 38.00010300 0.93725490 0.26666667 0.26666667
v -1.89029800 107.92540700 38.00010300 0.93725490 0.26666667 0.26666667
v -2.33986500 107.71856700 36.68872500 0.93725490 0.26666667 0.26666667
v -1.75610000 107.62147500 38.00010300 0.93725490 0.26666667 0.26666667
v -1.75610000 107.62147500 38.00010300 0.93725490 0.26666667 0.26666667
v -2.07969100 107.24865000 36.89559600 0.93725490 0.26666667 0.26666667
v -1.57343800 107.34395600 38.00010300 0.93725490 0.26666667 0.26666667
v -1.57343800 107.34395600 38.00010300 0.93725490 0.26666667 0.26666667
v -1.89081700 106.96194500 36.74839000 0.93725490 0.26666667 0.26666667
v -1.34735200 107.10051000 38.00010300 0.93725490 0.26666667 0.26666667
v -1.34735200 107.10051000 38.00010300 0.93725490 0.26666667 0.26666667
v -1.52379100 106.87168900 37.50747700 0.93725490 0.26666667 0.26666667
v -1.22036500 106.99408000 38.00010300 0.93725490 0.26666667 0.26666667
v -1.22036500 106.99408000 38.00010300 0.93725490 0.26666667 0.26666667
v -1.51742200 106.66236100 37.02536000 0.93725490 0.26666667 0.26666667
v -0.97521700 106.30701400 36.87352000 0.93725490 0.26666667 0.26666667
v -0.79089400 106.74156200 38.00010300 0.93725490 0.26666667 0.26666667
v -0.79089400 106.74156200 38.00010300 0.93725490 0.26666667 0.26666667
v -0.66358700 106.19193300 36.83785200 0.93725490 0.26666667 0.26666667
v -0.47587800 106.63597100 38.00010300 0.93725490 0.26666667 0.26666667
v -0.47587800 106.63597100 38.00010300 0.93725490 0.26666667 0.26666667
v -0.63611400 106.68243400 38.00010300 0.93725490 0.26666667 0.26666667
v -0.63611400 106.68243400 38.00010300 0.93725490 0.26666667 0.26666667
v -0.31344500 106.60328700 38.00010300 0.93725490 0.26666667 0.26666667
v -0.31344500 106.60328700 38.00010300 0.93725490 0.26666667 0.26666667
v -0.14772900 106.58400000 38.00010300 0.93725490 0.26666667 0.26666667
v -0.14772900 106.58400000 38.00010300 0.93725490 0.26666667 0.26666667
v 0.01787400 106.57865100 38.00010300 0.93725490 0.26666667 0.26666667
v 0.01787400 106.57865100 38.00010300 0.93725490 0.26666667 0.26666667
v 0.18449700 106.58705900 38.00010300 0.93725490 0.26666667 0.26666667
v 0.18449700 106.58705900 38.00010300 0.93725490 0.26666667 0.26666667
v 0.54615300 106.51948500 37.80857500 0.93725490 0.26666667 0.26666667
v 0.34870000 106.60920000 38.00010300 0.93725490 0.26666667 0.26666667
v 0.34870000 106.60920000 38.00010300 0.93725490 0.26666667 0.26666667
v 0.51163100 106.64508100 38.00010300 0.93725490 0.26666667 0.26666667
v 0.51163100 106.64508100 38.00010300 0.93725490 0.26666667 0.26666667
v 1.11490100 106.91812900 38.00010300 0.93725490 0.26666667 0.26666667
v 1.11490100 106.91812900 38.00010300 0.93725490 0.26666667 0.26666667
v 0.97261800 106.83100900 38.00010300 0.93725490 0.26666667 0.26666667
v 0.97261800 106.83100900 38.00010300 0.93725490 0.26666667 0.26666667
v 0.66990300 106.69410700 38.00010300 0.93725490 0.26666667 0.26666667
v 0.66990300 106.69410700 38.00010300 0.93725490 0.26666667 0.26666667
v 1.99992400 108.57845300 39.30707600 0.93725490 0.26666667 0.26666667
v 1.99992400 108.57845300 39.30707600 0.93725490 0.26666667 0.26666667
v 1.99992400 108.57845300 39.30707600 0.93725490 0.26666667 0.26666667
v 0.00000000 108.57845300 39.28961900 0.93725490 0.26666667 0.26666667
v 0.00000000 108.57845300 39.28961900 0.93725490 0.26666667 0.26666667
v 1.97264700 108.24928300 39.30707600 0.93725490 0.26666667 0.26666667
v 1.97264700 108.24928300 39.30707600 0.93725490 0.26666667 0.26666667
v -1.99992400 108.57845300 39.30707600 0.93725490 0.26666667 0.26666667
v -1.99992400 108.57845300 39.30707600 0.93725490 0.26666667 0.26666667
v -1.99992400 108.57845300 39.30707600 0.93725490 0.26666667 0.26666667
v -1.97264700 108.24928300 39.30707600 0.93725490 0.26666667 0.26666667
v -1.97264700 108.24928300 39.30707600 0.93725490 0.26666667 0.26666667
v 1.75888000 107.62659500 39.30707600 0.93725490 0.26666667 0.26666667
v 1.75888000 107.62659500 39.30707600 0.93725490 0.26666667 0.26666667
v 1.89156200 107.92908500 39.30707600 0.93725490 0.26666667 0.26666667
v 1.89156200 107.92908500 39.30707600 0.93725490 0.26666667 0.26666667
v 1.35451100 107.10706300 39.30707600 0.93725490 0.26666667 0.26666667
v 1.35451100 107.10706300 39.30707600 0.93725490 0.26666667 0.26666667
v 1.57822100 107.35007500 39.30707600 0.93725490 0.26666667 0.26666667
v 1.57822100 107.35007500 39.30707600 0.93725490 0.26666667 0.26666667
v 0.80336000 106.74697900 39.30707600 0.93725490 0.26666667 0.26666667
v 0.80336000 106.74697900 39.30707600 0.93725490 0.26666667 0.26666667
v 1.09385500 106.90419000 39.30707600 0.93725490 0.26666667 0.26666667
v 1.09385500 106.90419000 39.30707600 0.93725490 0.26666667 0.26666667
v 0.16515200 106.58536500 39.30707600 0.93725490 0.26666667 0.26666667
v 0.16515200 106.58536500 39.30707600 0.93725490 0.26666667 0.26666667
v 0.49095200 106.63973200 39.30707600 0.93725490 0.26666667 0.26666667
v 0.49095200 106.63973200 39.30707600 0.93725490 0.26666667 0.26666667
v -0.16515200 106.58536500 39.30707600 0.93725490 0.26666667 0.26666667
v -0.16515200 106.58536500 39.30707600 0.93725490 0.26666667 0.26666667
v -0.80336000 106.74697900 39.30707600 0.93725490 0.26666667 0.26666667
v -0.80336000 106.74697900 39.30707600 0.93725490 0.26666667 0.26666667
v -0.49095200 106.63973200 39.30707600 0.93725490 0.26666667 0.26666667
v -0.49095200 106.63973200 39.30707600 0.93725490 0.26666667 0.26666667
v -1.35451100 107.10706300 39.30707600 0.93725490 0.26666667 0.26666667
v -1.35451100 107.10706300 39.30707600 0.93725490 0.26666667 0.26666667
v -1.09385500 106.90419000 39.30707600 0.93725490 0.26666667 0.26666667
v -1.09385500 106.90419000 39.30707600 0.93725490 0.26666667 0.26666667
v -1.75888000 107.62659500 39.30707600 0.93725490 0.26666667 0.26666667
v -1.75888000 107.62659500 39.30707600 0.93725490 0.26666667 0.26666667
v -1.57822100 107.35007500 39.30707600 0.93725490 0.26666667 0.26666667
v -1.57822100 107.35007500 39.30707600 0.93725490 0.26666667 0.26666667
v -1.89156200 107.92908500 39.30707600 0.93725490 0.26666667 0.26666667
v -1.89156200 107.92908500 39.30707600 0.93725490 0.26666667 0.26666667
v -1.99992400 108.57845300 -39.30707600 0.93725490 0.26666667 0.26666667
v -1.99992400 108.57845300 -39.30707600 0.93725490 0.26666667 0.26666667
v -1.99992400 108.57845300 -39.30707600 0.93725490 0.26666667 0.26666667
v 0.00000000 108.57845300 -39.28961900 0.93725490 0.26666667 0.26666667
v 0.00000000 108.57845300 -39.28961900 0.93725490 0.26666667 0.26666667
v -1.97264700 108.24928300 -39.30707600 0.93725490 0.26666667 0.26666667
v -1.97264700 108.24928300 -39.30707600 0.93725490 0.26666667 0.26666667
v 1.99992400 108.57845300 -39.30707600 0.93725490 0.26666667 0.26666667
v 1.99992400 108.57845300 -39.30707600 0.93725490 0.26666667 0.26666667
v 1.99992400 108.57845300 -39.30707600 0.93725490 0.26666667 0.26666667
v 1.97264700 108.24928300 -39.30707600 0.93725490 0.26666667 0.26666667
v 1.97264700 108.24928300 -39.30707600 0.93725490 0.26666667 0.26666667
v -1.75888000 107.62659500 -39.30707600 0.93725490 0.26666667 0.26666667
v -1.75888000 107.62659500 -39.30707600 0.93725490 0.26666667 0.26666667
v -1.89156200 107.92908500 -39.30707600 0.93725490 0.26666667 0.26666667
v -1.89156200 107.92908500 -39.30707600 0.93725490 0.26666667 0.26666667
v -1.35451100 107.10706300 -39.30707600 0.93725490 0.26666667 0.26666667
v -1.35451100 107.10706300 -39.30707600 0.93725490 0.26666667 0.26666667
v -1.57822100 107.35007500 -39.30707600 0.93725490 0.26666667 0.26666667
v -1.57822100 107.35007500 -39.30707600 0.93725490 0.26666667 0.26666667
v -0.80336000 106.74697900 -39.30707600 0.93725490 0.26666667 0.26666667
v -0.80336000 106.74697900 -39.30707600 0.93725490 0.26666667 0.26666667
v -1.09385500 106.90419000 -39.30707600 0.93725490 0.26666667 0.26666667
v -1.09385500 106.90419000 -39.30707600 0.93725490 0.26666667 0.26666667
v -0.16515200 106.58536500 -39.30707600 0.93725490 0.26666667 0.26666667
v -0.16515200 106.58536500 -39.30707600 0.93725490 0.26666667 0.26666667
v -0.49095200 106.63973200 -39.30707600 0.93725490 0.26666667 0.26666667
v -0.49095200 106.63973200 -39.30707600 0.93725490 0.26666667 0.26666667
v 0.16515200 106.58536500 -39.30707600 0.93725490 0.26666667 0.26666667
v 0.16515200 106.58536500 -39.30707600 0.93725490 0.26666667 0.26666667
v 0.80336000 106.74697900 -39.30707600 0.93725490 0.26666667 0.26666667
v 0.80336000 106.74697900 -39.30707600 0.93725490 0.26666667 0.26666667
v 0.49095200 106.63973200 -39.30707600 0.93725490 0.26666667 0.26666667
v 0.49095200 106.63973200 -39.30707600 0.93725490 0.26666667 0.26666667
v 1.35451100 107.10706300 -39.30707600 0.93725490 0.26666667 0.26666667
v 1.35451100 107.10706300 -39.30707600 0.93725490 0.26666667 0.26666667
v 1.09385500 106.90419000 -39.30707600 0.93725490 0.26666667 0.26666667
v 1.09385500 106.90419000 -39.30707600 0.93725490 0.26666667 0.26666667
v 1.75888000 107.62659500 -39.30707600 0.93725490 0.26666667 0.26666667
v 1.75888000 107.62659500 -39.30707600 0.93725490 0.26666667 0.26666667
v 1.57822100 107.35007500 -39.30707600 0.93725490 0.26666667 0.26666667
v 1.57822100 107.35007500 -39.30707600 0.93725490 0.26666667 0.26666667
v 1.89156200 107.92908500 -39.30707600 0.93725490 0.26666667 0.26666667
v 1.89156200 107.92908500 -39.30707600 0.93725490 0.26666667 0.26666667
f 1 4 6
f 7 9 11
f 14 6 15
f 4 15 6
f 18 20 14
f 14 15 18
f 22 18 24
f 18 22 20
f 24 27 28
f 22 24 28
f 30 24 32
f 24 30 27
f 35 37 32
f 30 32 37
f 35 38 41
f 41 37 35
f 43 38 45
f 38 43 41
f 47 49 45
f 43 45 49
f 47 51 53
f 53 49 47
f 55 57 51
f 51 57 53
f 51 60 61
f 61 55 51
f 63 65 60
f 60 65 61
f 67 69 63
f 63 60 67
f 69 71 73
f 71 69 67
f 75 73 78
f 71 78 73
f 79 81 75
f 75 78 79
f 9 81 79
f 81 9 7
f 4 1 83
f 86 87 83
f 4 83 87
f 89 86 91
f 89 87 86
f 93 95 98
f 95 93 91
f 100 98 102
f 95 102 98
f 104 106 100
f 100 102 104
f 106 108 109
f 108 106 104
f 109 112 114
f 108 112 109
f 116 117 114
f 109 114 117
f 91 93 89
f 119 116 122
f 116 119 117
f 123 119 126
f 122 126 119
f 127 123 131
f 123 126 131
f 133 135 123
f 123 127 133
f 135 137 139
f 137 135 133
f 141 139 143
f 137 143 139
f 144 147 141
f 141 143 144
f 147 149 151
f 149 147 144
f 149 154 151
f 156 158 154
f 151 154 158
f 159 158 162
f 158 156 162
f 159 164 166
f 166 158 159
f 168 164 170
f 164 168 166
f 171 168 173
f 170 173 168
f 176 177 171
f 171 173 176
f 177 179 181
f 179 177 176
f 9 181 11
f 179 11 181
f 36 42 48
f 48 31 36
f 40 42 36
f 184 48 52
f 184 31 48
f 184 25 31
f 132 145 136
f 129 188 132
f 136 145 142
f 132 188 148
f 132 148 145
f 188 153 148
f 17 172 23
f 68 50 72
f 68 59 50
f 77 72 46
f 50 46 72
f 44 80 77
f 77 46 44
f 80 39 10
f 39 80 44
f 33 178 182
f 39 34 10
f 3 88 157
f 165 167 16
f 90 146 150
f 99 134 138
f 97 140 94
f 110 118 120
f 124 105 110
f 105 124 134
f 110 120 124
f 97 99 138
f 99 105 134
f 140 97 138
f 90 94 146
f 146 94 140
f 157 88 150
f 150 88 90
f 165 16 3
f 157 165 3
f 167 172 17
f 16 167 17
f 23 178 33
f 23 172 178
f 10 34 182
f 34 33 182
f 190 192 64
f 194 152 195
f 66 192 197
f 192 66 64
f 199 62 197
f 66 197 62
f 199 201 56
f 56 62 199
f 58 201 204
f 201 58 56
f 206 183 54
f 204 54 58
f 206 208 209
f 209 183 206
f 212 208 214
f 208 212 209
f 214 215 218
f 212 214 218
f 215 219 221
f 219 215 214
f 224 221 226
f 219 226 221
f 228 229 224
f 224 226 228
f 229 232 234
f 232 229 228
f 236 234 238
f 232 238 234
f 239 241 236
f 236 238 239
f 241 243 246
f 243 241 239
f 243 248 246
f 70 190 64
f 74 249 70
f 190 70 249
f 74 76 251
f 251 249 74
f 253 256 76
f 76 256 251
f 82 258 253
f 253 76 82
f 8 258 82
f 260 8 12
f 8 260 258
f 204 206 54
f 180 262 12
f 260 12 262
f 180 175 264
f 264 262 180
f 265 175 174
f 175 265 264
f 169 268 174
f 265 174 268
f 169 163 270
f 270 268 169
f 271 163 160
f 163 271 270
f 161 274 160
f 271 160 274
f 161 155 275
f 275 274 161
f 277 155 152
f 155 277 275
f 186 195 152
f 277 152 194
f 279 281 283
f 286 287 290
f 291 294 296
f 298 300 294
f 301 304 305
f 307 309 311
f 313 305 315
f 304 315 305
f 246 248 313
f 313 315 246
f 309 301 311
f 309 304 301
f 291 296 307
f 291 307 311
f 279 300 298
f 294 300 296
f 281 290 283
f 298 281 279
f 287 286 195
f 283 290 287
f 194 195 286
f 318 320 322
f 323 325 327
f 327 330 323
f 325 332 334
f 332 325 323
f 335 334 338
f 332 338 334
f 339 342 335
f 335 338 339
f 342 320 318
f 320 342 339
f 343 345 347
f 322 349 352
f 354 355 358
f 360 361 364
f 366 368 369
f 371 374 375
f 378 379 381
f 383 385 387
f 387 389 392
f 374 392 389
f 392 383 387
f 375 374 389
f 378 371 379
f 379 371 375
f 360 364 381
f 381 364 378
f 369 368 361
f 360 369 361
f 366 358 355
f 368 366 355
f 354 343 347
f 354 358 343
f 349 345 352
f 349 347 345
f 352 318 322
f 376 390 196
f 393 396 341
f 284 288 390
f 390 288 196
f 388 280 284
f 284 390 388
f 280 386 299
f 386 280 388
f 295 299 384
f 386 384 299
f 391 308 295
f 295 384 391
f 308 373 310
f 373 308 391
f 372 303 373
f 310 373 303
f 372 377 316
f 316 303 372
f 377 245 316
f 377 363 245
f 196 187 376
f 397 380 187
f 376 187 380
f 397 399 382
f 382 380 397
f 382 401 359
f 401 382 399
f 370 359 403
f 401 403 359
f 370 403 406
f 406 407 365
f 365 370 406
f 357 407 410
f 407 357 365
f 412 344 410
f 357 410 344
f 414 346 344
f 344 412 414
f 346 416 351
f 416 346 414
f 416 393 351
f 333 336 417
f 351 393 317
f 328 420 422
f 333 424 326
f 425 427 331
f 430 324 329
f 210 211 319
f 337 185 340
f 216 350 321
f 350 222 348
f 211 217 319
f 216 222 350
f 230 353 223
f 222 223 348
f 230 233 356
f 356 353 230
f 356 235 367
f 235 356 233
f 362 367 242
f 235 242 367
f 245 363 362
f 362 242 245
f 217 216 321
f 353 348 223
f 340 210 319
f 319 217 321
f 337 432 185
f 340 185 210
f 427 432 331
f 337 331 432
f 430 425 324
f 425 331 324
f 328 422 329
f 422 430 329
f 326 424 420
f 326 420 328
f 433 333 417
f 333 433 424
f 396 336 341
f 417 336 396
f 393 341 317
f 409 408 436
f 128 130 437
f 439 411 409
f 409 436 439
f 411 442 413
f 442 411 439
f 415 413 443
f 442 443 413
f 445 394 415
f 415 443 445
f 448 394 445
f 408 449 436
f 449 405 404
f 408 405 449
f 402 452 404
f 449 404 452
f 402 400 453
f 453 452 402
f 455 400 398
f 400 455 453
f 455 398 457
f 128 398 186
f 457 398 128
f 115 459 121
f 125 461 464
f 465 111 107
f 468 113 470
f 101 96 472
f 103 474 476
f 85 477 479
f 482 483 92
f 485 5 13
f 488 2 489
f 29 492 494
f 21 496 19
f 497 428 426
f 500 431 502
f 497 429 503
f 426 429 497
f 421 419 506
f 506 503 421
f 419 508 506
f 500 183 431
f 421 503 429
f 510 423 434
f 423 510 508
f 419 423 508
f 510 434 512
f 512 418 514
f 418 512 434
f 516 514 395
f 418 395 514
f 394 448 516
f 516 395 394
f 431 428 502
f 502 428 497
f 500 492 26
f 26 183 500
f 29 494 21
f 26 492 29
f 19 496 517
f 21 494 496
f 517 485 13
f 13 19 517
f 489 2 5
f 489 5 485
f 488 84 2
f 85 84 477
f 488 477 84
f 85 482 92
f 479 482 85
f 96 483 472
f 92 483 96
f 103 101 474
f 101 472 474
f 465 107 476
f 107 103 476
f 470 113 111
f 470 111 465
f 468 459 115
f 468 115 113
f 121 461 125
f 459 461 121
f 130 464 437
f 125 464 130
f 128 437 457
f 519 520 521
f 522 523 526
f 527 528 529
f 529 530 531
f 532 533 534
f 535 536 537
f 530 529 538
f 539 541 542
f 520 543 521
f 532 546 537
f 547 548 549
f 550 551 542
f 553 495 519
f 537 546 554
f 556 558 559
f 547 560 561
f 534 562 546
f 564 565 567
f 569 549 570
f 571 572 573
f 571 574 572
f 575 504 570
f 576 578 556
f 579 580 581
f 582 583 584
f 585 586 587
f 493 519 495
f 588 580 589
f 590 591 592
f 593 586 594
f 586 575 595
f 596 597 598
f 599 600 587
f 600 519 493
f 600 493 491
f 600 499 587
f 601 593 602
f 601 603 534
f 498 575 585
f 595 594 586
f 534 603 562
f 446 604 605
f 595 575 527
f 606 607 609
f 444 610 604
f 611 612 613
f 615 606 616
f 606 618 607
f 619 620 621
f 622 624 625
f 612 625 628
f 629 624 622
f 631 634 635
f 636 635 637
f 638 640 538
f 538 641 530
f 560 643 644
f 638 541 646
f 643 647 648
f 647 649 650
f 652 550 559
f 653 649 605
f 655 576 609
f 613 616 656
f 628 615 616
f 621 620 611
f 620 637 658
f 659 631 635
f 637 661 658
f 663 635 634
f 636 664 659
f 665 666 522
f 665 631 659
f 667 668 522
f 665 669 672
f 668 673 523
f 674 673 675
f 675 673 676
f 677 678 679
f 680 677 681
f 682 581 683
f 596 591 684
f 579 581 685
f 686 682 687
f 688 543 532
f 689 685 686
f 537 554 691
f 565 564 535
f 521 692 693
f 546 532 534
f 536 573 688
f 535 694 536
f 694 687 573
f 579 589 580
f 695 696 592
f 598 588 697
f 596 598 698
f 699 683 580
f 588 700 699
f 679 700 597
f 701 702 678
f 684 590 681
f 677 597 684
f 535 691 704
f 532 543 533
f 693 553 521
f 553 519 521
f 533 543 520
f 532 536 688
f 692 521 543
f 553 518 495
f 705 553 693
f 486 518 553
f 537 691 535
f 704 565 535
f 706 567 707
f 537 536 532
f 535 689 694
f 709 705 693
f 688 692 543
f 694 573 536
f 553 705 486
f 572 692 688
f 710 709 693
f 490 486 705
f 712 706 707
f 535 564 689
f 567 706 564
f 706 712 713
f 564 685 689
f 714 710 574
f 572 710 692
f 573 572 688
f 694 686 687
f 487 709 714
f 709 490 705
f 692 710 693
f 572 574 710
f 487 490 709
f 706 713 579
f 685 564 706
f 685 581 686
f 686 694 689
f 706 579 685
f 715 574 583
f 714 574 715
f 687 571 573
f 581 682 686
f 716 717 478
f 571 687 718
f 574 571 583
f 487 714 716
f 710 714 709
f 714 715 717
f 478 487 716
f 712 720 713
f 713 721 589
f 713 589 579
f 722 584 718
f 718 583 571
f 682 718 687
f 581 580 683
f 583 582 715
f 718 682 722
f 716 714 717
f 718 584 583
f 715 582 723
f 481 480 717
f 717 480 478
f 713 720 721
f 720 725 721
f 721 726 697
f 588 589 697
f 697 589 721
f 727 728 722
f 729 584 728
f 683 722 682
f 580 588 699
f 730 723 582
f 722 683 727
f 717 715 723
f 728 584 722
f 729 730 582
f 484 481 723
f 717 723 481
f 721 725 726
f 725 731 726
f 726 733 698
f 697 698 598
f 698 697 726
f 734 735 727
f 702 735 734
f 699 727 683
f 598 700 588
f 730 729 736
f 727 699 734
f 728 727 735
f 730 484 723
f 584 729 582
f 729 737 736
f 471 484 730
f 726 731 733
f 731 739 733
f 740 741 733
f 698 741 596
f 741 698 733
f 742 735 702
f 678 702 679
f 700 734 699
f 597 700 598
f 735 737 728
f 679 734 700
f 737 743 736
f 736 471 730
f 728 737 729
f 737 742 743
f 473 471 736
f 733 739 740
f 739 745 740
f 746 748 745
f 749 751 753
f 745 748 740
f 746 754 748
f 740 755 741
f 756 681 757
f 741 591 596
f 679 702 734
f 596 684 597
f 678 677 680
f 677 679 597
f 742 758 743
f 743 473 736
f 735 742 737
f 742 701 758
f 475 473 743
f 748 755 740
f 759 754 746
f 761 762 763
f 755 591 741
f 755 748 765
f 757 590 696
f 755 592 591
f 680 766 678
f 590 684 591
f 680 681 756
f 681 677 684
f 701 767 758
f 758 475 743
f 702 701 742
f 701 766 767
f 466 475 758
f 754 765 748
f 759 753 754
f 749 768 762
f 765 592 755
f 751 765 754
f 675 696 674
f 592 765 695
f 756 770 680
f 696 590 592
f 771 772 756
f 757 681 590
f 766 773 767
f 767 466 758
f 678 766 701
f 766 770 773
f 469 466 767
f 751 754 753
f 762 768 774
f 765 751 695
f 751 749 762
f 763 777 778
f 751 761 695
f 675 771 757
f 674 696 695
f 770 756 772
f 675 757 696
f 772 773 770
f 773 469 767
f 680 770 766
f 467 469 773
f 763 762 774
f 751 762 761
f 761 763 778
f 695 761 674
f 523 761 778
f 673 674 523
f 523 674 761
f 772 771 779
f 779 460 772
f 757 771 756
f 771 676 779
f 772 467 773
f 460 467 772
f 777 526 778
f 778 526 523
f 781 522 526
f 782 779 676
f 668 782 673
f 779 782 463
f 675 676 771
f 460 779 462
f 781 669 665
f 522 781 665
f 438 782 783
f 522 668 523
f 666 667 522
f 673 782 676
f 668 667 783
f 782 438 463
f 779 463 462
f 631 665 672
f 667 666 784
f 783 667 784
f 785 784 666
f 668 783 782
f 438 783 458
f 637 663 661
f 659 785 665
f 663 637 635
f 784 785 786
f 456 784 786
f 665 785 666
f 785 664 786
f 458 783 784
f 456 458 784
f 620 629 622
f 664 636 787
f 659 664 785
f 635 636 659
f 636 619 787
f 664 787 451
f 456 786 454
f 620 619 637
f 658 629 620
f 625 612 622
f 619 788 787
f 450 451 787
f 637 619 636
f 621 788 619
f 454 786 451
f 664 451 786
f 620 622 611
f 611 622 612
f 628 616 612
f 789 435 621
f 611 613 789
f 788 450 787
f 621 435 788
f 435 450 788
f 618 606 615
f 440 789 790
f 616 613 612
f 611 789 621
f 613 656 790
f 440 435 789
f 616 606 791
f 609 607 655
f 610 790 656
f 791 656 616
f 791 792 610
f 613 790 789
f 440 790 441
f 609 792 606
f 576 655 578
f 791 610 656
f 606 792 791
f 792 793 604
f 441 790 610
f 444 441 610
f 576 793 609
f 556 578 558
f 792 604 610
f 609 793 792
f 793 653 605
f 446 444 604
f 556 653 576
f 559 558 652
f 793 605 604
f 576 653 793
f 653 650 649
f 446 605 447
f 559 650 556
f 550 652 551
f 649 447 605
f 556 650 653
f 650 648 647
f 515 447 649
f 550 648 559
f 542 551 539
f 647 515 649
f 559 648 650
f 648 644 643
f 513 515 647
f 542 644 550
f 646 541 539
f 643 513 647
f 550 644 648
f 644 561 560
f 511 513 643
f 541 561 542
f 640 638 646
f 560 511 643
f 542 561 644
f 541 548 561
f 509 511 560
f 638 548 541
f 641 538 640
f 560 547 509
f 548 547 561
f 528 548 638
f 547 549 569
f 507 509 547
f 538 528 638
f 794 530 641
f 547 569 507
f 528 549 548
f 528 538 529
f 549 527 570
f 505 507 569
f 794 797 530
f 530 797 531
f 799 800 802
f 569 570 505
f 528 527 549
f 529 595 527
f 504 505 570
f 797 802 531
f 800 799 804
f 529 531 595
f 802 800 531
f 595 531 594
f 527 575 570
f 575 586 585
f 498 504 575
f 602 804 805
f 531 800 594
f 808 809 603
f 594 800 602
f 593 587 586
f 501 585 587
f 498 585 501
f 602 805 808
f 804 602 800
f 809 811 603
f 594 602 593
f 808 603 602
f 593 599 587
f 593 601 599
f 491 499 600
f 587 499 501
f 603 811 562
f 602 603 601
f 534 533 601
f 601 533 599
f 533 520 599
f 599 520 600
f 519 600 520
f 813 814 815
f 816 817 818
f 819 820 821
f 813 822 823
f 824 826 827
f 829 832 833
f 835 836 837
f 823 814 813
f 823 822 826
f 838 839 840
f 841 842 843
f 814 844 815
f 844 845 815
f 213 207 845
f 205 845 207
f 203 846 205
f 845 205 846
f 847 817 848
f 198 849 200
f 849 202 200
f 850 851 852
f 853 818 817
f 854 855 856
f 857 255 858
f 859 860 861
f 862 863 864
f 865 866 867
f 868 869 870
f 840 871 872
f 873 874 835
f 875 876 877
f 879 842 880
f 881 883 877
f 884 876 880
f 885 887 888
f 889 890 881
f 891 893 887
f 887 894 888
f 895 888 896
f 897 894 898
f 895 899 900
f 896 888 894
f 901 902 903
f 904 905 906
f 901 907 908
f 908 909 910
f 909 908 911
f 912 908 910
f 914 915 824
f 915 916 917
f 225 918 227
f 919 918 920
f 921 844 814
f 921 920 918
f 220 844 921
f 922 924 916
f 220 213 844
f 910 919 925
f 919 916 925
f 926 907 927
f 907 911 908
f 927 903 905
f 904 928 926
f 929 900 899
f 930 928 929
f 895 896 899
f 929 906 900
f 889 881 877
f 877 876 889
f 865 869 931
f 863 862 932
f 859 933 934
f 935 936 862
f 934 870 860
f 937 867 938
f 931 939 940
f 842 941 880
f 875 877 942
f 841 941 842
f 861 944 863
f 841 832 839
f 842 945 843
f 840 832 871
f 871 832 829
f 863 932 859
f 947 948 949
f 820 950 951
f 952 821 953
f 866 954 951
f 819 874 950
f 868 955 939
f 950 956 866
f 940 957 958
f 933 859 932
f 939 931 868
f 959 935 864
f 944 960 961
f 960 944 962
f 850 959 816
f 963 816 959
f 960 964 961
f 851 818 849
f 963 959 961
f 967 813 848
f 213 845 844
f 846 847 845
f 815 848 813
f 826 822 827
f 967 822 813
f 968 827 822
f 853 203 202
f 845 847 815
f 970 967 971
f 973 967 970
f 815 847 848
f 967 848 971
f 967 968 822
f 973 968 967
f 847 846 853
f 853 846 203
f 202 849 853
f 848 817 971
f 847 853 817
f 816 971 817
f 970 964 975
f 964 970 971
f 973 970 975
f 191 851 198
f 853 849 818
f 851 849 198
f 189 976 191
f 964 971 963
f 963 971 816
f 816 818 850
f 964 963 961
f 976 189 977
f 818 851 850
f 977 189 250
f 935 850 852
f 979 960 980
f 979 964 960
f 935 959 850
f 944 961 864
f 980 960 982
f 982 960 856
f 856 960 962
f 984 982 856
f 191 852 851
f 976 852 191
f 250 986 977
f 936 852 977
f 854 856 962
f 959 864 961
f 864 935 862
f 864 863 944
f 988 984 856
f 962 861 854
f 988 856 855
f 976 977 852
f 252 986 250
f 252 857 986
f 852 936 935
f 989 936 986
f 990 855 854
f 989 932 862
f 990 991 855
f 992 993 994
f 944 861 962
f 863 859 861
f 992 988 855
f 860 990 854
f 855 991 992
f 994 996 992
f 988 992 996
f 977 986 936
f 255 857 252
f 257 998 999
f 936 989 862
f 1000 989 857
f 933 955 934
f 933 932 1000
f 990 1001 991
f 1002 993 991
f 861 860 854
f 860 859 934
f 993 992 991
f 870 1001 990
f 1001 1002 991
f 1004 993 1005
f 993 1004 994
f 986 857 989
f 254 858 255
f 999 858 254
f 989 1000 932
f 858 1006 1000
f 868 934 955
f 933 1006 955
f 938 1005 1002
f 1007 1005 938
f 860 870 990
f 870 934 868
f 1005 993 1002
f 869 937 1001
f 937 938 1002
f 1005 1008 1004
f 1011 1005 1007
f 1011 1008 1005
f 857 858 1000
f 257 999 254
f 958 1012 951
f 1000 1006 933
f 999 1013 1006
f 1014 1015 1016
f 955 1013 939
f 1017 1007 938
f 1001 937 1002
f 870 869 1001
f 869 868 931
f 1007 1017 1018
f 865 867 937
f 938 867 1017
f 1007 1018 1019
f 1019 1011 1007
f 858 999 1006
f 259 998 257
f 998 259 1021
f 1006 1013 955
f 1013 998 1022
f 931 940 954
f 939 1022 940
f 867 956 1017
f 1017 1023 1018
f 869 865 937
f 866 865 954
f 1018 1023 1024
f 866 956 867
f 1017 956 1023
f 1018 1024 1026
f 1026 1019 1018
f 999 998 1013
f 261 1021 259
f 1027 1021 263
f 1013 1022 939
f 1021 957 1022
f 958 954 940
f 874 1023 956
f 931 954 865
f 958 951 954
f 1023 873 1024
f 866 951 950
f 1024 873 1028
f 874 956 950
f 1023 874 873
f 1024 1028 1029
f 1029 1026 1024
f 998 1021 1022
f 261 263 1021
f 1022 957 940
f 1027 1031 957
f 1014 953 1032
f 958 1031 1012
f 1016 1033 836
f 820 951 1012
f 952 836 835
f 950 820 819
f 1028 837 1034
f 835 874 819
f 1028 873 837
f 1036 1029 1028
f 1021 1027 957
f 263 266 1027
f 1031 1037 1012
f 957 1031 958
f 1027 1037 1031
f 1038 820 1012
f 1038 1012 1037
f 835 819 952
f 820 1038 821
f 1040 1041 1042
f 819 821 952
f 1044 1034 1041
f 1034 1036 1028
f 873 835 837
f 1034 837 1033
f 1044 1036 1034
f 1037 1027 266
f 266 267 1037
f 269 1045 267
f 272 273 1046
f 1045 269 272
f 1032 949 1015
f 1045 1047 1038
f 1048 1049 1050
f 821 1047 953
f 1049 1033 1016
f 1014 952 953
f 1042 1041 1049
f 1034 1033 1041
f 837 836 1033
f 1041 1033 1049
f 1044 1041 1040
f 1038 1037 1045
f 267 1045 1037
f 1046 1045 272
f 1038 1047 821
f 1045 1046 1047
f 952 1014 836
f 953 1046 1032
f 1048 1052 1053
f 1055 1049 1048
f 836 1014 1016
f 1016 1050 1049
f 1042 1055 1057
f 1055 1042 1049
f 1040 1042 1057
f 947 273 276
f 953 1047 1046
f 947 1046 273
f 947 949 1032
f 1016 1015 1050
f 1014 1032 1015
f 872 1050 1015
f 1048 829 1052
f 1050 871 1048
f 1055 1048 1053
f 948 276 278
f 1032 1046 947
f 948 872 949
f 1050 872 871
f 1015 949 872
f 840 872 948
f 1048 871 829
f 948 947 276
f 193 838 278
f 948 838 840
f 948 278 838
f 880 941 884
f 1059 833 843
f 832 843 833
f 843 832 841
f 945 1059 843
f 193 285 838
f 840 839 832
f 1061 285 289
f 839 838 1061
f 841 1061 941
f 879 1062 842
f 945 842 1062
f 285 1061 838
f 1064 289 282
f 841 839 1061
f 1064 1061 289
f 875 879 880
f 1064 884 941
f 880 876 875
f 942 1066 875
f 879 875 1066
f 1067 282 297
f 941 1061 1064
f 282 884 1064
f 1067 876 884
f 884 282 1067
f 889 876 1067
f 883 1069 877
f 877 1069 942
f 293 1070 297
f 1070 889 1067
f 297 1070 1067
f 890 889 1070
f 883 881 1072
f 881 893 1072
f 893 881 1073
f 1074 1072 893
f 292 1070 293
f 890 1070 1076
f 881 890 1073
f 893 1073 898
f 891 1074 893
f 312 1076 292
f 890 1076 1073
f 1076 312 897
f 893 898 887
f 1073 1076 898
f 887 898 894
f 891 887 885
f 897 312 302
f 292 1076 1070
f 302 306 1077
f 898 1076 897
f 897 302 1077
f 894 1077 896
f 1079 888 895
f 888 1079 885
f 1080 896 1077
f 897 1077 894
f 306 1080 1077
f 1080 899 896
f 1081 1083 895
f 895 1083 1079
f 306 314 1080
f 899 1080 930
f 314 930 1080
f 895 900 1081
f 899 930 929
f 1086 1081 900
f 314 247 930
f 928 247 244
f 247 928 930
f 900 906 1086
f 929 928 904
f 1087 1086 906
f 926 244 240
f 929 904 906
f 244 926 928
f 906 905 1087
f 905 904 927
f 1089 1087 905
f 911 240 237
f 903 1089 905
f 904 926 927
f 903 927 901
f 1092 1089 903
f 231 911 237
f 240 911 907
f 902 912 1093
f 902 1092 903
f 927 907 901
f 902 901 912
f 1095 1092 902
f 909 231 227
f 907 926 240
f 231 909 911
f 1096 1093 924
f 1093 1095 902
f 901 908 912
f 1093 912 925
f 1096 1095 1093
f 915 1098 1100
f 227 918 909
f 922 1102 924
f 1093 925 924
f 912 910 925
f 924 925 916
f 1096 924 1102
f 225 220 921
f 918 910 909
f 920 917 919
f 1100 916 915
f 910 918 919
f 917 916 919
f 1100 922 916
f 814 823 920
f 225 921 918
f 814 920 921
f 823 826 917
f 823 917 920
f 824 915 826
f 826 915 917
f 914 1098 915
f 1104 1107 1109
f 1112 1114 1107
f 1107 1117 1118
f 1109 1107 1118
f 1107 1120 1122
f 1117 1107 1122
f 1107 1124 1126
f 1120 1107 1126
f 1107 1128 1131
f 1124 1107 1131
f 1133 1128 1107
f 1135 1137 1107
f 1107 1137 1133
f 1138 1140 1107
f 1107 1140 1135
f 1143 1145 1107
f 1107 1145 1138
f 1114 1147 1107
f 1107 1147 1143
f 834 1113 830
f 946 1146 1115
f 834 1060 1115
f 1065 1142 878
f 1146 1063 878
f 1144 1068 882
f 1142 943 1144
f 1139 1075 1141
f 882 1071 1139
f 886 1078 1134
f 886 1141 892
f 1085 1136 1082
f 1136 1134 1084
f 1129 1132 1090
f 1132 1085 1088
f 1130 1094 1097
f 1091 1094 1129
f 923 1101 1125
f 1103 1125 1130
f 1099 913 1127
f 1099 1127 1101
f 1121 913 825
f 913 1121 1127
f 828 1123 825
f 1121 825 1123
f 828 969 1116
f 1116 1123 828
f 969 1119 1116
f 1110 1119 972
f 969 972 1119
f 974 1106 1110
f 1110 972 974
f 965 1106 974
f 1103 923 1125
f 1101 1127 1125
f 1094 1130 1129
f 1097 1103 1130
f 1088 1090 1132
f 1129 1090 1091
f 1136 1084 1082
f 1132 1136 1085
f 1134 1141 886
f 1084 1134 1078
f 1075 1139 1071
f 1075 892 1141
f 943 1068 1144
f 1144 882 1139
f 1146 878 1142
f 1142 1065 943
f 1115 1060 946
f 1063 1146 946
f 834 1115 1113
f 1111 1035 1043
f 1111 1051 831
f 1010 1020 1108
f 1056 1054 1111
f 1111 1054 1051
f 1039 1058 1111
f 1111 1058 1056
f 1111 1043 1039
f 1108 1030 1111
f 1035 1111 1030
f 1108 1020 1025
f 1108 1025 1030
f 1108 1003 1009
f 1010 1108 1009
f 995 1003 1105
f 1108 1105 1003
f 987 997 1105
f 1105 997 995
f 983 985 1105
f 1105 985 987
f 978 981 1105
f 1105 981 983
f 966 978 1105
f 1150 1152 1154
f 1157 1159 1152
f 1152 1161 1163
f 1154 1152 1163
f 1152 1164 1167
f 1161 1152 1167
f 1152 1168 1171
f 1164 1152 1171
f 1152 1172 1174
f 1168 1152 1174
f 1176 1172 1152
f 1178 1180 1152
f 1152 1180 1176
f 1182 1184 1152
f 1152 1184 1178
f 1187 1188 1152
f 1152 1188 1182
f 1159 1191 1152
f 1152 1191 1187
f 563 1155 544
f 810 1190 1158
f 563 812 1158
f 803 1186 806
f 1190 807 806
f 1183 1189 801
f 1186 798 1189
f 642 639 1185
f 795 1185 1183
f 540 1181 1179
f 645 1179 639
f 557 1177 651
f 1181 552 651
f 1175 1173 654
f 1177 577 1173
f 1169 617 614
f 608 617 1175
f 626 623 1170
f 627 1170 1169
f 1165 623 630
f 623 1165 1170
f 1166 1165 657
f 630 657 1165
f 662 1166 660
f 1166 657 660
f 662 633 1160
f 1160 1166 662
f 1162 633 632
f 633 1162 1160
f 1153 1162 671
f 632 671 1162
f 780 1153 670
f 1153 671 670
f 780 524 1149
f 1149 1153 780
f 614 627 1169
f 627 626 1170
f 654 608 1175
f 1175 617 1169
f 557 577 1177
f 1173 577 654
f 1181 540 552
f 1177 1181 651
f 1179 1185 639
f 540 1179 645
f 795 1183 796
f 795 642 1185
f 1189 798 801
f 1183 801 796
f 1190 806 1186
f 1186 803 798
f 1158 812 810
f 807 1190 810
f 563 1158 1155
f 1156 711 708
f 1156 555 545
f 738 732 1151
f 703 690 1156
f 1156 690 555
f 568 566 1156
f 1156 566 703
f 1156 708 568
f 1151 719 1156
f 711 1156 719
f 1151 732 724
f 1151 724 719
f 1151 747 744
f 738 1151 744
f 760 747 1148
f 1151 1148 747
f 750 752 1148
f 1148 752 760
f 775 769 1148
f 1148 769 750
f 776 764 1148
f 1148 764 775
f 525 776 1148

