# https://github.com/mikedh/trimesh
v -45.93777500 103.21689600 18.46014800 0.96078431 0.61960784 0.04313725
v -46.96081500 103.06546000 15.75330500 0.96078431 0.61960784 0.04313725
v -46.96081500 103.06546000 15.75330500 0.96078431 0.61960784 0.04313725
v -46.22572700 103.06546000 17.79637300 0.96078431 0.61960784 0.04313725
v -46.22572700 103.06546000 17.79637300 0.96078431 0.61960784 0.04313725
v -10.71667500 103.89858200 47.74828000 0.96078431 0.61960784 0.04313725
v -11.40617800 103.94950100 47.43877000 0.96078431 0.61960784 0.04313725
v -11.40617800 103.94950100 47.43877000 0.96078431 0.61960784 0.04313725
v -13.48717500 103.94950100 46.88917500 0.96078431 0.61960784 0.04313725
v -13.48717500 103.94950100 46.88917500 0.96078431 0.61960784 0.04313725
v -15.53305900 103.94950100 46.25227700 0.96078431 0.61960784 0.04313725
v -15.53305900 103.94950100 46.25227700 0.96078431 0.61960784 0.04313725
v -18.24686200 103.89858200 45.40701700 0.96078431 0.61960784 0.04313725
v -9.31096600 103.94950100 47.89455400 0.96078431 0.61960784 0.04313725
v -9.31096600 103.94950100 47.89455400 0.96078431 0.61960784 0.04313725
v -5.07467900 103.94950100 48.52569600 0.96078431 0.61960784 0.04313725
v -5.07467900 103.94950100 48.52569600 0.96078431 0.61960784 0.04313725
v -7.20314500 103.94950100 48.25602700 0.96078431 0.61960784 0.04313725
v -7.20314500 103.94950100 48.25602700 0.96078431 0.61960784 0.04313725
v -2.92965600 103.89875800 48.84794200 0.96078431 0.61960784 0.04313725
v -2.92965600 103.89875800 48.84794200 0.96078431 0.61960784 0.04313725
v -21.48262800 103.94950100 43.80648400 0.96078431 0.61960784 0.04313725
v -21.48262800 103.94950100 43.80648400 0.96078431 0.61960784 0.04313725
v -19.53304500 103.94950100 44.70980500 0.96078431 0.61960784 0.04313725
v -19.53304500 103.94950100 44.70980500 0.96078431 0.61960784 0.04313725
v -2.92556900 103.94950100 48.70355200 0.96078431 0.61960784 0.04313725
v -2.92556900 103.94950100 48.70355200 0.96078431 0.61960784 0.04313725
v -2.92556900 103.94950100 48.70355200 0.96078431 0.61960784 0.04313725
v -25.30322600 103.89858200 41.88665400 0.96078431 0.61960784 0.04313725
v -23.38354100 103.94950100 42.82262800 0.96078431 0.61960784 0.04313725
v -23.38354100 103.94950100 42.82262800 0.96078431 0.61960784 0.04313725
v -18.29733500 103.82623300 45.53261600 0.96078431 0.61960784 0.04313725
v -25.37321700 103.82623300 42.00251800 0.96078431 0.61960784 0.04313725
v -31.70253400 103.89858200 37.27860600 0.96078431 0.61960784 0.04313725
v -31.79022400 103.82623300 37.38172100 0.96078431 0.61960784 0.04313725
v -28.81474700 103.94950100 39.37308500 0.96078431 0.61960784 0.04313725
v -28.81474700 103.94950100 39.37308500 0.96078431 0.61960784 0.04313725
v -31.86976400 103.73413100 37.47525400 0.96078431 0.61960784 0.04313725
v -37.38172100 103.82623300 31.79022400 0.96078431 0.61960784 0.04313725
v -37.47525400 103.73413100 31.86976400 0.96078431 0.61960784 0.04313725
v -37.55702200 103.62442800 31.93930200 0.96078431 0.61960784 0.04313725
v -42.10760900 103.73413100 25.43670100 0.96078431 0.61960784 0.04313725
v -42.19948600 103.62442800 25.49220300 0.96078431 0.61960784 0.04313725
v -32.15580400 103.94950100 36.69525900 0.96078431 0.61960784 0.04313725
v -32.15580400 103.94950100 36.69525900 0.96078431 0.61960784 0.04313725
v -33.74261900 103.94950100 35.24108900 0.96078431 0.61960784 0.04313725
v -33.74261900 103.94950100 35.24108900 0.96078431 0.61960784 0.04313725
v -37.27860600 103.89858200 31.70253400 0.96078431 0.61960784 0.04313725
v -35.25775500 103.94950100 33.72595200 0.96078431 0.61960784 0.04313725
v -35.25775500 103.94950100 33.72595200 0.96078431 0.61960784 0.04313725
v -42.00251800 103.82623300 25.37321700 0.96078431 0.61960784 0.04313725
v -45.40701700 103.89858200 18.24686200 0.96078431 0.61960784 0.04313725
v -45.53261600 103.82623300 18.29733500 0.96078431 0.61960784 0.04313725
v -42.27600500 103.49966400 25.53842900 0.96078431 0.61960784 0.04313725
v -37.67797900 103.36276200 32.04216800 0.96078431 0.61960784 0.04313725
v -37.62512600 103.49966400 31.99721900 0.96078431 0.61960784 0.04313725
v -49.37285200 103.36238100 2.94285200 0.96078431 0.61960784 0.04313725
v -49.37285200 103.36238100 2.94285200 0.96078431 0.61960784 0.04313725
v -48.30640000 103.21689600 10.84194100 0.96078431 0.61960784 0.04313725
v -48.25981100 103.36276200 10.83148400 0.96078431 0.61960784 0.04313725
v -44.47776800 103.06546000 21.79848500 0.96078431 0.61960784 0.04313725
v -44.47776800 103.06546000 21.79848500 0.96078431 0.61960784 0.04313725
v -42.37626300 103.21689600 25.59899100 0.96078431 0.61960784 0.04313725
v -48.19211600 103.49966400 10.81629000 0.96078431 0.61960784 0.04313725
v -48.10488500 103.62442800 10.79671200 0.96078431 0.61960784 0.04313725
v -49.21398500 103.62427500 2.93931700 0.96078431 0.61960784 0.04313725
v -49.21398500 103.62427500 2.93931700 0.96078431 0.61960784 0.04313725
v -41.88665400 103.89858200 25.30322600 0.96078431 0.61960784 0.04313725
v -43.81776400 103.94950100 21.46003200 0.96078431 0.61960784 0.04313725
v -43.81776400 103.94950100 21.46003200 0.96078431 0.61960784 0.04313725
v -49.30326800 103.49968000 2.94140600 0.96078431 0.61960784 0.04313725
v -49.30326800 103.49968000 2.94140600 0.96078431 0.61960784 0.04313725
v -49.10636900 103.73416900 2.93661500 0.96078431 0.61960784 0.04313725
v -49.10636900 103.73416900 2.93661500 0.96078431 0.61960784 0.04313725
v -48.00015300 103.73413100 10.77320600 0.96078431 0.61960784 0.04313725
v -45.82909000 103.49966400 18.41647300 0.96078431 0.61960784 0.04313725
v -45.89347100 103.36276200 18.44234300 0.96078431 0.61960784 0.04313725
v -46.25928500 103.94950100 15.51055300 0.96078431 0.61960784 0.04313725
v -46.25928500 103.94950100 15.51055300 0.96078431 0.61960784 0.04313725
v -45.53057900 103.94950100 17.53579100 0.96078431 0.61960784 0.04313725
v -45.53057900 103.94950100 17.53579100 0.96078431 0.61960784 0.04313725
v -48.98377600 103.82619500 2.93338100 0.96078431 0.61960784 0.04313725
v -48.98377600 103.82619500 2.93338100 0.96078431 0.61960784 0.04313725
v -46.89618300 103.94950100 13.46466900 0.96078431 0.61960784 0.04313725
v -46.89618300 103.94950100 13.46466900 0.96078431 0.61960784 0.04313725
v -47.74828000 103.89858200 10.71667500 0.96078431 0.61960784 0.04313725
v -47.88035200 103.82623300 10.74631800 0.96078431 0.61960784 0.04313725
v -48.84824400 103.89852900 2.92966400 0.96078431 0.61960784 0.04313725
v -48.84824400 103.89852900 2.92966400 0.96078431 0.61960784 0.04313725
v -47.89455400 103.94950100 9.31096600 0.96078431 0.61960784 0.04313725
v -47.89455400 103.94950100 9.31096600 0.96078431 0.61960784 0.04313725
v -48.25602700 103.94950100 7.20314500 0.96078431 0.61960784 0.04313725
v -48.25602700 103.94950100 7.20314500 0.96078431 0.61960784 0.04313725
v -48.52569600 103.94950100 5.07467900 0.96078431 0.61960784 0.04313725
v -48.52569600 103.94950100 5.07467900 0.96078431 0.61960784 0.04313725
v -48.70355200 103.94950100 2.92556800 0.96078431 0.61960784 0.04313725
v -48.70355200 103.94950100 2.92556800 0.96078431 0.61960784 0.04313725
v -48.70355200 103.94950100 2.92556800 0.96078431 0.61960784 0.04313725
v -49.42059700 103.21668200 2.94361500 0.96078431 0.61960784 0.04313725
v -49.42059700 103.21668200 2.94361500 0.96078431 0.61960784 0.04313725
v -41.22276300 103.06546000 27.46111700 0.96078431 0.61960784 0.04313725
v -41.22276300 103.06546000 27.46111700 0.96078431 0.61960784 0.04313725
v -42.39766300 103.06546000 25.61191900 0.96078431 0.61960784 0.04313725
v -42.39766300 103.06546000 25.61191900 0.96078431 0.61960784 0.04313725
v -47.60713200 103.06546000 13.67456300 0.96078431 0.61960784 0.04313725
v -47.60713200 103.06546000 13.67456300 0.96078431 0.61960784 0.04313725
v -48.16467300 103.06546000 11.56014800 0.96078431 0.61960784 0.04313725
v -48.16467300 103.06546000 11.56014800 0.96078431 0.61960784 0.04313725
v -49.26602600 103.06546000 5.12718200 0.96078431 0.61960784 0.04313725
v -49.26602600 103.06546000 5.12718200 0.96078431 0.61960784 0.04313725
v -48.99310300 103.06546000 7.28973000 0.96078431 0.61960784 0.04313725
v -48.99310300 103.06546000 7.28973000 0.96078431 0.61960784 0.04313725
v -48.62683500 103.06546000 9.43132500 0.96078431 0.61960784 0.04313725
v -48.62683500 103.06546000 9.43132500 0.96078431 0.61960784 0.04313725
v -45.74614000 103.62442800 18.38313900 0.96078431 0.61960784 0.04313725
v -49.44559500 103.06546000 2.94368400 0.96078431 0.61960784 0.04313725
v -49.44559500 103.06546000 2.94368400 0.96078431 0.61960784 0.04313725
v -49.44559500 103.06546000 2.94368400 0.96078431 0.61960784 0.04313725
v -43.47866100 103.06546000 23.72993700 0.96078431 0.61960784 0.04313725
v -43.47866100 103.06546000 23.72993700 0.96078431 0.61960784 0.04313725
v -37.25473000 103.06546000 32.64288700 0.96078431 0.61960784 0.04313725
v -37.25473000 103.06546000 32.64288700 0.96078431 0.61960784 0.04313725
v -35.77740900 103.06546000 34.25506600 0.96078431 0.61960784 0.04313725
v -35.77740900 103.06546000 34.25506600 0.96078431 0.61960784 0.04313725
v -37.71435200 103.21689600 32.07309700 0.96078431 0.61960784 0.04313725
v -39.97498700 103.06546000 29.24833300 0.96078431 0.61960784 0.04313725
v -39.97498700 103.06546000 29.24833300 0.96078431 0.61960784 0.04313725
v -34.23811000 103.06546000 35.79436500 0.96078431 0.61960784 0.04313725
v -34.23811000 103.06546000 35.79436500 0.96078431 0.61960784 0.04313725
v -42.33539200 103.36276200 25.57430500 0.96078431 0.61960784 0.04313725
v -32.07309700 103.21689600 37.71435200 0.96078431 0.61960784 0.04313725
v -30.96106000 103.06546000 38.66333400 0.96078431 0.61960784 0.04313725
v -30.96106000 103.06546000 38.66333400 0.96078431 0.61960784 0.04313725
v -29.22748200 103.06546000 39.99000200 0.96078431 0.61960784 0.04313725
v -29.22748200 103.06546000 39.99000200 0.96078431 0.61960784 0.04313725
v -39.38784400 103.94950100 28.79425400 0.96078431 0.61960784 0.04313725
v -39.38784400 103.94950100 28.79425400 0.96078431 0.61960784 0.04313725
v -27.44443500 103.06546000 41.23477600 0.96078431 0.61960784 0.04313725
v -27.44443500 103.06546000 41.23477600 0.96078431 0.61960784 0.04313725
v -25.59899100 103.21689600 42.37626300 0.96078431 0.61960784 0.04313725
v -38.08184400 103.94950100 30.50048600 0.96078431 0.61960784 0.04313725
v -38.08184400 103.94950100 30.50048600 0.96078431 0.61960784 0.04313725
v -21.77549400 103.06546000 44.48923900 0.96078431 0.61960784 0.04313725
v -21.77549400 103.06546000 44.48923900 0.96078431 0.61960784 0.04313725
v -23.71154200 103.06546000 43.48783500 0.96078431 0.61960784 0.04313725
v -23.71154200 103.06546000 43.48783500 0.96078431 0.61960784 0.04313725
v -18.46014800 103.21689600 45.93777500 0.96078431 0.61960784 0.04313725
v -19.80377000 103.06546000 45.40186700 0.96078431 0.61960784 0.04313725
v -19.80377000 103.06546000 45.40186700 0.96078431 0.61960784 0.04313725
v -17.78819500 103.06546000 46.22827100 0.96078431 0.61960784 0.04313725
v -17.78819500 103.06546000 46.22827100 0.96078431 0.61960784 0.04313725
v -15.73040500 103.06546000 46.96793400 0.96078431 0.61960784 0.04313725
v -15.73040500 103.06546000 46.96793400 0.96078431 0.61960784 0.04313725
v -13.65166300 103.06546000 47.61425000 0.96078431 0.61960784 0.04313725
v -13.65166300 103.06546000 47.61425000 0.96078431 0.61960784 0.04313725
v -18.41647300 103.49966400 45.82909000 0.96078431 0.61960784 0.04313725
v -25.49220300 103.62442800 42.19948600 0.96078431 0.61960784 0.04313725
v -25.53842900 103.49966400 42.27600500 0.96078431 0.61960784 0.04313725
v -18.44234300 103.36276200 45.89347100 0.96078431 0.61960784 0.04313725
v -10.84194100 103.21689600 48.30640000 0.96078431 0.61960784 0.04313725
v -10.83148400 103.36276200 48.25981100 0.96078431 0.61960784 0.04313725
v -2.94361200 103.21703300 49.42041800 0.96078431 0.61960784 0.04313725
v -2.94361200 103.21703300 49.42041800 0.96078431 0.61960784 0.04313725
v -2.94284800 103.36321300 49.37256600 0.96078431 0.61960784 0.04313725
v -2.94284800 103.36321300 49.37256600 0.96078431 0.61960784 0.04313725
v -9.43132500 103.06546000 48.62683500 0.96078431 0.61960784 0.04313725
v -9.43132500 103.06546000 48.62683500 0.96078431 0.61960784 0.04313725
v -11.55197000 103.06546000 48.16721700 0.96078431 0.61960784 0.04313725
v -11.55197000 103.06546000 48.16721700 0.96078431 0.61960784 0.04313725
v -5.12718200 103.06546000 49.26602600 0.96078431 0.61960784 0.04313725
v -5.12718200 103.06546000 49.26602600 0.96078431 0.61960784 0.04313725
v -7.28973000 103.06546000 48.99310300 0.96078431 0.61960784 0.04313725
v -7.28973000 103.06546000 48.99310300 0.96078431 0.61960784 0.04313725
v -2.94368300 103.06546000 49.44559500 0.96078431 0.61960784 0.04313725
v -2.94368300 103.06546000 49.44559500 0.96078431 0.61960784 0.04313725
v -2.94368300 103.06546000 49.44559500 0.96078431 0.61960784 0.04313725
v -45.39498500 103.06546000 19.81756600 0.96078431 0.61960784 0.04313725
v -45.39498500 103.06546000 19.81756600 0.96078431 0.61960784 0.04313725
v -38.65432700 103.06546000 30.97357000 0.96078431 0.61960784 0.04313725
v -38.65432700 103.06546000 30.97357000 0.96078431 0.61960784 0.04313725
v -45.64654200 103.73413100 18.34311500 0.96078431 0.61960784 0.04313725
v -47.44127300 103.94950100 11.39814000 0.96078431 0.61960784 0.04313725
v -47.44127300 103.94950100 11.39814000 0.96078431 0.61960784 0.04313725
v -32.63682900 103.06546000 37.26078800 0.96078431 0.61960784 0.04313725
v -32.63682900 103.06546000 37.26078800 0.96078431 0.61960784 0.04313725
v -40.61330800 103.94950100 27.03935400 0.96078431 0.61960784 0.04313725
v -40.61330800 103.94950100 27.03935400 0.96078431 0.61960784 0.04313725
v -42.83165400 103.94950100 23.36546300 0.96078431 0.61960784 0.04313725
v -42.83165400 103.94950100 23.36546300 0.96078431 0.61960784 0.04313725
v -44.71657200 103.94950100 19.51948700 0.96078431 0.61960784 0.04313725
v -44.71657200 103.94950100 19.51948700 0.96078431 0.61960784 0.04313725
v -25.61191900 103.06546000 42.39766300 0.96078431 0.61960784 0.04313725
v -25.61191900 103.06546000 42.39766300 0.96078431 0.61960784 0.04313725
v -41.75823600 103.94950100 25.23578300 0.96078431 0.61960784 0.04313725
v -41.75823600 103.94950100 25.23578300 0.96078431 0.61960784 0.04313725
v -31.99721900 103.49966400 37.62512600 0.96078431 0.61960784 0.04313725
v -32.04216800 103.36276200 37.67797900 0.96078431 0.61960784 0.04313725
v -31.93930200 103.62442800 37.55702200 0.96078431 0.61960784 0.04313725
v -36.70121400 103.94950100 32.14984900 0.96078431 0.61960784 0.04313725
v -36.70121400 103.94950100 32.14984900 0.96078431 0.61960784 0.04313725
v -25.57430500 103.36276200 42.33539200 0.96078431 0.61960784 0.04313725
v -25.43670100 103.73413100 42.10760900 0.96078431 0.61960784 0.04313725
v -27.05574800 103.94950100 40.60150100 0.96078431 0.61960784 0.04313725
v -27.05574800 103.94950100 40.60150100 0.96078431 0.61960784 0.04313725
v -30.51278100 103.94950100 38.07299000 0.96078431 0.61960784 0.04313725
v -30.51278100 103.94950100 38.07299000 0.96078431 0.61960784 0.04313725
v -18.38313900 103.62442800 45.74614000 0.96078431 0.61960784 0.04313725
v -18.34311500 103.73413100 45.64654200 0.96078431 0.61960784 0.04313725
v -10.74631800 103.82623300 47.88035200 0.96078431 0.61960784 0.04313725
v -25.23578300 103.94950100 41.75823600 0.96078431 0.61960784 0.04313725
v -25.23578300 103.94950100 41.75823600 0.96078431 0.61960784 0.04313725
v -10.81629000 103.49966400 48.19211600 0.96078431 0.61960784 0.04313725
v -10.79671200 103.62442800 48.10488500 0.96078431 0.61960784 0.04313725
v -10.77320600 103.73413100 48.00015300 0.96078431 0.61960784 0.04313725
v -17.54382900 103.94950100 45.52807600 0.96078431 0.61960784 0.04313725
v -17.54382900 103.94950100 45.52807600 0.96078431 0.61960784 0.04313725
v -2.94140100 103.49997700 49.30306200 0.96078431 0.61960784 0.04313725
v -2.94140100 103.49997700 49.30306200 0.96078431 0.61960784 0.04313725
v -2.93930300 103.62498500 49.21339400 0.96078431 0.61960784 0.04313725
v -2.93930300 103.62498500 49.21339400 0.96078431 0.61960784 0.04313725
v -2.93660800 103.73442100 49.10611700 0.96078431 0.61960784 0.04313725
v -2.93660800 103.73442100 49.10611700 0.96078431 0.61960784 0.04313725
v -2.93336000 103.82661400 48.98301300 0.96078431 0.61960784 0.04313725
v -2.93336000 103.82661400 48.98301300 0.96078431 0.61960784 0.04313725
v -4.41686400 -0.32419700 58.41042300 0.96078431 0.61960784 0.04313725
v -4.41686400 -0.32419700 58.41042300 0.96078431 0.61960784 0.04313725
v -6.78547400 -0.32419700 58.18313600 0.96078431 0.61960784 0.04313725
v -6.78547400 -0.32419700 58.18313600 0.96078431 0.61960784 0.04313725
v -13.79778400 -0.32419700 56.92901600 0.96078431 0.61960784 0.04313725
v -13.79778400 -0.32419700 56.92901600 0.96078431 0.61960784 0.04313725
v -11.46491200 -0.32419700 57.44566000 0.96078431 0.61960784 0.04313725
v -11.46491200 -0.32419700 57.44566000 0.96078431 0.61960784 0.04313725
v -9.13482400 -0.32419700 57.86154600 0.96078431 0.61960784 0.04313725
v -9.13482400 -0.32419700 57.86154600 0.96078431 0.61960784 0.04313725
v -20.59931400 -0.32419700 54.83716600 0.96078431 0.61960784 0.04313725
v -20.59931400 -0.32419700 54.83716600 0.96078431 0.61960784 0.04313725
v -16.09961300 -0.32419700 56.32152200 0.96078431 0.61960784 0.04313725
v -16.09961300 -0.32419700 56.32152200 0.96078431 0.61960784 0.04313725
v -29.19196900 -0.32419700 50.78654500 0.96078431 0.61960784 0.04313725
v -29.19196900 -0.32419700 50.78654500 0.96078431 0.61960784 0.04313725
v -27.11569200 -0.32419700 51.92422900 0.96078431 0.61960784 0.04313725
v -27.11569200 -0.32419700 51.92422900 0.96078431 0.61960784 0.04313725
v -24.99033200 -0.32419700 52.97911800 0.96078431 0.61960784 0.04313725
v -24.99033200 -0.32419700 52.97911800 0.96078431 0.61960784 0.04313725
v -22.81588900 -0.32419700 53.95122100 0.96078431 0.61960784 0.04313725
v -22.81588900 -0.32419700 53.95122100 0.96078431 0.61960784 0.04313725
v -35.15147000 -0.32419700 46.85883700 0.96078431 0.61960784 0.04313725
v -35.15147000 -0.32419700 46.85883700 0.96078431 0.61960784 0.04313725
v -33.22389200 -0.32419700 48.24385800 0.96078431 0.61960784 0.04313725
v -33.22389200 -0.32419700 48.24385800 0.96078431 0.61960784 0.04313725
v -31.23416500 -0.32419700 49.55538900 0.96078431 0.61960784 0.04313725
v -31.23416500 -0.32419700 49.55538900 0.96078431 0.61960784 0.04313725
v -38.83138300 -0.32419700 43.85712400 0.96078431 0.61960784 0.04313725
v -38.83138300 -0.32419700 43.85712400 0.96078431 0.61960784 0.04313725
v -40.58385500 -0.32419700 42.24029200 0.96078431 0.61960784 0.04313725
v -40.58385500 -0.32419700 42.24029200 0.96078431 0.61960784 0.04313725
v -37.01689900 -0.32419700 45.40032600 0.96078431 0.61960784 0.04313725
v -37.01689900 -0.32419700 45.40032600 0.96078431 0.61960784 0.04313725
v -46.87675100 -0.32419700 35.12630500 0.96078431 0.61960784 0.04313725
v -46.87675100 -0.32419700 35.12630500 0.96078431 0.61960784 0.04313725
v -45.40790600 -0.32419700 37.00625200 0.96078431 0.61960784 0.04313725
v -45.40790600 -0.32419700 37.00625200 0.96078431 0.61960784 0.04313725
v -42.26283600 -0.32419700 40.56131000 0.96078431 0.61960784 0.04313725
v -42.26283600 -0.32419700 40.56131000 0.96078431 0.61960784 0.04313725
v -50.79095100 -0.32419700 29.18288400 0.96078431 0.61960784 0.04313725
v -50.79095100 -0.32419700 29.18288400 0.96078431 0.61960784 0.04313725
v -49.56607100 -0.32419700 31.21916400 0.96078431 0.61960784 0.04313725
v -49.56607100 -0.32419700 31.21916400 0.96078431 0.61960784 0.04313725
v -48.26280600 -0.32419700 33.19727700 0.96078431 0.61960784 0.04313725
v -48.26280600 -0.32419700 33.19727700 0.96078431 0.61960784 0.04313725
v -52.99364100 -0.32419700 24.96040300 0.96078431 0.61960784 0.04313725
v -52.99364100 -0.32419700 24.96040300 0.96078431 0.61960784 0.04313725
v -53.96030000 -0.32419700 22.79718600 0.96078431 0.61960784 0.04313725
v -53.96030000 -0.32419700 22.79718600 0.96078431 0.61960784 0.04313725
v -51.93719100 -0.32419700 27.08897000 0.96078431 0.61960784 0.04313725
v -51.93719100 -0.32419700 27.08897000 0.96078431 0.61960784 0.04313725
v -54.83911100 -0.32419700 20.59266300 0.96078431 0.61960784 0.04313725
v -54.83911100 -0.32419700 20.59266300 0.96078431 0.61960784 0.04313725
v -56.33098200 -0.32419700 16.06730800 0.96078431 0.61960784 0.04313725
v -56.33098200 -0.32419700 16.06730800 0.96078431 0.61960784 0.04313725
v -55.63219800 -0.32419700 18.33961700 0.96078431 0.61960784 0.04313725
v -55.63219800 -0.32419700 18.33961700 0.96078431 0.61960784 0.04313725
v -56.93547100 -0.32419700 13.77574200 0.96078431 0.61960784 0.04313725
v -56.93547100 -0.32419700 13.77574200 0.96078431 0.61960784 0.04313725
v -57.44566000 -0.32419700 11.46491200 0.96078431 0.61960784 0.04313725
v -57.44566000 -0.32419700 11.46491200 0.96078431 0.61960784 0.04313725
v -57.86154600 -0.32419700 9.13482400 0.96078431 0.61960784 0.04313725
v -57.86154600 -0.32419700 9.13482400 0.96078431 0.61960784 0.04313725
v -58.18313600 -0.32419700 6.78547400 0.96078431 0.61960784 0.04313725
v -58.18313600 -0.32419700 6.78547400 0.96078431 0.61960784 0.04313725
v -58.41042300 -0.32419700 4.41686400 0.96078431 0.61960784 0.04313725
v -58.41042300 -0.32419700 4.41686400 0.96078431 0.61960784 0.04313725
v -53.99865300 51.37099100 2.48581500 0.96078431 0.61960784 0.04313725
v -53.99865300 51.37099100 2.48581500 0.96078431 0.61960784 0.04313725
v -58.54341500 -0.32419700 2.02899400 0.96078431 0.61960784 0.04313725
v -58.54341500 -0.32419700 2.02899400 0.96078431 0.61960784 0.04313725
v -58.54341500 -0.32419700 2.02899400 0.96078431 0.61960784 0.04313725
v -43.86832800 -0.32419700 38.82017900 0.96078431 0.61960784 0.04313725
v -43.86832800 -0.32419700 38.82017900 0.96078431 0.61960784 0.04313725
v -18.36678900 -0.32419700 55.62424100 0.96078431 0.61960784 0.04313725
v -18.36678900 -0.32419700 55.62424100 0.96078431 0.61960784 0.04313725
v -2.48581500 51.37099100 53.99865300 0.96078431 0.61960784 0.04313725
v -2.48581500 51.37099100 53.99865300 0.96078431 0.61960784 0.04313725
v -2.02899300 -0.32419700 58.54341500 0.96078431 0.61960784 0.04313725
v -2.02899300 -0.32419700 58.54341500 0.96078431 0.61960784 0.04313725
v -2.02899300 -0.32419700 58.54341500 0.96078431 0.61960784 0.04313725
v -23.72993700 103.06546000 -43.47866100 0.96078431 0.61960784 0.04313725
v -23.72993700 103.06546000 -43.47866100 0.96078431 0.61960784 0.04313725
v -25.59899100 103.21689600 -42.37626300 0.96078431 0.61960784 0.04313725
v -21.79848500 103.06546000 -44.47776800 0.96078431 0.61960784 0.04313725
v -21.79848500 103.06546000 -44.47776800 0.96078431 0.61960784 0.04313725
v -5.12718200 103.06546000 -49.26602600 0.96078431 0.61960784 0.04313725
v -5.12718200 103.06546000 -49.26602600 0.96078431 0.61960784 0.04313725
v -7.28973000 103.06546000 -48.99310300 0.96078431 0.61960784 0.04313725
v -7.28973000 103.06546000 -48.99310300 0.96078431 0.61960784 0.04313725
v -2.94361500 103.21668200 -49.42059700 0.96078431 0.61960784 0.04313725
v -2.94361500 103.21668200 -49.42059700 0.96078431 0.61960784 0.04313725
v -2.94368400 103.06546000 -49.44559500 0.96078431 0.61960784 0.04313725
v -2.94368400 103.06546000 -49.44559500 0.96078431 0.61960784 0.04313725
v -2.94368400 103.06546000 -49.44559500 0.96078431 0.61960784 0.04313725
v -11.56014800 103.06546000 -48.16467300 0.96078431 0.61960784 0.04313725
v -11.56014800 103.06546000 -48.16467300 0.96078431 0.61960784 0.04313725
v -10.84194100 103.21689600 -48.30640000 0.96078431 0.61960784 0.04313725
v -9.43132500 103.06546000 -48.62683500 0.96078431 0.61960784 0.04313725
v -9.43132500 103.06546000 -48.62683500 0.96078431 0.61960784 0.04313725
v -13.67456300 103.06546000 -47.60713200 0.96078431 0.61960784 0.04313725
v -13.67456300 103.06546000 -47.60713200 0.96078431 0.61960784 0.04313725
v -15.75330500 103.06546000 -46.96081500 0.96078431 0.61960784 0.04313725
v -15.75330500 103.06546000 -46.96081500 0.96078431 0.61960784 0.04313725
v -17.79637300 103.06546000 -46.22572700 0.96078431 0.61960784 0.04313725
v -17.79637300 103.06546000 -46.22572700 0.96078431 0.61960784 0.04313725
v -18.46014800 103.21689600 -45.93777500 0.96078431 0.61960784 0.04313725
v -10.83148400 103.36276200 -48.25981100 0.96078431 0.61960784 0.04313725
v -2.94285200 103.36238100 -49.37285200 0.96078431 0.61960784 0.04313725
v -2.94285200 103.36238100 -49.37285200 0.96078431 0.61960784 0.04313725
v -19.81756600 103.06546000 -45.39498500 0.96078431 0.61960784 0.04313725
v -19.81756600 103.06546000 -45.39498500 0.96078431 0.61960784 0.04313725
v -27.46111700 103.06546000 -41.22276300 0.96078431 0.61960784 0.04313725
v -27.46111700 103.06546000 -41.22276300 0.96078431 0.61960784 0.04313725
v -29.24833300 103.06546000 -39.97498700 0.96078431 0.61960784 0.04313725
v -29.24833300 103.06546000 -39.97498700 0.96078431 0.61960784 0.04313725
v -25.61191900 103.06546000 -42.39766300 0.96078431 0.61960784 0.04313725
v -25.61191900 103.06546000 -42.39766300 0.96078431 0.61960784 0.04313725
v -34.25506600 103.06546000 -35.77740900 0.96078431 0.61960784 0.04313725
v -34.25506600 103.06546000 -35.77740900 0.96078431 0.61960784 0.04313725
v -32.07309700 103.21689600 -37.71435200 0.96078431 0.61960784 0.04313725
v -32.64288700 103.06546000 -37.25473000 0.96078431 0.61960784 0.04313725
v -32.64288700 103.06546000 -37.25473000 0.96078431 0.61960784 0.04313725
v -35.79436500 103.06546000 -34.23811000 0.96078431 0.61960784 0.04313725
v -35.79436500 103.06546000 -34.23811000 0.96078431 0.61960784 0.04313725
v -10.81629000 103.49966400 -48.19211600 0.96078431 0.61960784 0.04313725
v -2.94140600 103.49968000 -49.30326800 0.96078431 0.61960784 0.04313725
v -2.94140600 103.49968000 -49.30326800 0.96078431 0.61960784 0.04313725
v -25.57430500 103.36276200 -42.33539200 0.96078431 0.61960784 0.04313725
v -25.53842900 103.49966400 -42.27600500 0.96078431 0.61960784 0.04313725
v -18.41647300 103.49966400 -45.82909000 0.96078431 0.61960784 0.04313725
v -33.72595200 103.94950100 -35.25775500 0.96078431 0.61960784 0.04313725
v -33.72595200 103.94950100 -35.25775500 0.96078431 0.61960784 0.04313725
v -31.70253400 103.89858200 -37.27860600 0.96078431 0.61960784 0.04313725
v -37.27860600 103.89858200 -31.70253400 0.96078431 0.61960784 0.04313725
v -35.24108900 103.94950100 -33.74261900 0.96078431 0.61960784 0.04313725
v -35.24108900 103.94950100 -33.74261900 0.96078431 0.61960784 0.04313725
v -43.48783500 103.06546000 -23.71154200 0.96078431 0.61960784 0.04313725
v -43.48783500 103.06546000 -23.71154200 0.96078431 0.61960784 0.04313725
v -44.48923900 103.06546000 -21.77549400 0.96078431 0.61960784 0.04313725
v -44.48923900 103.06546000 -21.77549400 0.96078431 0.61960784 0.04313725
v -42.37626300 103.21689600 -25.59899100 0.96078431 0.61960784 0.04313725
v -45.40701700 103.89858200 -18.24686200 0.96078431 0.61960784 0.04313725
v -43.80648400 103.94950100 -21.48262800 0.96078431 0.61960784 0.04313725
v -43.80648400 103.94950100 -21.48262800 0.96078431 0.61960784 0.04313725
v -41.88665400 103.89858200 -25.30322600 0.96078431 0.61960784 0.04313725
v -25.49220300 103.62442800 -42.19948600 0.96078431 0.61960784 0.04313725
v -18.38313900 103.62442800 -45.74614000 0.96078431 0.61960784 0.04313725
v -31.99721900 103.49966400 -37.62512600 0.96078431 0.61960784 0.04313725
v -37.71435200 103.21689600 -32.07309700 0.96078431 0.61960784 0.04313725
v -45.40186700 103.06546000 -19.80377000 0.96078431 0.61960784 0.04313725
v -45.40186700 103.06546000 -19.80377000 0.96078431 0.61960784 0.04313725
v -45.93777500 103.21689600 -18.46014800 0.96078431 0.61960784 0.04313725
v -46.96793400 103.06546000 -15.73040500 0.96078431 0.61960784 0.04313725
v -46.96793400 103.06546000 -15.73040500 0.96078431 0.61960784 0.04313725
v -46.22827100 103.06546000 -17.78819500 0.96078431 0.61960784 0.04313725
v -46.22827100 103.06546000 -17.78819500 0.96078431 0.61960784 0.04313725
v -39.99000200 103.06546000 -29.22748200 0.96078431 0.61960784 0.04313725
v -39.99000200 103.06546000 -29.22748200 0.96078431 0.61960784 0.04313725
v -42.27600500 103.49966400 -25.53842900 0.96078431 0.61960784 0.04313725
v -45.82909000 103.49966400 -18.41647300 0.96078431 0.61960784 0.04313725
v -42.19948600 103.62442800 -25.49220300 0.96078431 0.61960784 0.04313725
v -49.42041800 103.21703300 -2.94361200 0.96078431 0.61960784 0.04313725
v -49.42041800 103.21703300 -2.94361200 0.96078431 0.61960784 0.04313725
v -48.25981100 103.36276200 -10.83148400 0.96078431 0.61960784 0.04313725
v -48.30640000 103.21689600 -10.84194100 0.96078431 0.61960784 0.04313725
v -47.61425000 103.06546000 -13.65166300 0.96078431 0.61960784 0.04313725
v -47.61425000 103.06546000 -13.65166300 0.96078431 0.61960784 0.04313725
v -45.89347100 103.36276200 -18.44234300 0.96078431 0.61960784 0.04313725
v -39.37308500 103.94950100 -28.81474700 0.96078431 0.61960784 0.04313725
v -39.37308500 103.94950100 -28.81474700 0.96078431 0.61960784 0.04313725
v -49.37256600 103.36321300 -2.94284800 0.96078431 0.61960784 0.04313725
v -49.37256600 103.36321300 -2.94284800 0.96078431 0.61960784 0.04313725
v -48.16721700 103.06546000 -11.55197000 0.96078431 0.61960784 0.04313725
v -48.16721700 103.06546000 -11.55197000 0.96078431 0.61960784 0.04313725
v -48.62683500 103.06546000 -9.43132500 0.96078431 0.61960784 0.04313725
v -48.62683500 103.06546000 -9.43132500 0.96078431 0.61960784 0.04313725
v -48.99310300 103.06546000 -7.28973000 0.96078431 0.61960784 0.04313725
v -48.99310300 103.06546000 -7.28973000 0.96078431 0.61960784 0.04313725
v -49.26602600 103.06546000 -5.12718200 0.96078431 0.61960784 0.04313725
v -49.26602600 103.06546000 -5.12718200 0.96078431 0.61960784 0.04313725
v -49.44559500 103.06546000 -2.94368300 0.96078431 0.61960784 0.04313725
v -49.44559500 103.06546000 -2.94368300 0.96078431 0.61960784 0.04313725
v -49.44559500 103.06546000 -2.94368300 0.96078431 0.61960784 0.04313725
v -45.53261600 103.82623300 -18.29733500 0.96078431 0.61960784 0.04313725
v -37.38172100 103.82623300 -31.79022400 0.96078431 0.61960784 0.04313725
v -42.00251800 103.82623300 -25.37321700 0.96078431 0.61960784 0.04313725
v -46.25227700 103.94950100 -15.53305900 0.96078431 0.61960784 0.04313725
v -46.25227700 103.94950100 -15.53305900 0.96078431 0.61960784 0.04313725
v -47.74828000 103.89858200 -10.71667500 0.96078431 0.61960784 0.04313725
v -46.88917500 103.94950100 -13.48717500 0.96078431 0.61960784 0.04313725
v -46.88917500 103.94950100 -13.48717500 0.96078431 0.61960784 0.04313725
v -44.70980500 103.94950100 -19.53304500 0.96078431 0.61960784 0.04313725
v -44.70980500 103.94950100 -19.53304500 0.96078431 0.61960784 0.04313725
v -48.52569600 103.94950100 -5.07467900 0.96078431 0.61960784 0.04313725
v -48.52569600 103.94950100 -5.07467900 0.96078431 0.61960784 0.04313725
v -48.25602700 103.94950100 -7.20314500 0.96078431 0.61960784 0.04313725
v -48.25602700 103.94950100 -7.20314500 0.96078431 0.61960784 0.04313725
v -48.84794200 103.89875800 -2.92965600 0.96078431 0.61960784 0.04313725
v -48.84794200 103.89875800 -2.92965600 0.96078431 0.61960784 0.04313725
v -47.43877000 103.94950100 -11.40617800 0.96078431 0.61960784 0.04313725
v -47.43877000 103.94950100 -11.40617800 0.96078431 0.61960784 0.04313725
v -47.89455400 103.94950100 -9.31096600 0.96078431 0.61960784 0.04313725
v -47.89455400 103.94950100 -9.31096600 0.96078431 0.61960784 0.04313725
v -48.70355200 103.94950100 -2.92556900 0.96078431 0.61960784 0.04313725
v -48.70355200 103.94950100 -2.92556900 0.96078431 0.61960784 0.04313725
v -48.70355200 103.94950100 -2.92556900 0.96078431 0.61960784 0.04313725
v -42.82262800 103.94950100 -23.38354100 0.96078431 0.61960784 0.04313725
v -42.82262800 103.94950100 -23.38354100 0.96078431 0.61960784 0.04313725
v -36.69525900 103.94950100 -32.15580400 0.96078431 0.61960784 0.04313725
v -36.69525900 103.94950100 -32.15580400 0.96078431 0.61960784 0.04313725
v -31.79022400 103.82623300 -37.38172100 0.96078431 0.61960784 0.04313725
v -31.86976400 103.73413100 -37.47525400 0.96078431 0.61960784 0.04313725
v -37.47525400 103.73413100 -31.86976400 0.96078431 0.61960784 0.04313725
v -25.37321700 103.82623300 -42.00251800 0.96078431 0.61960784 0.04313725
v -25.43670100 103.73413100 -42.10760900 0.96078431 0.61960784 0.04313725
v -31.93930200 103.62442800 -37.55702200 0.96078431 0.61960784 0.04313725
v -32.04216800 103.36276200 -37.67797900 0.96078431 0.61960784 0.04313725
v -30.50048600 103.94950100 -38.08184400 0.96078431 0.61960784 0.04313725
v -30.50048600 103.94950100 -38.08184400 0.96078431 0.61960784 0.04313725
v -28.79425400 103.94950100 -39.38784400 0.96078431 0.61960784 0.04313725
v -28.79425400 103.94950100 -39.38784400 0.96078431 0.61960784 0.04313725
v -10.79671200 103.62442800 -48.10488500 0.96078431 0.61960784 0.04313725
v -41.23477600 103.06546000 -27.44443500 0.96078431 0.61960784 0.04313725
v -41.23477600 103.06546000 -27.44443500 0.96078431 0.61960784 0.04313725
v -25.30322600 103.89858200 -41.88665400 0.96078431 0.61960784 0.04313725
v -18.24686200 103.89858200 -45.40701700 0.96078431 0.61960784 0.04313725
v -18.29733500 103.82623300 -45.53261600 0.96078431 0.61960784 0.04313725
v -38.66333400 103.06546000 -30.96106000 0.96078431 0.61960784 0.04313725
v -38.66333400 103.06546000 -30.96106000 0.96078431 0.61960784 0.04313725
v -2.93931700 103.62427500 -49.21398500 0.96078431 0.61960784 0.04313725
v -2.93931700 103.62427500 -49.21398500 0.96078431 0.61960784 0.04313725
v -21.46003200 103.94950100 -43.81776400 0.96078431 0.61960784 0.04313725
v -21.46003200 103.94950100 -43.81776400 0.96078431 0.61960784 0.04313725
v -15.51055300 103.94950100 -46.25928500 0.96078431 0.61960784 0.04313725
v -15.51055300 103.94950100 -46.25928500 0.96078431 0.61960784 0.04313725
v -17.53579100 103.94950100 -45.53057900 0.96078431 0.61960784 0.04313725
v -17.53579100 103.94950100 -45.53057900 0.96078431 0.61960784 0.04313725
v -18.44234300 103.36276200 -45.89347100 0.96078431 0.61960784 0.04313725
v -10.77320600 103.73413100 -48.00015300 0.96078431 0.61960784 0.04313725
v -2.93338100 103.82619500 -48.98377600 0.96078431 0.61960784 0.04313725
v -2.93338100 103.82619500 -48.98377600 0.96078431 0.61960784 0.04313725
v -2.93661500 103.73416900 -49.10636900 0.96078431 0.61960784 0.04313725
v -2.93661500 103.73416900 -49.10636900 0.96078431 0.61960784 0.04313725
v -13.46466900 103.94950100 -46.89618300 0.96078431 0.61960784 0.04313725
v -13.46466900 103.94950100 -46.89618300 0.96078431 0.61960784 0.04313725
v -10.71667500 103.89858200 -47.74828000 0.96078431 0.61960784 0.04313725
v -10.74631800 103.82623300 -47.88035200 0.96078431 0.61960784 0.04313725
v -2.92966400 103.89852900 -48.84824400 0.96078431 0.61960784 0.04313725
v -2.92966400 103.89852900 -48.84824400 0.96078431 0.61960784 0.04313725
v -7.20314500 103.94950100 -48.25602700 0.96078431 0.61960784 0.04313725
v -7.20314500 103.94950100 -48.25602700 0.96078431 0.61960784 0.04313725
v -9.31096600 103.94950100 -47.89455400 0.96078431 0.61960784 0.04313725
v -9.31096600 103.94950100 -47.89455400 0.96078431 0.61960784 0.04313725
v -5.07467900 103.94950100 -48.52569600 0.96078431 0.61960784 0.04313725
v -5.07467900 103.94950100 -48.52569600 0.96078431 0.61960784 0.04313725
v -2.92556800 103.94950100 -48.70355200 0.96078431 0.61960784 0.04313725
v -2.92556800 103.94950100 -48.70355200 0.96078431 0.61960784 0.04313725
v -2.92556800 103.94950100 -48.70355200 0.96078431 0.61960784 0.04313725
v -30.97357000 103.06546000 -38.65432700 0.96078431 0.61960784 0.04313725
v -30.97357000 103.06546000 -38.65432700 0.96078431 0.61960784 0.04313725
v -18.34311500 103.73413100 -45.64654200 0.96078431 0.61960784 0.04313725
v -11.39814000 103.94950100 -47.44127300 0.96078431 0.61960784 0.04313725
v -11.39814000 103.94950100 -47.44127300 0.96078431 0.61960784 0.04313725
v -37.26078800 103.06546000 -32.63682900 0.96078431 0.61960784 0.04313725
v -37.26078800 103.06546000 -32.63682900 0.96078431 0.61960784 0.04313725
v -27.03935400 103.94950100 -40.61330800 0.96078431 0.61960784 0.04313725
v -27.03935400 103.94950100 -40.61330800 0.96078431 0.61960784 0.04313725
v -23.36546300 103.94950100 -42.83165400 0.96078431 0.61960784 0.04313725
v -23.36546300 103.94950100 -42.83165400 0.96078431 0.61960784 0.04313725
v -19.51948700 103.94950100 -44.71657200 0.96078431 0.61960784 0.04313725
v -19.51948700 103.94950100 -44.71657200 0.96078431 0.61960784 0.04313725
v -42.39766300 103.06546000 -25.61191900 0.96078431 0.61960784 0.04313725
v -42.39766300 103.06546000 -25.61191900 0.96078431 0.61960784 0.04313725
v -25.23578300 103.94950100 -41.75823600 0.96078431 0.61960784 0.04313725
v -25.23578300 103.94950100 -41.75823600 0.96078431 0.61960784 0.04313725
v -37.62512600 103.49966400 -31.99721900 0.96078431 0.61960784 0.04313725
v -37.67797900 103.36276200 -32.04216800 0.96078431 0.61960784 0.04313725
v -37.55702200 103.62442800 -31.93930200 0.96078431 0.61960784 0.04313725
v -32.14984900 103.94950100 -36.70121400 0.96078431 0.61960784 0.04313725
v -32.14984900 103.94950100 -36.70121400 0.96078431 0.61960784 0.04313725
v -42.33539200 103.36276200 -25.57430500 0.96078431 0.61960784 0.04313725
v -42.10760900 103.73413100 -25.43670100 0.96078431 0.61960784 0.04313725
v -40.60150100 103.94950100 -27.05574800 0.96078431 0.61960784 0.04313725
v -40.60150100 103.94950100 -27.05574800 0.96078431 0.61960784 0.04313725
v -38.07299000 103.94950100 -30.51278100 0.96078431 0.61960784 0.04313725
v -38.07299000 103.94950100 -30.51278100 0.96078431 0.61960784 0.04313725
v -45.74614000 103.62442800 -18.38313900 0.96078431 0.61960784 0.04313725
v -45.64654200 103.73413100 -18.34311500 0.96078431 0.61960784 0.04313725
v -47.88035200 103.82623300 -10.74631800 0.96078431 0.61960784 0.04313725
v -41.75823600 103.94950100 -25.23578300 0.96078431 0.61960784 0.04313725
v -41.75823600 103.94950100 -25.23578300 0.96078431 0.61960784 0.04313725
v -48.19211600 103.49966400 -10.81629000 0.96078431 0.61960784 0.04313725
v -48.10488500 103.62442800 -10.79671200 0.96078431 0.61960784 0.04313725
v -48.00015300 103.73413100 -10.77320600 0.96078431 0.61960784 0.04313725
v -45.52807600 103.94950100 -17.54382900 0.96078431 0.61960784 0.04313725
v -45.52807600 103.94950100 -17.54382900 0.96078431 0.61960784 0.04313725
v -49.30306200 103.49997700 -2.94140100 0.96078431 0.61960784 0.04313725
v -49.30306200 103.49997700 -2.94140100 0.96078431 0.61960784 0.04313725
v -49.21339400 103.62498500 -2.93930300 0.96078431 0.61960784 0.04313725
v -49.21339400 103.62498500 -2.93930300 0.96078431 0.61960784 0.04313725
v -49.10611700 103.73442100 -2.93660800 0.96078431 0.61960784 0.04313725
v -49.10611700 103.73442100 -2.93660800 0.96078431 0.61960784 0.04313725
v -48.98301300 103.82661400 -2.93336000 0.96078431 0.61960784 0.04313725
v -48.98301300 103.82661400 -2.93336000 0.96078431 0.61960784 0.04313725
v -9.13482400 -0.32419700 -57.86154600 0.96078431 0.61960784 0.04313725
v -9.13482400 -0.32419700 -57.86154600 0.96078431 0.61960784 0.04313725
v -4.41686400 -0.32419700 -58.41042300 0.96078431 0.61960784 0.04313725
v -4.41686400 -0.32419700 -58.41042300 0.96078431 0.61960784 0.04313725
v -2.48581500 51.37099100 -53.99865300 0.96078431 0.61960784 0.04313725
v -2.48581500 51.37099100 -53.99865300 0.96078431 0.61960784 0.04313725
v -2.02899400 -0.32419700 -58.54341500 0.96078431 0.61960784 0.04313725
v -2.02899400 -0.32419700 -58.54341500 0.96078431 0.61960784 0.04313725
v -2.02899400 -0.32419700 -58.54341500 0.96078431 0.61960784 0.04313725
v -13.77574200 -0.32419700 -56.93547100 0.96078431 0.61960784 0.04313725
v -13.77574200 -0.32419700 -56.93547100 0.96078431 0.61960784 0.04313725
v -6.78547400 -0.32419700 -58.18313600 0.96078431 0.61960784 0.04313725
v -6.78547400 -0.32419700 -58.18313600 0.96078431 0.61960784 0.04313725
v -18.33961700 -0.32419700 -55.63219800 0.96078431 0.61960784 0.04313725
v -18.33961700 -0.32419700 -55.63219800 0.96078431 0.61960784 0.04313725
v -20.59266300 -0.32419700 -54.83911100 0.96078431 0.61960784 0.04313725
v -20.59266300 -0.32419700 -54.83911100 0.96078431 0.61960784 0.04313725
v -16.06730800 -0.32419700 -56.33098200 0.96078431 0.61960784 0.04313725
v -16.06730800 -0.32419700 -56.33098200 0.96078431 0.61960784 0.04313725
v -27.08897000 -0.32419700 -51.93719100 0.96078431 0.61960784 0.04313725
v -27.08897000 -0.32419700 -51.93719100 0.96078431 0.61960784 0.04313725
v -24.96040300 -0.32419700 -52.99364100 0.96078431 0.61960784 0.04313725
v -24.96040300 -0.32419700 -52.99364100 0.96078431 0.61960784 0.04313725
v -22.79718600 -0.32419700 -53.96030000 0.96078431 0.61960784 0.04313725
v -22.79718600 -0.32419700 -53.96030000 0.96078431 0.61960784 0.04313725
v -31.21916400 -0.32419700 -49.56607100 0.96078431 0.61960784 0.04313725
v -31.21916400 -0.32419700 -49.56607100 0.96078431 0.61960784 0.04313725
v -33.19727700 -0.32419700 -48.26280600 0.96078431 0.61960784 0.04313725
v -33.19727700 -0.32419700 -48.26280600 0.96078431 0.61960784 0.04313725
v -29.18288400 -0.32419700 -50.79095100 0.96078431 0.61960784 0.04313725
v -29.18288400 -0.32419700 -50.79095100 0.96078431 0.61960784 0.04313725
v -37.00625200 -0.32419700 -45.40790600 0.96078431 0.61960784 0.04313725
v -37.00625200 -0.32419700 -45.40790600 0.96078431 0.61960784 0.04313725
v -35.12630500 -0.32419700 -46.87675100 0.96078431 0.61960784 0.04313725
v -35.12630500 -0.32419700 -46.87675100 0.96078431 0.61960784 0.04313725
v -43.85712400 -0.32419700 -38.83138300 0.96078431 0.61960784 0.04313725
v -43.85712400 -0.32419700 -38.83138300 0.96078431 0.61960784 0.04313725
v -42.24029200 -0.32419700 -40.58385500 0.96078431 0.61960784 0.04313725
v -42.24029200 -0.32419700 -40.58385500 0.96078431 0.61960784 0.04313725
v -40.56131000 -0.32419700 -42.26283600 0.96078431 0.61960784 0.04313725
v -40.56131000 -0.32419700 -42.26283600 0.96078431 0.61960784 0.04313725
v -46.85883700 -0.32419700 -35.15147000 0.96078431 0.61960784 0.04313725
v -46.85883700 -0.32419700 -35.15147000 0.96078431 0.61960784 0.04313725
v -48.24385800 -0.32419700 -33.22389200 0.96078431 0.61960784 0.04313725
v -48.24385800 -0.32419700 -33.22389200 0.96078431 0.61960784 0.04313725
v -45.40032600 -0.32419700 -37.01689900 0.96078431 0.61960784 0.04313725
v -45.40032600 -0.32419700 -37.01689900 0.96078431 0.61960784 0.04313725
v -50.78654500 -0.32419700 -29.19196900 0.96078431 0.61960784 0.04313725
v -50.78654500 -0.32419700 -29.19196900 0.96078431 0.61960784 0.04313725
v -49.55538900 -0.32419700 -31.23416500 0.96078431 0.61960784 0.04313725
v -49.55538900 -0.32419700 -31.23416500 0.96078431 0.61960784 0.04313725
v -52.97911800 -0.32419700 -24.99033200 0.96078431 0.61960784 0.04313725
v -52.97911800 -0.32419700 -24.99033200 0.96078431 0.61960784 0.04313725
v -53.95122100 -0.32419700 -22.81588900 0.96078431 0.61960784 0.04313725
v -53.95122100 -0.32419700 -22.81588900 0.96078431 0.61960784 0.04313725
v -51.92422900 -0.32419700 -27.11569200 0.96078431 0.61960784 0.04313725
v -51.92422900 -0.32419700 -27.11569200 0.96078431 0.61960784 0.04313725
v -54.83716600 -0.32419700 -20.59931400 0.96078431 0.61960784 0.04313725
v -54.83716600 -0.32419700 -20.59931400 0.96078431 0.61960784 0.04313725
v -55.62424100 -0.32419700 -18.36678900 0.96078431 0.61960784 0.04313725
v -55.62424100 -0.32419700 -18.36678900 0.96078431 0.61960784 0.04313725
v -56.32152200 -0.32419700 -16.09961300 0.96078431 0.61960784 0.04313725
v -56.32152200 -0.32419700 -16.09961300 0.96078431 0.61960784 0.04313725
v -56.92901600 -0.32419700 -13.79778400 0.96078431 0.61960784 0.04313725
v -56.92901600 -0.32419700 -13.79778400 0.96078431 0.61960784 0.04313725
v -57.44566000 -0.32419700 -11.46491200 0.96078431 0.61960784 0.04313725
v -57.44566000 -0.32419700 -11.46491200 0.96078431 0.61960784 0.04313725
v -57.86154600 -0.32419700 -9.13482400 0.96078431 0.61960784 0.04313725
v -57.86154600 -0.32419700 -9.13482400 0.96078431 0.61960784 0.04313725
v -58.18313600 -0.32419700 -6.78547400 0.96078431 0.61960784 0.04313725
v -58.18313600 -0.32419700 -6.78547400 0.96078431 0.61960784 0.04313725
v -58.41042300 -0.32419700 -4.41686400 0.96078431 0.61960784 0.04313725
v -58.41042300 -0.32419700 -4.41686400 0.96078431 0.61960784 0.04313725
v -53.99865300 51.37099100 -2.48581500 0.96078431 0.61960784 0.04313725
v -53.99865300 51.37099100 -2.48581500 0.96078431 0.61960784 0.04313725
v -58.54341500 -0.32419700 -2.02899300 0.96078431 0.61960784 0.04313725
v -58.54341500 -0.32419700 -2.02899300 0.96078431 0.61960784 0.04313725
v -58.54341500 -0.32419700 -2.02899300 0.96078431 0.61960784 0.04313725
v -38.82017900 -0.32419700 -43.86832800 0.96078431 0.61960784 0.04313725
v -38.82017900 -0.32419700 -43.86832800 0.96078431 0.61960784 0.04313725
v -11.46491200 -0.32419700 -57.44566000 0.96078431 0.61960784 0.04313725
v -11.46491200 -0.32419700 -57.44566000 0.96078431 0.61960784 0.04313725
v 43.47866100 103.06546000 -23.72993700 0.96078431 0.61960784 0.04313725
v 43.47866100 103.06546000 -23.72993700 0.96078431 0.61960784 0.04313725
v 42.37626300 103.21689600 -25.59899100 0.96078431 0.61960784 0.04313725
v 44.47776800 103.06546000 -21.79848500 0.96078431 0.61960784 0.04313725
v 44.47776800 103.06546000 -21.79848500 0.96078431 0.61960784 0.04313725
v 49.26602600 103.06546000 -5.12718200 0.96078431 0.61960784 0.04313725
v 49.26602600 103.06546000 -5.12718200 0.96078431 0.61960784 0.04313725
v 48.99310300 103.06546000 -7.28973000 0.96078431 0.61960784 0.04313725
v 48.99310300 103.06546000 -7.28973000 0.96078431 0.61960784 0.04313725
v 49.42059700 103.21668200 -2.94361500 0.96078431 0.61960784 0.04313725
v 49.42059700 103.21668200 -2.94361500 0.96078431 0.61960784 0.04313725
v 49.44559500 103.06546000 -2.94368400 0.96078431 0.61960784 0.04313725
v 49.44559500 103.06546000 -2.94368400 0.96078431 0.61960784 0.04313725
v 49.44559500 103.06546000 -2.94368400 0.96078431 0.61960784 0.04313725
v 48.16467300 103.06546000 -11.56014800 0.96078431 0.61960784 0.04313725
v 48.16467300 103.06546000 -11.56014800 0.96078431 0.61960784 0.04313725
v 48.30640000 103.21689600 -10.84194100 0.96078431 0.61960784 0.04313725
v 48.62683500 103.06546000 -9.43132500 0.96078431 0.61960784 0.04313725
v 48.62683500 103.06546000 -9.43132500 0.96078431 0.61960784 0.04313725
v 47.60713200 103.06546000 -13.67456300 0.96078431 0.61960784 0.04313725
v 47.60713200 103.06546000 -13.67456300 0.96078431 0.61960784 0.04313725
v 46.96081500 103.06546000 -15.75330500 0.96078431 0.61960784 0.04313725
v 46.96081500 103.06546000 -15.75330500 0.96078431 0.61960784 0.04313725
v 46.22572700 103.06546000 -17.79637300 0.96078431 0.61960784 0.04313725
v 46.22572700 103.06546000 -17.79637300 0.96078431 0.61960784 0.04313725
v 45.93777500 103.21689600 -18.46014800 0.96078431 0.61960784 0.04313725
v 48.25981100 103.36276200 -10.83148400 0.96078431 0.61960784 0.04313725
v 49.37285200 103.36238100 -2.94285200 0.96078431 0.61960784 0.04313725
v 49.37285200 103.36238100 -2.94285200 0.96078431 0.61960784 0.04313725
v 45.39498500 103.06546000 -19.81756600 0.96078431 0.61960784 0.04313725
v 45.39498500 103.06546000 -19.81756600 0.96078431 0.61960784 0.04313725
v 41.22276300 103.06546000 -27.46111700 0.96078431 0.61960784 0.04313725
v 41.22276300 103.06546000 -27.46111700 0.96078431 0.61960784 0.04313725
v 39.97498700 103.06546000 -29.24833300 0.96078431 0.61960784 0.04313725
v 39.97498700 103.06546000 -29.24833300 0.96078431 0.61960784 0.04313725
v 42.39766300 103.06546000 -25.61191900 0.96078431 0.61960784 0.04313725
v 42.39766300 103.06546000 -25.61191900 0.96078431 0.61960784 0.04313725
v 35.77740900 103.06546000 -34.25506600 0.96078431 0.61960784 0.04313725
v 35.77740900 103.06546000 -34.25506600 0.96078431 0.61960784 0.04313725
v 37.71435200 103.21689600 -32.07309700 0.96078431 0.61960784 0.04313725
v 37.25473000 103.06546000 -32.64288700 0.96078431 0.61960784 0.04313725
v 37.25473000 103.06546000 -32.64288700 0.96078431 0.61960784 0.04313725
v 34.23811000 103.06546000 -35.79436500 0.96078431 0.61960784 0.04313725
v 34.23811000 103.06546000 -35.79436500 0.96078431 0.61960784 0.04313725
v 48.19211600 103.49966400 -10.81629000 0.96078431 0.61960784 0.04313725
v 49.30326800 103.49968000 -2.94140600 0.96078431 0.61960784 0.04313725
v 49.30326800 103.49968000 -2.94140600 0.96078431 0.61960784 0.04313725
v 42.33539200 103.36276200 -25.57430500 0.96078431 0.61960784 0.04313725
v 42.27600500 103.49966400 -25.53842900 0.96078431 0.61960784 0.04313725
v 45.82909000 103.49966400 -18.41647300 0.96078431 0.61960784 0.04313725
v 35.25775500 103.94950100 -33.72595200 0.96078431 0.61960784 0.04313725
v 35.25775500 103.94950100 -33.72595200 0.96078431 0.61960784 0.04313725
v 37.27860600 103.89858200 -31.70253400 0.96078431 0.61960784 0.04313725
v 31.70253400 103.89858200 -37.27860600 0.96078431 0.61960784 0.04313725
v 33.74261900 103.94950100 -35.24108900 0.96078431 0.61960784 0.04313725
v 33.74261900 103.94950100 -35.24108900 0.96078431 0.61960784 0.04313725
v 23.71154200 103.06546000 -43.48783500 0.96078431 0.61960784 0.04313725
v 23.71154200 103.06546000 -43.48783500 0.96078431 0.61960784 0.04313725
v 21.77549400 103.06546000 -44.48923900 0.96078431 0.61960784 0.04313725
v 21.77549400 103.06546000 -44.48923900 0.96078431 0.61960784 0.04313725
v 25.59899100 103.21689600 -42.37626300 0.96078431 0.61960784 0.04313725
v 18.24686200 103.89858200 -45.40701700 0.96078431 0.61960784 0.04313725
v 21.48262800 103.94950100 -43.80648400 0.96078431 0.61960784 0.04313725
v 21.48262800 103.94950100 -43.80648400 0.96078431 0.61960784 0.04313725
v 25.30322600 103.89858200 -41.88665400 0.96078431 0.61960784 0.04313725
v 42.19948600 103.62442800 -25.49220300 0.96078431 0.61960784 0.04313725
v 45.74614000 103.62442800 -18.38313900 0.96078431 0.61960784 0.04313725
v 37.62512600 103.49966400 -31.99721900 0.96078431 0.61960784 0.04313725
v 32.07309700 103.21689600 -37.71435200 0.96078431 0.61960784 0.04313725
v 19.80377000 103.06546000 -45.40186700 0.96078431 0.61960784 0.04313725
v 19.80377000 103.06546000 -45.40186700 0.96078431 0.61960784 0.04313725
v 18.46014800 103.21689600 -45.93777500 0.96078431 0.61960784 0.04313725
v 15.73040500 103.06546000 -46.96793400 0.96078431 0.61960784 0.04313725
v 15.73040500 103.06546000 -46.96793400 0.96078431 0.61960784 0.04313725
v 17.78819500 103.06546000 -46.22827100 0.96078431 0.61960784 0.04313725
v 17.78819500 103.06546000 -46.22827100 0.96078431 0.61960784 0.04313725
v 29.22748200 103.06546000 -39.99000200 0.96078431 0.61960784 0.04313725
v 29.22748200 103.06546000 -39.99000200 0.96078431 0.61960784 0.04313725
v 25.53842900 103.49966400 -42.27600500 0.96078431 0.61960784 0.04313725
v 18.41647300 103.49966400 -45.82909000 0.96078431 0.61960784 0.04313725
v 25.49220300 103.62442800 -42.19948600 0.96078431 0.61960784 0.04313725
v 2.94361200 103.21703300 -49.42041800 0.96078431 0.61960784 0.04313725
v 2.94361200 103.21703300 -49.42041800 0.96078431 0.61960784 0.04313725
v 10.83148400 103.36276200 -48.25981100 0.96078431 0.61960784 0.04313725
v 10.84194100 103.21689600 -48.30640000 0.96078431 0.61960784 0.04313725
v 13.65166300 103.06546000 -47.61425000 0.96078431 0.61960784 0.04313725
v 13.65166300 103.06546000 -47.61425000 0.96078431 0.61960784 0.04313725
v 18.44234300 103.36276200 -45.89347100 0.96078431 0.61960784 0.04313725
v 28.81474700 103.94950100 -39.37308500 0.96078431 0.61960784 0.04313725
v 28.81474700 103.94950100 -39.37308500 0.96078431 0.61960784 0.04313725
v 2.94284800 103.36321300 -49.37256600 0.96078431 0.61960784 0.04313725
v 2.94284800 103.36321300 -49.37256600 0.96078431 0.61960784 0.04313725
v 11.55197000 103.06546000 -48.16721700 0.96078431 0.61960784 0.04313725
v 11.55197000 103.06546000 -48.16721700 0.96078431 0.61960784 0.04313725
v 9.43132500 103.06546000 -48.62683500 0.96078431 0.61960784 0.04313725
v 9.43132500 103.06546000 -48.62683500 0.96078431 0.61960784 0.04313725
v 7.28973000 103.06546000 -48.99310300 0.96078431 0.61960784 0.04313725
v 7.28973000 103.06546000 -48.99310300 0.96078431 0.61960784 0.04313725
v 5.12718200 103.06546000 -49.26602600 0.96078431 0.61960784 0.04313725
v 5.12718200 103.06546000 -49.26602600 0.96078431 0.61960784 0.04313725
v 2.94368300 103.06546000 -49.44559500 0.96078431 0.61960784 0.04313725
v 2.94368300 103.06546000 -49.44559500 0.96078431 0.61960784 0.04313725
v 2.94368300 103.06546000 -49.44559500 0.96078431 0.61960784 0.04313725
v 18.29733500 103.82623300 -45.53261600 0.96078431 0.61960784 0.04313725
v 31.79022400 103.82623300 -37.38172100 0.96078431 0.61960784 0.04313725
v 25.37321700 103.82623300 -42.00251800 0.96078431 0.61960784 0.04313725
v 15.53305900 103.94950100 -46.25227700 0.96078431 0.61960784 0.04313725
v 15.53305900 103.94950100 -46.25227700 0.96078431 0.61960784 0.04313725
v 10.71667500 103.89858200 -47.74828000 0.96078431 0.61960784 0.04313725
v 13.48717500 103.94950100 -46.88917500 0.96078431 0.61960784 0.04313725
v 13.48717500 103.94950100 -46.88917500 0.96078431 0.61960784 0.04313725
v 19.53304500 103.94950100 -44.70980500 0.96078431 0.61960784 0.04313725
v 19.53304500 103.94950100 -44.70980500 0.96078431 0.61960784 0.04313725
v 5.07467900 103.94950100 -48.52569600 0.96078431 0.61960784 0.04313725
v 5.07467900 103.94950100 -48.52569600 0.96078431 0.61960784 0.04313725
v 7.20314500 103.94950100 -48.25602700 0.96078431 0.61960784 0.04313725
v 7.20314500 103.94950100 -48.25602700 0.96078431 0.61960784 0.04313725
v 2.92965600 103.89875800 -48.84794200 0.96078431 0.61960784 0.04313725
v 2.92965600 103.89875800 -48.84794200 0.96078431 0.61960784 0.04313725
v 11.40617800 103.94950100 -47.43877000 0.96078431 0.61960784 0.04313725
v 11.40617800 103.94950100 -47.43877000 0.96078431 0.61960784 0.04313725
v 9.31096600 103.94950100 -47.89455400 0.96078431 0.61960784 0.04313725
v 9.31096600 103.94950100 -47.89455400 0.96078431 0.61960784 0.04313725
v 2.92556900 103.94950100 -48.70355200 0.96078431 0.61960784 0.04313725
v 2.92556900 103.94950100 -48.70355200 0.96078431 0.61960784 0.04313725
v 2.92556900 103.94950100 -48.70355200 0.96078431 0.61960784 0.04313725
v 23.38354100 103.94950100 -42.82262800 0.96078431 0.61960784 0.04313725
v 23.38354100 103.94950100 -42.82262800 0.96078431 0.61960784 0.04313725
v 32.15580400 103.94950100 -36.69525900 0.96078431 0.61960784 0.04313725
v 32.15580400 103.94950100 -36.69525900 0.96078431 0.61960784 0.04313725
v 37.38172100 103.82623300 -31.79022400 0.96078431 0.61960784 0.04313725
v 37.47525400 103.73413100 -31.86976400 0.96078431 0.61960784 0.04313725
v 31.86976400 103.73413100 -37.47525400 0.96078431 0.61960784 0.04313725
v 42.00251800 103.82623300 -25.37321700 0.96078431 0.61960784 0.04313725
v 42.10760900 103.73413100 -25.43670100 0.96078431 0.61960784 0.04313725
v 37.55702200 103.62442800 -31.93930200 0.96078431 0.61960784 0.04313725
v 37.67797900 103.36276200 -32.04216800 0.96078431 0.61960784 0.04313725
v 38.08184400 103.94950100 -30.50048600 0.96078431 0.61960784 0.04313725
v 38.08184400 103.94950100 -30.50048600 0.96078431 0.61960784 0.04313725
v 39.38784400 103.94950100 -28.79425400 0.96078431 0.61960784 0.04313725
v 39.38784400 103.94950100 -28.79425400 0.96078431 0.61960784 0.04313725
v 48.10488500 103.62442800 -10.79671200 0.96078431 0.61960784 0.04313725
v 27.44443500 103.06546000 -41.23477600 0.96078431 0.61960784 0.04313725
v 27.44443500 103.06546000 -41.23477600 0.96078431 0.61960784 0.04313725
v 41.88665400 103.89858200 -25.30322600 0.96078431 0.61960784 0.04313725
v 45.40701700 103.89858200 -18.24686200 0.96078431 0.61960784 0.04313725
v 45.53261600 103.82623300 -18.29733500 0.96078431 0.61960784 0.04313725
v 30.96106000 103.06546000 -38.66333400 0.96078431 0.61960784 0.04313725
v 30.96106000 103.06546000 -38.66333400 0.96078431 0.61960784 0.04313725
v 49.21398500 103.62427500 -2.93931700 0.96078431 0.61960784 0.04313725
v 49.21398500 103.62427500 -2.93931700 0.96078431 0.61960784 0.04313725
v 43.81776400 103.94950100 -21.46003200 0.96078431 0.61960784 0.04313725
v 43.81776400 103.94950100 -21.46003200 0.96078431 0.61960784 0.04313725
v 46.25928500 103.94950100 -15.51055300 0.96078431 0.61960784 0.04313725
v 46.25928500 103.94950100 -15.51055300 0.96078431 0.61960784 0.04313725
v 45.53057900 103.94950100 -17.53579100 0.96078431 0.61960784 0.04313725
v 45.53057900 103.94950100 -17.53579100 0.96078431 0.61960784 0.04313725
v 45.89347100 103.36276200 -18.44234300 0.96078431 0.61960784 0.04313725
v 48.00015300 103.73413100 -10.77320600 0.96078431 0.61960784 0.04313725
v 48.98377600 103.82619500 -2.93338100 0.96078431 0.61960784 0.04313725
v 48.98377600 103.82619500 -2.93338100 0.96078431 0.61960784 0.04313725
v 49.10636900 103.73416900 -2.93661500 0.96078431 0.61960784 0.04313725
v 49.10636900 103.73416900 -2.93661500 0.96078431 0.61960784 0.04313725
v 46.89618300 103.94950100 -13.46466900 0.96078431 0.61960784 0.04313725
v 46.89618300 103.94950100 -13.46466900 0.96078431 0.61960784 0.04313725
v 47.74828000 103.89858200 -10.71667500 0.96078431 0.61960784 0.04313725
v 47.88035200 103.82623300 -10.74631800 0.96078431 0.61960784 0.04313725
v 48.84824400 103.89852900 -2.92966400 0.96078431 0.61960784 0.04313725
v 48.84824400 103.89852900 -2.92966400 0.96078431 0.61960784 0.04313725
v 48.25602700 103.94950100 -7.20314500 0.96078431 0.61960784 0.04313725
v 48.25602700 103.94950100 -7.20314500 0.96078431 0.61960784 0.04313725
v 47.89455400 103.94950100 -9.31096600 0.96078431 0.61960784 0.04313725
v 47.89455400 103.94950100 -9.31096600 0.96078431 0.61960784 0.04313725
v 48.52569600 103.94950100 -5.07467900 0.96078431 0.61960784 0.04313725
v 48.52569600 103.94950100 -5.07467900 0.96078431 0.61960784 0.04313725
v 48.70355200 103.94950100 -2.92556800 0.96078431 0.61960784 0.04313725
v 48.70355200 103.94950100 -2.92556800 0.96078431 0.61960784 0.04313725
v 48.70355200 103.94950100 -2.92556800 0.96078431 0.61960784 0.04313725
v 38.65432700 103.06546000 -30.97357000 0.96078431 0.61960784 0.04313725
v 38.65432700 103.06546000 -30.97357000 0.96078431 0.61960784 0.04313725
v 45.64654200 103.73413100 -18.34311500 0.96078431 0.61960784 0.04313725
v 47.44127300 103.94950100 -11.39814000 0.96078431 0.61960784 0.04313725
v 47.44127300 103.94950100 -11.39814000 0.96078431 0.61960784 0.04313725
v 32.63682900 103.06546000 -37.26078800 0.96078431 0.61960784 0.04313725
v 32.63682900 103.06546000 -37.26078800 0.96078431 0.61960784 0.04313725
v 40.61330800 103.94950100 -27.03935400 0.96078431 0.61960784 0.04313725
v 40.61330800 103.94950100 -27.03935400 0.96078431 0.61960784 0.04313725
v 42.83165400 103.94950100 -23.36546300 0.96078431 0.61960784 0.04313725
v 42.83165400 103.94950100 -23.36546300 0.96078431 0.61960784 0.04313725
v 44.71657200 103.94950100 -19.51948700 0.96078431 0.61960784 0.04313725
v 44.71657200 103.94950100 -19.51948700 0.96078431 0.61960784 0.04313725
v 25.61191900 103.06546000 -42.39766300 0.96078431 0.61960784 0.04313725
v 25.61191900 103.06546000 -42.39766300 0.96078431 0.61960784 0.04313725
v 41.75823600 103.94950100 -25.23578300 0.96078431 0.61960784 0.04313725
v 41.75823600 103.94950100 -25.23578300 0.96078431 0.61960784 0.04313725
v 31.99721900 103.49966400 -37.62512600 0.96078431 0.61960784 0.04313725
v 32.04216800 103.36276200 -37.67797900 0.96078431 0.61960784 0.04313725
v 31.93930200 103.62442800 -37.55702200 0.96078431 0.61960784 0.04313725
v 36.70121400 103.94950100 -32.14984900 0.96078431 0.61960784 0.04313725
v 36.70121400 103.94950100 -32.14984900 0.96078431 0.61960784 0.04313725
v 25.57430500 103.36276200 -42.33539200 0.96078431 0.61960784 0.04313725
v 25.43670100 103.73413100 -42.10760900 0.96078431 0.61960784 0.04313725
v 27.05574800 103.94950100 -40.60150100 0.96078431 0.61960784 0.04313725
v 27.05574800 103.94950100 -40.60150100 0.96078431 0.61960784 0.04313725
v 30.51278100 103.94950100 -38.07299000 0.96078431 0.61960784 0.04313725
v 30.51278100 103.94950100 -38.07299000 0.96078431 0.61960784 0.04313725
v 18.38313900 103.62442800 -45.74614000 0.96078431 0.61960784 0.04313725
v 18.34311500 103.73413100 -45.64654200 0.96078431 0.61960784 0.04313725
v 10.74631800 103.82623300 -47.88035200 0.96078431 0.61960784 0.04313725
v 25.23578300 103.94950100 -41.75823600 0.96078431 0.61960784 0.04313725
v 25.23578300 103.94950100 -41.75823600 0.96078431 0.61960784 0.04313725
v 10.81629000 103.49966400 -48.19211600 0.96078431 0.61960784 0.04313725
v 10.79671200 103.62442800 -48.10488500 0.96078431 0.61960784 0.04313725
v 10.77320600 103.73413100 -48.00015300 0.96078431 0.61960784 0.04313725
v 17.54382900 103.94950100 -45.52807600 0.96078431 0.61960784 0.04313725
v 17.54382900 103.94950100 -45.52807600 0.96078431 0.61960784 0.04313725
v 2.94140100 103.49997700 -49.30306200 0.96078431 0.61960784 0.04313725
v 2.94140100 103.49997700 -49.30306200 0.96078431 0.61960784 0.04313725
v 2.93930300 103.62498500 -49.21339400 0.96078431 0.61960784 0.04313725
v 2.93930300 103.62498500 -49.21339400 0.96078431 0.61960784 0.04313725
v 2.93660800 103.73442100 -49.10611700 0.96078431 0.61960784 0.04313725
v 2.93660800 103.73442100 -49.10611700 0.96078431 0.61960784 0.04313725
v 2.93336000 103.82661400 -48.98301300 0.96078431 0.61960784 0.04313725
v 2.93336000 103.82661400 -48.98301300 0.96078431 0.61960784 0.04313725
v 57.86154600 -0.32419700 -9.13482400 0.96078431 0.61960784 0.04313725
v 57.86154600 -0.32419700 -9.13482400 0.96078431 0.61960784 0.04313725
v 58.41042300 -0.32419700 -4.41686400 0.96078431 0.61960784 0.04313725
v 58.41042300 -0.32419700 -4.41686400 0.96078431 0.61960784 0.04313725
v 53.99865300 51.37099100 -2.48581500 0.96078431 0.61960784 0.04313725
v 53.99865300 51.37099100 -2.48581500 0.96078431 0.61960784 0.04313725
v 58.54341500 -0.32419700 -2.02899400 0.96078431 0.61960784 0.04313725
v 58.54341500 -0.32419700 -2.02899400 0.96078431 0.61960784 0.04313725
v 58.54341500 -0.32419700 -2.02899400 0.96078431 0.61960784 0.04313725
v 56.93547100 -0.32419700 -13.77574200 0.96078431 0.61960784 0.04313725
v 56.93547100 -0.32419700 -13.77574200 0.96078431 0.61960784 0.04313725
v 58.18313600 -0.32419700 -6.78547400 0.96078431 0.61960784 0.04313725
v 58.18313600 -0.32419700 -6.78547400 0.96078431 0.61960784 0.04313725
v 55.63219800 -0.32419700 -18.33961700 0.96078431 0.61960784 0.04313725
v 55.63219800 -0.32419700 -18.33961700 0.96078431 0.61960784 0.04313725
v 54.83911100 -0.32419700 -20.59266300 0.96078431 0.61960784 0.04313725
v 54.83911100 -0.32419700 -20.59266300 0.96078431 0.61960784 0.04313725
v 56.33098200 -0.32419700 -16.06730800 0.96078431 0.61960784 0.04313725
v 56.33098200 -0.32419700 -16.06730800 0.96078431 0.61960784 0.04313725
v 51.93719100 -0.32419700 -27.08897000 0.96078431 0.61960784 0.04313725
v 51.93719100 -0.32419700 -27.08897000 0.96078431 0.61960784 0.04313725
v 52.99364100 -0.32419700 -24.96040300 0.96078431 0.61960784 0.04313725
v 52.99364100 -0.32419700 -24.96040300 0.96078431 0.61960784 0.04313725
v 53.96030000 -0.32419700 -22.79718600 0.96078431 0.61960784 0.04313725
v 53.96030000 -0.32419700 -22.79718600 0.96078431 0.61960784 0.04313725
v 49.56607100 -0.32419700 -31.21916400 0.96078431 0.61960784 0.04313725
v 49.56607100 -0.32419700 -31.21916400 0.96078431 0.61960784 0.04313725
v 48.26280600 -0.32419700 -33.19727700 0.96078431 0.61960784 0.04313725
v 48.26280600 -0.32419700 -33.19727700 0.96078431 0.61960784 0.04313725
v 50.79095100 -0.32419700 -29.18288400 0.96078431 0.61960784 0.04313725
v 50.79095100 -0.32419700 -29.18288400 0.96078431 0.61960784 0.04313725
v 45.40790600 -0.32419700 -37.00625200 0.96078431 0.61960784 0.04313725
v 45.40790600 -0.32419700 -37.00625200 0.96078431 0.61960784 0.04313725
v 46.87675100 -0.32419700 -35.12630500 0.96078431 0.61960784 0.04313725
v 46.87675100 -0.32419700 -35.12630500 0.96078431 0.61960784 0.04313725
v 38.83138300 -0.32419700 -43.85712400 0.96078431 0.61960784 0.04313725
v 38.83138300 -0.32419700 -43.85712400 0.96078431 0.61960784 0.04313725
v 40.58385500 -0.32419700 -42.24029200 0.96078431 0.61960784 0.04313725
v 40.58385500 -0.32419700 -42.24029200 0.96078431 0.61960784 0.04313725
v 42.26283600 -0.32419700 -40.56131000 0.96078431 0.61960784 0.04313725
v 42.26283600 -0.32419700 -40.56131000 0.96078431 0.61960784 0.04313725
v 35.15147000 -0.32419700 -46.85883700 0.96078431 0.61960784 0.04313725
v 35.15147000 -0.32419700 -46.85883700 0.96078431 0.61960784 0.04313725
v 33.22389200 -0.32419700 -48.24385800 0.96078431 0.61960784 0.04313725
v 33.22389200 -0.32419700 -48.24385800 0.96078431 0.61960784 0.04313725
v 37.01689900 -0.32419700 -45.40032600 0.96078431 0.61960784 0.04313725
v 37.01689900 -0.32419700 -45.40032600 0.96078431 0.61960784 0.04313725
v 29.19196900 -0.32419700 -50.78654500 0.96078431 0.61960784 0.04313725
v 29.19196900 -0.32419700 -50.78654500 0.96078431 0.61960784 0.04313725
v 31.23416500 -0.32419700 -49.55538900 0.96078431 0.61960784 0.04313725
v 31.23416500 -0.32419700 -49.55538900 0.96078431 0.61960784 0.04313725
v 24.99033200 -0.32419700 -52.97911800 0.96078431 0.61960784 0.04313725
v 24.99033200 -0.32419700 -52.97911800 0.96078431 0.61960784 0.04313725
v 22.81588900 -0.32419700 -53.95122100 0.96078431 0.61960784 0.04313725
v 22.81588900 -0.32419700 -53.95122100 0.96078431 0.61960784 0.04313725
v 27.11569200 -0.32419700 -51.92422900 0.96078431 0.61960784 0.04313725
v 27.11569200 -0.32419700 -51.92422900 0.96078431 0.61960784 0.04313725
v 20.59931400 -0.32419700 -54.83716600 0.96078431 0.61960784 0.04313725
v 20.59931400 -0.32419700 -54.83716600 0.96078431 0.61960784 0.04313725
v 18.36678900 -0.32419700 -55.62424100 0.96078431 0.61960784 0.04313725
v 18.36678900 -0.32419700 -55.62424100 0.96078431 0.61960784 0.04313725
v 16.09961300 -0.32419700 -56.32152200 0.96078431 0.61960784 0.04313725
v 16.09961300 -0.32419700 -56.32152200 0.96078431 0.61960784 0.04313725
v 13.79778400 -0.32419700 -56.92901600 0.96078431 0.61960784 0.04313725
v 13.79778400 -0.32419700 -56.92901600 0.96078431 0.61960784 0.04313725
v 11.46491200 -0.32419700 -57.44566000 0.96078431 0.61960784 0.04313725
v 11.46491200 -0.32419700 -57.44566000 0.96078431 0.61960784 0.04313725
v 9.13482400 -0.32419700 -57.86154600 0.96078431 0.61960784 0.04313725
v 9.13482400 -0.32419700 -57.86154600 0.96078431 0.61960784 0.04313725
v 6.78547400 -0.32419700 -58.18313600 0.96078431 0.61960784 0.04313725
v 6.78547400 -0.32419700 -58.18313600 0.96078431 0.61960784 0.04313725
v 4.41686400 -0.32419700 -58.41042300 0.96078431 0.61960784 0.04313725
v 4.41686400 -0.32419700 -58.41042300 0.96078431 0.61960784 0.04313725
v 2.48581500 51.37099100 -53.99865300 0.96078431 0.61960784 0.04313725
v 2.48581500 51.37099100 -53.99865300 0.96078431 0.61960784 0.04313725
v 2.02899300 -0.32419700 -58.54341500 0.96078431 0.61960784 0.04313725
v 2.02899300 -0.32419700 -58.54341500 0.96078431 0.61960784 0.04313725
v 2.02899300 -0.32419700 -58.54341500 0.96078431 0.61960784 0.04313725
v 43.86832800 -0.32419700 -38.82017900 0.96078431 0.61960784 0.04313725
v 43.86832800 -0.32419700 -38.82017900 0.96078431 0.61960784 0.04313725
v 57.44566000 -0.32419700 -11.46491200 0.96078431 0.61960784 0.04313725
v 57.44566000 -0.32419700 -11.46491200 0.96078431 0.61960784 0.04313725
v -55.02696200 -0.32419700 25.36220200 0.96078431 0.61960784 0.04313725
v -55.02696200 -0.32419700 25.36220200 0.96078431 0.61960784 0.04313725
v 42.24029200 -0.32419700 40.58385500 0.96078431 0.61960784 0.04313725
v 42.24029200 -0.32419700 40.58385500 0.96078431 0.61960784 0.04313725
v 44.49216100 -0.32419700 41.12964200 0.96078431 0.61960784 0.04313725
v 44.49216100 -0.32419700 41.12964200 0.96078431 0.61960784 0.04313725
v 43.85712400 -0.32419700 38.83138300 0.96078431 0.61960784 0.04313725
v 43.85712400 -0.32419700 38.83138300 0.96078431 0.61960784 0.04313725
v -47.59264800 -0.32419700 37.49688300 0.96078431 0.61960784 0.04313725
v -47.59264800 -0.32419700 37.49688300 0.96078431 0.61960784 0.04313725
v -49.02573400 -0.32419700 35.60390900 0.96078431 0.61960784 0.04313725
v -49.02573400 -0.32419700 35.60390900 0.96078431 0.61960784 0.04313725
v -60.40369000 -0.32419700 -4.75501600 0.96078431 0.61960784 0.04313725
v -60.40369000 -0.32419700 -4.75501600 0.96078431 0.61960784 0.04313725
v -41.14064400 -0.32419700 44.48078500 0.96078431 0.61960784 0.04313725
v -41.14064400 -0.32419700 44.48078500 0.96078431 0.61960784 0.04313725
v -46.08151600 -0.32419700 39.33886700 0.96078431 0.61960784 0.04313725
v -46.08151600 -0.32419700 39.33886700 0.96078431 0.61960784 0.04313725
v -31.67198200 -0.32419700 51.65203500 0.96078431 0.61960784 0.04313725
v -31.67198200 -0.32419700 51.65203500 0.96078431 0.61960784 0.04313725
v -29.61148600 -0.32419700 52.86096200 0.96078431 0.61960784 0.04313725
v -29.61148600 -0.32419700 52.86096200 0.96078431 0.61960784 0.04313725
v -52.87245900 -0.32419700 29.58995400 0.96078431 0.61960784 0.04313725
v -52.87245900 -0.32419700 29.58995400 0.96078431 0.61960784 0.04313725
v -39.36138200 -0.32419700 46.06221800 0.96078431 0.61960784 0.04313725
v -39.36138200 -0.32419700 46.06221800 0.96078431 0.61960784 0.04313725
v -37.51353100 -0.32419700 47.58050900 0.96078431 0.61960784 0.04313725
v -37.51353100 -0.32419700 47.58050900 0.96078431 0.61960784 0.04313725
v -42.85131800 -0.32419700 42.83621600 0.96078431 0.61960784 0.04313725
v -42.85131800 -0.32419700 42.83621600 0.96078431 0.61960784 0.04313725
v -44.49340100 -0.32419700 41.12850200 0.96078431 0.61960784 0.04313725
v -44.49340100 -0.32419700 41.12850200 0.96078431 0.61960784 0.04313725
v -50.38077200 -0.32419700 33.65994300 0.96078431 0.61960784 0.04313725
v -50.38077200 -0.32419700 33.65994300 0.96078431 0.61960784 0.04313725
v 44.35512500 -0.32419700 -0.51642500 0.96078431 0.61960784 0.04313725
v 44.35512500 -0.32419700 -0.51642500 0.96078431 0.61960784 0.04313725
v 45.77294200 -0.32419700 1.50900000 0.96078431 0.61960784 0.04313725
v 45.77294200 -0.32419700 1.50900000 0.96078431 0.61960784 0.04313725
v 45.77294200 -0.32419700 1.50900000 0.96078431 0.61960784 0.04313725
v 44.46636200 -0.32419800 -0.75483500 0.96078431 0.61960784 0.04313725
v 44.46636200 -0.32419800 -0.75483500 0.96078431 0.61960784 0.04313725
v -53.99239700 -0.32419700 27.49480200 0.96078431 0.61960784 0.04313725
v -53.99239700 -0.32419700 27.49480200 0.96078431 0.61960784 0.04313725
v -55.98100300 -0.32419700 23.17803600 0.96078431 0.61960784 0.04313725
v -55.98100300 -0.32419700 23.17803600 0.96078431 0.61960784 0.04313725
v -35.62119300 -0.32419700 49.01347700 0.96078431 0.61960784 0.04313725
v -35.62119300 -0.32419700 49.01347700 0.96078431 0.61960784 0.04313725
v -33.67521700 -0.32419700 50.36954100 0.96078431 0.61960784 0.04313725
v -33.67521700 -0.32419700 50.36954100 0.96078431 0.61960784 0.04313725
v -58.31752400 -0.32419700 16.43975100 0.96078431 0.61960784 0.04313725
v -58.31752400 -0.32419700 16.43975100 0.96078431 0.61960784 0.04313725
v -58.91717900 -0.32419700 14.13854600 0.96078431 0.61960784 0.04313725
v -58.91717900 -0.32419700 14.13854600 0.96078431 0.61960784 0.04313725
v -27.51343900 -0.32419700 53.98344400 0.96078431 0.61960784 0.04313725
v -27.51343900 -0.32419700 53.98344400 0.96078431 0.61960784 0.04313725
v -44.80328400 -0.32419800 1.15618900 0.96078431 0.61960784 0.04313725
v -44.80328400 -0.32419800 1.15618900 0.96078431 0.61960784 0.04313725
v -45.77294200 -0.32419700 -1.50900000 0.96078431 0.61960784 0.04313725
v -45.77294200 -0.32419700 -1.50900000 0.96078431 0.61960784 0.04313725
v -45.77294200 -0.32419700 -1.50900000 0.96078431 0.61960784 0.04313725
v -45.01871900 -0.32419800 1.30697800 0.96078431 0.61960784 0.04313725
v -45.01871900 -0.32419800 1.30697800 0.96078431 0.61960784 0.04313725
v -59.84069100 -0.32419700 -9.49549700 0.96078431 0.61960784 0.04313725
v -59.84069100 -0.32419700 -9.49549700 0.96078431 0.61960784 0.04313725
v -60.16766400 -0.32419700 -7.13497400 0.96078431 0.61960784 0.04313725
v -60.16766400 -0.32419700 -7.13497400 0.96078431 0.61960784 0.04313725
v -44.61727900 -0.32419700 0.97026500 0.96078431 0.61960784 0.04313725
v -44.61727900 -0.32419700 0.97026500 0.96078431 0.61960784 0.04313725
v -23.20248000 -0.32419700 55.97052000 0.96078431 0.61960784 0.04313725
v -23.20248000 -0.32419700 55.97052000 0.96078431 0.61960784 0.04313725
v -25.38014600 -0.32419700 55.01797500 0.96078431 0.61960784 0.04313725
v -25.38014600 -0.32419700 55.01797500 0.96078431 0.61960784 0.04313725
v -18.72778900 -0.32419700 57.62360400 0.96078431 0.61960784 0.04313725
v -18.72778900 -0.32419700 57.62360400 0.96078431 0.61960784 0.04313725
v -20.98044600 -0.32419700 56.84107200 0.96078431 0.61960784 0.04313725
v -20.98044600 -0.32419700 56.84107200 0.96078431 0.61960784 0.04313725
v -16.45968400 -0.32419700 58.31146200 0.96078431 0.61960784 0.04313725
v -16.45968400 -0.32419700 58.31146200 0.96078431 0.61960784 0.04313725
v -45.25704200 -0.32419700 1.41806700 0.96078431 0.61960784 0.04313725
v -45.25704200 -0.32419700 1.41806700 0.96078431 0.61960784 0.04313725
v -45.51101700 -0.32419800 1.48609300 0.96078431 0.61960784 0.04313725
v -45.51101700 -0.32419800 1.48609300 0.96078431 0.61960784 0.04313725
v -44.46636200 -0.32419800 0.75483500 0.96078431 0.61960784 0.04313725
v -44.46636200 -0.32419800 0.75483500 0.96078431 0.61960784 0.04313725
v -14.16131000 -0.32419700 58.91114400 0.96078431 0.61960784 0.04313725
v -14.16131000 -0.32419700 58.91114400 0.96078431 0.61960784 0.04313725
v -44.35512500 -0.32419700 0.51642500 0.96078431 0.61960784 0.04313725
v -44.35512500 -0.32419700 0.51642500 0.96078431 0.61960784 0.04313725
v -44.28697200 -0.32419800 0.26226300 0.96078431 0.61960784 0.04313725
v -44.28697200 -0.32419800 0.26226300 0.96078431 0.61960784 0.04313725
v -7.13353900 -0.32419700 60.16874300 0.96078431 0.61960784 0.04313725
v -7.13353900 -0.32419700 60.16874300 0.96078431 0.61960784 0.04313725
v -2.39319100 -0.32419700 60.54191200 0.96078431 0.61960784 0.04313725
v -2.39319100 -0.32419700 60.54191200 0.96078431 0.61960784 0.04313725
v -58.31149300 -0.32419700 -16.45731900 0.96078431 0.61960784 0.04313725
v -58.31149300 -0.32419700 -16.45731900 0.96078431 0.61960784 0.04313725
v -1.86921600 -0.32419700 58.52305200 0.96078431 0.61960784 0.04313725
v -1.86921600 -0.32419700 58.52305200 0.96078431 0.61960784 0.04313725
v -1.94830400 -0.32447800 58.53970700 0.96078431 0.61960784 0.04313725
v -1.94830400 -0.32447800 58.53970700 0.96078431 0.61960784 0.04313725
v -52.85671600 -0.32419700 -29.61904300 0.96078431 0.61960784 0.04313725
v -52.85671600 -0.32419700 -29.61904300 0.96078431 0.61960784 0.04313725
v -53.97761900 -0.32419700 -27.52211000 0.96078431 0.61960784 0.04313725
v -53.97761900 -0.32419700 -27.52211000 0.96078431 0.61960784 0.04313725
v -1.56592300 -0.32419600 58.27241100 0.96078431 0.61960784 0.04313725
v -1.56592300 -0.32419600 58.27241100 0.96078431 0.61960784 0.04313725
v 0.00000000 -0.32419700 60.59056500 0.96078431 0.61960784 0.04313725
v 0.00000000 -0.32419700 60.59056500 0.96078431 0.61960784 0.04313725
v -1.53449400 -0.32419600 58.19785700 0.96078431 0.61960784 0.04313725
v -1.53449400 -0.32419600 58.19785700 0.96078431 0.61960784 0.04313725
v 1.50900000 -0.32419700 45.77294200 0.96078431 0.61960784 0.04313725
v 1.50900000 -0.32419700 45.77294200 0.96078431 0.61960784 0.04313725
v 1.50900000 -0.32419700 45.77294200 0.96078431 0.61960784 0.04313725
v -0.51596000 -0.32419700 44.35493500 0.96078431 0.61960784 0.04313725
v -0.51596000 -0.32419700 44.35493500 0.96078431 0.61960784 0.04313725
v -0.75428200 -0.32419800 44.46602200 0.96078431 0.61960784 0.04313725
v -0.75428200 -0.32419800 44.46602200 0.96078431 0.61960784 0.04313725
v 1.79408300 -0.32419500 58.49401500 0.96078431 0.61960784 0.04313725
v 1.79408300 -0.32419500 58.49401500 0.96078431 0.61960784 0.04313725
v 2.39319100 -0.32419700 60.54191200 0.96078431 0.61960784 0.04313725
v 2.39319100 -0.32419700 60.54191200 0.96078431 0.61960784 0.04313725
v 1.86956800 -0.32510100 58.52323500 0.96078431 0.61960784 0.04313725
v 1.86956800 -0.32510100 58.52323500 0.96078431 0.61960784 0.04313725
v -42.83248900 -0.32419700 -42.85354600 0.96078431 0.61960784 0.04313725
v -42.83248900 -0.32419700 -42.85354600 0.96078431 0.61960784 0.04313725
v 1.41806700 -0.32419700 45.25704200 0.96078431 0.61960784 0.04313725
v 1.41806700 -0.32419700 45.25704200 0.96078431 0.61960784 0.04313725
v 0.51642500 -0.32419700 44.35512500 0.96078431 0.61960784 0.04313725
v 0.51642500 -0.32419700 44.35512500 0.96078431 0.61960784 0.04313725
v 1.48609300 -0.32419800 45.51101700 0.96078431 0.61960784 0.04313725
v 1.48609300 -0.32419800 45.51101700 0.96078431 0.61960784 0.04313725
v -39.34136200 -0.32419700 -46.08065000 0.96078431 0.61960784 0.04313725
v -39.34136200 -0.32419700 -46.08065000 0.96078431 0.61960784 0.04313725
v -41.11555500 -0.32419700 -44.50388000 0.96078431 0.61960784 0.04313725
v -41.11555500 -0.32419700 -44.50388000 0.96078431 0.61960784 0.04313725
v -1.41787400 -0.32419700 45.25657700 0.96078431 0.61960784 0.04313725
v -1.41787400 -0.32419700 45.25657700 0.96078431 0.61960784 0.04313725
v -1.48602600 -0.32419800 45.51073800 0.96078431 0.61960784 0.04313725
v -1.48602600 -0.32419800 45.51073800 0.96078431 0.61960784 0.04313725
v 1.48602600 -0.32419800 -45.51073800 0.96078431 0.61960784 0.04313725
v 1.48602600 -0.32419800 -45.51073800 0.96078431 0.61960784 0.04313725
v -1.50900000 -0.32419700 -45.77294200 0.96078431 0.61960784 0.04313725
v -1.50900000 -0.32419700 -45.77294200 0.96078431 0.61960784 0.04313725
v -1.50900000 -0.32419700 -45.77294200 0.96078431 0.61960784 0.04313725
v 1.41787400 -0.32419700 -45.25657700 0.96078431 0.61960784 0.04313725
v 1.41787400 -0.32419700 -45.25657700 0.96078431 0.61960784 0.04313725
v 35.12630500 -0.32419700 46.87675100 0.96078431 0.61960784 0.04313725
v 35.12630500 -0.32419700 46.87675100 0.96078431 0.61960784 0.04313725
v 33.19727700 -0.32419700 48.26280600 0.96078431 0.61960784 0.04313725
v 33.19727700 -0.32419700 48.26280600 0.96078431 0.61960784 0.04313725
v 35.60290900 -0.32419700 49.02542100 0.96078431 0.61960784 0.04313725
v 35.60290900 -0.32419700 49.02542100 0.96078431 0.61960784 0.04313725
v 22.79718600 -0.32419700 53.96030000 0.96078431 0.61960784 0.04313725
v 22.79718600 -0.32419700 53.96030000 0.96078431 0.61960784 0.04313725
v 23.17318700 -0.32419700 55.98336800 0.96078431 0.61960784 0.04313725
v 23.17318700 -0.32419700 55.98336800 0.96078431 0.61960784 0.04313725
v 25.35048100 -0.32419700 55.03098700 0.96078431 0.61960784 0.04313725
v 25.35048100 -0.32419700 55.03098700 0.96078431 0.61960784 0.04313725
v 20.59266300 -0.32419700 54.83911100 0.96078431 0.61960784 0.04313725
v 20.59266300 -0.32419700 54.83911100 0.96078431 0.61960784 0.04313725
v 33.64709900 -0.32419700 50.38791300 0.96078431 0.61960784 0.04313725
v 33.64709900 -0.32419700 50.38791300 0.96078431 0.61960784 0.04313725
v 0.75428200 -0.32419800 -44.46602200 0.96078431 0.61960784 0.04313725
v 0.75428200 -0.32419800 -44.46602200 0.96078431 0.61960784 0.04313725
v 0.96971800 -0.32419800 -44.61681000 0.96078431 0.61960784 0.04313725
v 0.96971800 -0.32419800 -44.61681000 0.96078431 0.61960784 0.04313725
v -1.30697800 -0.32419800 -45.01871900 0.96078431 0.61960784 0.04313725
v -1.30697800 -0.32419800 -45.01871900 0.96078431 0.61960784 0.04313725
v -1.15618900 -0.32419800 -44.80328400 0.96078431 0.61960784 0.04313725
v -1.15618900 -0.32419800 -44.80328400 0.96078431 0.61960784 0.04313725
v -0.97026500 -0.32419700 -44.61727900 0.96078431 0.61960784 0.04313725
v -0.97026500 -0.32419700 -44.61727900 0.96078431 0.61960784 0.04313725
v 37.50990700 -0.32419700 47.58384700 0.96078431 0.61960784 0.04313725
v 37.50990700 -0.32419700 47.58384700 0.96078431 0.61960784 0.04313725
v 2.39319100 -0.32419700 -60.54191200 0.96078431 0.61960784 0.04313725
v 2.39319100 -0.32419700 -60.54191200 0.96078431 0.61960784 0.04313725
v 0.00000000 -0.32419700 -60.59056500 0.96078431 0.61960784 0.04313725
v 0.00000000 -0.32419700 -60.59056500 0.96078431 0.61960784 0.04313725
v 1.79392300 -0.32419400 -58.49393800 0.96078431 0.61960784 0.04313725
v 1.79392300 -0.32419400 -58.49393800 0.96078431 0.61960784 0.04313725
v 1.60867700 -0.32419600 -58.34080500 0.96078431 0.61960784 0.04313725
v 1.60867700 -0.32419600 -58.34080500 0.96078431 0.61960784 0.04313725
v 1.56592300 -0.32419600 -58.27241100 0.96078431 0.61960784 0.04313725
v 1.56592300 -0.32419600 -58.27241100 0.96078431 0.61960784 0.04313725
v 4.77103700 -0.32419700 -60.40130200 0.96078431 0.61960784 0.04313725
v 4.77103700 -0.32419700 -60.40130200 0.96078431 0.61960784 0.04313725
v 56.92901600 -0.32419700 13.79778400 0.96078431 0.61960784 0.04313725
v 56.92901600 -0.32419700 13.79778400 0.96078431 0.61960784 0.04313725
v 56.32152200 -0.32419700 16.09961300 0.96078431 0.61960784 0.04313725
v 56.32152200 -0.32419700 16.09961300 0.96078431 0.61960784 0.04313725
v 58.31149300 -0.32419700 16.45731900 0.96078431 0.61960784 0.04313725
v 58.31149300 -0.32419700 16.45731900 0.96078431 0.61960784 0.04313725
v 51.92422900 -0.32419700 27.11569200 0.96078431 0.61960784 0.04313725
v 51.92422900 -0.32419700 27.11569200 0.96078431 0.61960784 0.04313725
v 50.78654500 -0.32419700 29.19196900 0.96078431 0.61960784 0.04313725
v 50.78654500 -0.32419700 29.19196900 0.96078431 0.61960784 0.04313725
v 52.85671600 -0.32419700 29.61904300 0.96078431 0.61960784 0.04313725
v 52.85671600 -0.32419700 29.61904300 0.96078431 0.61960784 0.04313725
v 58.91561900 -0.32419700 14.14788500 0.96078431 0.61960784 0.04313725
v 58.91561900 -0.32419700 14.14788500 0.96078431 0.61960784 0.04313725
v 57.44566000 -0.32419700 11.46491200 0.96078431 0.61960784 0.04313725
v 57.44566000 -0.32419700 11.46491200 0.96078431 0.61960784 0.04313725
v 29.61148600 -0.32419700 -52.86096200 0.96078431 0.61960784 0.04313725
v 29.61148600 -0.32419700 -52.86096200 0.96078431 0.61960784 0.04313725
v 60.54305300 -0.32419700 2.38988800 0.96078431 0.61960784 0.04313725
v 60.54305300 -0.32419700 2.38988800 0.96078431 0.61960784 0.04313725
v 58.54341500 -0.32419700 2.02899300 0.96078431 0.61960784 0.04313725
v 58.54341500 -0.32419700 2.02899300 0.96078431 0.61960784 0.04313725
v 58.54341500 -0.32419700 2.02899300 0.96078431 0.61960784 0.04313725
v 58.41042300 -0.32419700 4.41686400 0.96078431 0.61960784 0.04313725
v 58.41042300 -0.32419700 4.41686400 0.96078431 0.61960784 0.04313725
v 58.52305200 -0.32419700 1.86921600 0.96078431 0.61960784 0.04313725
v 58.52305200 -0.32419700 1.86921600 0.96078431 0.61960784 0.04313725
v 58.53970700 -0.32447800 1.94830400 0.96078431 0.61960784 0.04313725
v 58.53970700 -0.32447800 1.94830400 0.96078431 0.61960784 0.04313725
v 1.53449400 -0.32419600 -58.19785700 0.96078431 0.61960784 0.04313725
v 1.53449400 -0.32419600 -58.19785700 0.96078431 0.61960784 0.04313725
v 45.51101700 -0.32419800 -1.48609300 0.96078431 0.61960784 0.04313725
v 45.51101700 -0.32419800 -1.48609300 0.96078431 0.61960784 0.04313725
v 45.25704200 -0.32419700 -1.41806700 0.96078431 0.61960784 0.04313725
v 45.25704200 -0.32419700 -1.41806700 0.96078431 0.61960784 0.04313725
v 58.19785700 -0.32419600 1.53449400 0.96078431 0.61960784 0.04313725
v 58.19785700 -0.32419600 1.53449400 0.96078431 0.61960784 0.04313725
v 58.19820000 -0.32419700 -1.53460800 0.96078431 0.61960784 0.04313725
v 58.19820000 -0.32419700 -1.53460800 0.96078431 0.61960784 0.04313725
v 58.11967800 -0.32419600 -1.51545000 0.96078431 0.61960784 0.04313725
v 58.11967800 -0.32419600 -1.51545000 0.96078431 0.61960784 0.04313725
v 58.52323500 -0.32510100 -1.86956800 0.96078431 0.61960784 0.04313725
v 58.52323500 -0.32510100 -1.86956800 0.96078431 0.61960784 0.04313725
v 58.49401500 -0.32419500 -1.79408300 0.96078431 0.61960784 0.04313725
v 58.49401500 -0.32419500 -1.79408300 0.96078431 0.61960784 0.04313725
v 60.54305300 -0.32419700 -2.36346500 0.96078431 0.61960784 0.04313725
v 60.54305300 -0.32419700 -2.36346500 0.96078431 0.61960784 0.04313725
v 1.86921600 -0.32419700 -58.52305200 0.96078431 0.61960784 0.04313725
v 1.86921600 -0.32419700 -58.52305200 0.96078431 0.61960784 0.04313725
v 1.94830400 -0.32447800 -58.53970700 0.96078431 0.61960784 0.04313725
v 1.94830400 -0.32447800 -58.53970700 0.96078431 0.61960784 0.04313725
v 44.49340100 -0.32419700 -41.12850200 0.96078431 0.61960784 0.04313725
v 44.49340100 -0.32419700 -41.12850200 0.96078431 0.61960784 0.04313725
v 52.87245900 -0.32419700 -29.58995400 0.96078431 0.61960784 0.04313725
v 52.87245900 -0.32419700 -29.58995400 0.96078431 0.61960784 0.04313725
v 18.72778900 -0.32419700 -57.62360400 0.96078431 0.61960784 0.04313725
v 18.72778900 -0.32419700 -57.62360400 0.96078431 0.61960784 0.04313725
v 58.45307500 -0.32419700 1.72414900 0.96078431 0.61960784 0.04313725
v 58.45307500 -0.32419700 1.72414900 0.96078431 0.61960784 0.04313725
v 60.58950800 -0.32419700 0.01706000 0.96078431 0.61960784 0.04313725
v 60.58950800 -0.32419700 0.01706000 0.96078431 0.61960784 0.04313725
v 58.40164900 -0.32419500 1.66197600 0.96078431 0.61960784 0.04313725
v 58.40164900 -0.32419500 1.66197600 0.96078431 0.61960784 0.04313725
v 1.15572200 -0.32419700 -44.80273400 0.96078431 0.61960784 0.04313725
v 1.15572200 -0.32419700 -44.80273400 0.96078431 0.61960784 0.04313725
v 49.02573400 -0.32419700 -35.60390900 0.96078431 0.61960784 0.04313725
v 49.02573400 -0.32419700 -35.60390900 0.96078431 0.61960784 0.04313725
v 58.49393800 -0.32419400 1.79392300 0.96078431 0.61960784 0.04313725
v 58.49393800 -0.32419400 1.79392300 0.96078431 0.61960784 0.04313725
v 47.59264800 -0.32419700 -37.49688300 0.96078431 0.61960784 0.04313725
v 47.59264800 -0.32419700 -37.49688300 0.96078431 0.61960784 0.04313725
v 46.08151600 -0.32419700 -39.33886700 0.96078431 0.61960784 0.04313725
v 46.08151600 -0.32419700 -39.33886700 0.96078431 0.61960784 0.04313725
v 53.99239700 -0.32419700 -27.49480200 0.96078431 0.61960784 0.04313725
v 53.99239700 -0.32419700 -27.49480200 0.96078431 0.61960784 0.04313725
v 45.25657700 -0.32419700 1.41787400 0.96078431 0.61960784 0.04313725
v 45.25657700 -0.32419700 1.41787400 0.96078431 0.61960784 0.04313725
v 45.51073800 -0.32419800 1.48602600 0.96078431 0.61960784 0.04313725
v 45.51073800 -0.32419800 1.48602600 0.96078431 0.61960784 0.04313725
v 44.28690700 -0.32419800 0.26198300 0.96078431 0.61960784 0.04313725
v 44.28690700 -0.32419800 0.26198300 0.96078431 0.61960784 0.04313725
v 55.98100300 -0.32419700 -23.17803600 0.96078431 0.61960784 0.04313725
v 55.98100300 -0.32419700 -23.17803600 0.96078431 0.61960784 0.04313725
v 58.91717900 -0.32419700 -14.13854600 0.96078431 0.61960784 0.04313725
v 58.91717900 -0.32419700 -14.13854600 0.96078431 0.61960784 0.04313725
v 58.31752400 -0.32419700 -16.43975100 0.96078431 0.61960784 0.04313725
v 58.31752400 -0.32419700 -16.43975100 0.96078431 0.61960784 0.04313725
v 55.02696200 -0.32419700 -25.36220200 0.96078431 0.61960784 0.04313725
v 55.02696200 -0.32419700 -25.36220200 0.96078431 0.61960784 0.04313725
v 58.11955300 -0.32419700 1.51543100 0.96078431 0.61960784 0.04313725
v 58.11955300 -0.32419700 1.51543100 0.96078431 0.61960784 0.04313725
v 58.03916500 -0.32419700 -1.50900000 0.96078431 0.61960784 0.04313725
v 58.03916500 -0.32419700 -1.50900000 0.96078431 0.61960784 0.04313725
v 58.03916500 -0.32419700 -1.50900000 0.96078431 0.61960784 0.04313725
v 44.28697200 -0.32419800 -0.26226300 0.96078431 0.61960784 0.04313725
v 44.28697200 -0.32419800 -0.26226300 0.96078431 0.61960784 0.04313725
v 50.38077200 -0.32419700 -33.65994300 0.96078431 0.61960784 0.04313725
v 50.38077200 -0.32419700 -33.65994300 0.96078431 0.61960784 0.04313725
v 42.85131800 -0.32419700 -42.83621600 0.96078431 0.61960784 0.04313725
v 42.85131800 -0.32419700 -42.83621600 0.96078431 0.61960784 0.04313725
v 58.18313600 -0.32419700 6.78547400 0.96078431 0.61960784 0.04313725
v 58.18313600 -0.32419700 6.78547400 0.96078431 0.61960784 0.04313725
v 57.86154600 -0.32419700 9.13482400 0.96078431 0.61960784 0.04313725
v 57.86154600 -0.32419700 9.13482400 0.96078431 0.61960784 0.04313725
v 60.16766400 -0.32419700 7.13497400 0.96078431 0.61960784 0.04313725
v 60.16766400 -0.32419700 7.13497400 0.96078431 0.61960784 0.04313725
v 41.14064400 -0.32419700 -44.48078500 0.96078431 0.61960784 0.04313725
v 41.14064400 -0.32419700 -44.48078500 0.96078431 0.61960784 0.04313725
v 60.40369000 -0.32419700 4.75501600 0.96078431 0.61960784 0.04313725
v 60.40369000 -0.32419700 4.75501600 0.96078431 0.61960784 0.04313725
v 33.67521700 -0.32419700 -50.36954100 0.96078431 0.61960784 0.04313725
v 33.67521700 -0.32419700 -50.36954100 0.96078431 0.61960784 0.04313725
v 35.62119300 -0.32419700 -49.01347700 0.96078431 0.61960784 0.04313725
v 35.62119300 -0.32419700 -49.01347700 0.96078431 0.61960784 0.04313725
v 55.62424100 -0.32419700 18.36678900 0.96078431 0.61960784 0.04313725
v 55.62424100 -0.32419700 18.36678900 0.96078431 0.61960784 0.04313725
v 57.61842000 -0.32419700 18.73971200 0.96078431 0.61960784 0.04313725
v 57.61842000 -0.32419700 18.73971200 0.96078431 0.61960784 0.04313725
v 31.67198200 -0.32419700 -51.65203500 0.96078431 0.61960784 0.04313725
v 31.67198200 -0.32419700 -51.65203500 0.96078431 0.61960784 0.04313725
v 27.51343900 -0.32419700 -53.98344400 0.96078431 0.61960784 0.04313725
v 27.51343900 -0.32419700 -53.98344400 0.96078431 0.61960784 0.04313725
v 54.83716600 -0.32419700 20.59931400 0.96078431 0.61960784 0.04313725
v 54.83716600 -0.32419700 20.59931400 0.96078431 0.61960784 0.04313725
v 56.83997700 -0.32419700 20.98465700 0.96078431 0.61960784 0.04313725
v 56.83997700 -0.32419700 20.98465700 0.96078431 0.61960784 0.04313725
v 7.13353900 -0.32419700 -60.16874300 0.96078431 0.61960784 0.04313725
v 7.13353900 -0.32419700 -60.16874300 0.96078431 0.61960784 0.04313725
v 55.97615800 -0.32419700 23.19215400 0.96078431 0.61960784 0.04313725
v 55.97615800 -0.32419700 23.19215400 0.96078431 0.61960784 0.04313725
v 53.95122100 -0.32419700 22.81588900 0.96078431 0.61960784 0.04313725
v 53.95122100 -0.32419700 22.81588900 0.96078431 0.61960784 0.04313725
v 49.55538900 -0.32419700 31.23416500 0.96078431 0.61960784 0.04313725
v 49.55538900 -0.32419700 31.23416500 0.96078431 0.61960784 0.04313725
v 51.65776800 -0.32419700 31.66498800 0.96078431 0.61960784 0.04313725
v 51.65776800 -0.32419700 31.66498800 0.96078431 0.61960784 0.04313725
v 53.97761900 -0.32419700 27.52211000 0.96078431 0.61960784 0.04313725
v 53.97761900 -0.32419700 27.52211000 0.96078431 0.61960784 0.04313725
v 52.97911800 -0.32419700 24.99033200 0.96078431 0.61960784 0.04313725
v 52.97911800 -0.32419700 24.99033200 0.96078431 0.61960784 0.04313725
v 48.24385800 -0.32419700 33.22389200 0.96078431 0.61960784 0.04313725
v 48.24385800 -0.32419700 33.22389200 0.96078431 0.61960784 0.04313725
v 46.85883700 -0.32419700 35.15147000 0.96078431 0.61960784 0.04313725
v 46.85883700 -0.32419700 35.15147000 0.96078431 0.61960784 0.04313725
v 49.00812900 -0.32419700 35.62652600 0.96078431 0.61960784 0.04313725
v 49.00812900 -0.32419700 35.62652600 0.96078431 0.61960784 0.04313725
v 50.37586200 -0.32419700 33.66625200 0.96078431 0.61960784 0.04313725
v 50.37586200 -0.32419700 33.66625200 0.96078431 0.61960784 0.04313725
v -1.51545000 -0.32419600 -58.11967800 0.96078431 0.61960784 0.04313725
v -1.51545000 -0.32419600 -58.11967800 0.96078431 0.61960784 0.04313725
v 1.50900000 -0.32419700 -58.03916500 0.96078431 0.61960784 0.04313725
v 1.50900000 -0.32419700 -58.03916500 0.96078431 0.61960784 0.04313725
v 1.50900000 -0.32419700 -58.03916500 0.96078431 0.61960784 0.04313725
v 1.51543100 -0.32419700 -58.11955300 0.96078431 0.61960784 0.04313725
v 1.51543100 -0.32419700 -58.11955300 0.96078431 0.61960784 0.04313725
v 40.56131000 -0.32419700 42.26283600 0.96078431 0.61960784 0.04313725
v 40.56131000 -0.32419700 42.26283600 0.96078431 0.61960784 0.04313725
v 42.83248900 -0.32419700 42.85354600 0.96078431 0.61960784 0.04313725
v 42.83248900 -0.32419700 42.85354600 0.96078431 0.61960784 0.04313725
v 39.34136200 -0.32419700 46.08065000 0.96078431 0.61960784 0.04313725
v 39.34136200 -0.32419700 46.08065000 0.96078431 0.61960784 0.04313725
v 37.00625200 -0.32419700 45.40790600 0.96078431 0.61960784 0.04313725
v 37.00625200 -0.32419700 45.40790600 0.96078431 0.61960784 0.04313725
v 38.82017900 -0.32419700 43.86832800 0.96078431 0.61960784 0.04313725
v 38.82017900 -0.32419700 43.86832800 0.96078431 0.61960784 0.04313725
v 41.11555500 -0.32419700 44.50388000 0.96078431 0.61960784 0.04313725
v 41.11555500 -0.32419700 44.50388000 0.96078431 0.61960784 0.04313725
v -1.48609300 -0.32419800 -45.51101700 0.96078431 0.61960784 0.04313725
v -1.48609300 -0.32419800 -45.51101700 0.96078431 0.61960784 0.04313725
v -0.51642500 -0.32419700 -44.35512500 0.96078431 0.61960784 0.04313725
v -0.51642500 -0.32419700 -44.35512500 0.96078431 0.61960784 0.04313725
v -0.26226300 -0.32419800 -44.28697200 0.96078431 0.61960784 0.04313725
v -0.26226300 -0.32419800 -44.28697200 0.96078431 0.61960784 0.04313725
v -1.41806700 -0.32419700 -45.25704200 0.96078431 0.61960784 0.04313725
v -1.41806700 -0.32419700 -45.25704200 0.96078431 0.61960784 0.04313725
v -0.00005700 -0.32419700 -44.26400000 0.96078431 0.61960784 0.04313725
v -0.00005700 -0.32419700 -44.26400000 0.96078431 0.61960784 0.04313725
v -0.00005700 -0.32419700 -44.26400000 0.96078431 0.61960784 0.04313725
v -0.00005700 -0.32419700 -44.26400000 0.96078431 0.61960784 0.04313725
v 29.60236400 -0.32419700 52.86692400 0.96078431 0.61960784 0.04313725
v 29.60236400 -0.32419700 52.86692400 0.96078431 0.61960784 0.04313725
v 27.08897000 -0.32419700 51.93719100 0.96078431 0.61960784 0.04313725
v 27.08897000 -0.32419700 51.93719100 0.96078431 0.61960784 0.04313725
v 27.49750300 -0.32419700 53.99043300 0.96078431 0.61960784 0.04313725
v 27.49750300 -0.32419700 53.99043300 0.96078431 0.61960784 0.04313725
v 29.18288400 -0.32419700 50.79095100 0.96078431 0.61960784 0.04313725
v 29.18288400 -0.32419700 50.79095100 0.96078431 0.61960784 0.04313725
v 1.30664000 -0.32419800 -45.01816600 0.96078431 0.61960784 0.04313725
v 1.30664000 -0.32419800 -45.01816600 0.96078431 0.61960784 0.04313725
v 1.50900000 -0.32419700 -45.77294200 0.96078431 0.61960784 0.04313725
v 1.50900000 -0.32419700 -45.77294200 0.96078431 0.61960784 0.04313725
v 1.50900000 -0.32419700 -45.77294200 0.96078431 0.61960784 0.04313725
v -27.49750300 -0.32419700 -53.99043300 0.96078431 0.61960784 0.04313725
v -27.49750300 -0.32419700 -53.99043300 0.96078431 0.61960784 0.04313725
v 16.43010100 -0.32419700 58.31895100 0.96078431 0.61960784 0.04313725
v 16.43010100 -0.32419700 58.31895100 0.96078431 0.61960784 0.04313725
v 13.77574200 -0.32419700 56.93547100 0.96078431 0.61960784 0.04313725
v 13.77574200 -0.32419700 56.93547100 0.96078431 0.61960784 0.04313725
v 14.12897800 -0.32419700 58.91933100 0.96078431 0.61960784 0.04313725
v 14.12897800 -0.32419700 58.91933100 0.96078431 0.61960784 0.04313725
v -37.50990700 -0.32419700 -47.58384700 0.96078431 0.61960784 0.04313725
v -37.50990700 -0.32419700 -47.58384700 0.96078431 0.61960784 0.04313725
v -29.60236400 -0.32419700 -52.86692400 0.96078431 0.61960784 0.04313725
v -29.60236400 -0.32419700 -52.86692400 0.96078431 0.61960784 0.04313725
v -1.50900000 -0.32419700 45.77294200 0.96078431 0.61960784 0.04313725
v -1.50900000 -0.32419700 45.77294200 0.96078431 0.61960784 0.04313725
v -1.50900000 -0.32419700 45.77294200 0.96078431 0.61960784 0.04313725
v 24.96040300 -0.32419700 52.99364100 0.96078431 0.61960784 0.04313725
v 24.96040300 -0.32419700 52.99364100 0.96078431 0.61960784 0.04313725
v -1.15572200 -0.32419700 44.80273400 0.96078431 0.61960784 0.04313725
v -1.15572200 -0.32419700 44.80273400 0.96078431 0.61960784 0.04313725
v -1.30664000 -0.32419800 45.01816600 0.96078431 0.61960784 0.04313725
v -1.30664000 -0.32419800 45.01816600 0.96078431 0.61960784 0.04313725
v -46.06689800 -0.32419700 -39.35765100 0.96078431 0.61960784 0.04313725
v -46.06689800 -0.32419700 -39.35765100 0.96078431 0.61960784 0.04313725
v -44.49216100 -0.32419700 -41.12964200 0.96078431 0.61960784 0.04313725
v -44.49216100 -0.32419700 -41.12964200 0.96078431 0.61960784 0.04313725
v 0.97026500 -0.32419700 44.61727900 0.96078431 0.61960784 0.04313725
v 0.97026500 -0.32419700 44.61727900 0.96078431 0.61960784 0.04313725
v 1.30697800 -0.32419800 45.01871900 0.96078431 0.61960784 0.04313725
v 1.30697800 -0.32419800 45.01871900 0.96078431 0.61960784 0.04313725
v 1.15618900 -0.32419800 44.80328400 0.96078431 0.61960784 0.04313725
v 1.15618900 -0.32419800 44.80328400 0.96078431 0.61960784 0.04313725
v -47.57180800 -0.32419700 -37.52365900 0.96078431 0.61960784 0.04313725
v -47.57180800 -0.32419700 -37.52365900 0.96078431 0.61960784 0.04313725
v -49.00812900 -0.32419700 -35.62652600 0.96078431 0.61960784 0.04313725
v -49.00812900 -0.32419700 -35.62652600 0.96078431 0.61960784 0.04313725
v 0.00005700 -0.32419700 44.26400000 0.96078431 0.61960784 0.04313725
v 0.00005700 -0.32419700 44.26400000 0.96078431 0.61960784 0.04313725
v 0.00005700 -0.32419700 44.26400000 0.96078431 0.61960784 0.04313725
v 0.00005700 -0.32419700 44.26400000 0.96078431 0.61960784 0.04313725
v -0.26198300 -0.32419800 44.28690700 0.96078431 0.61960784 0.04313725
v -0.26198300 -0.32419800 44.28690700 0.96078431 0.61960784 0.04313725
v -51.65776800 -0.32419700 -31.66498800 0.96078431 0.61960784 0.04313725
v -51.65776800 -0.32419700 -31.66498800 0.96078431 0.61960784 0.04313725
v -50.37586200 -0.32419700 -33.66625200 0.96078431 0.61960784 0.04313725
v -50.37586200 -0.32419700 -33.66625200 0.96078431 0.61960784 0.04313725
v -55.02047700 -0.32419700 -25.37418700 0.96078431 0.61960784 0.04313725
v -55.02047700 -0.32419700 -25.37418700 0.96078431 0.61960784 0.04313725
v -1.51543100 -0.32419700 58.11955300 0.96078431 0.61960784 0.04313725
v -1.51543100 -0.32419700 58.11955300 0.96078431 0.61960784 0.04313725
v 1.53460800 -0.32419700 58.19820000 0.96078431 0.61960784 0.04313725
v 1.53460800 -0.32419700 58.19820000 0.96078431 0.61960784 0.04313725
v 1.51545000 -0.32419600 58.11967800 0.96078431 0.61960784 0.04313725
v 1.51545000 -0.32419600 58.11967800 0.96078431 0.61960784 0.04313725
v -1.60867700 -0.32419600 58.34080500 0.96078431 0.61960784 0.04313725
v -1.60867700 -0.32419600 58.34080500 0.96078431 0.61960784 0.04313725
v -1.50900000 -0.32419700 58.03916500 0.96078431 0.61960784 0.04313725
v -1.50900000 -0.32419700 58.03916500 0.96078431 0.61960784 0.04313725
v -1.50900000 -0.32419700 58.03916500 0.96078431 0.61960784 0.04313725
v -1.72414900 -0.32419700 58.45307500 0.96078431 0.61960784 0.04313725
v -1.72414900 -0.32419700 58.45307500 0.96078431 0.61960784 0.04313725
v -1.66197600 -0.32419500 58.40164900 0.96078431 0.61960784 0.04313725
v -1.66197600 -0.32419500 58.40164900 0.96078431 0.61960784 0.04313725
v -55.97615800 -0.32419700 -23.19215400 0.96078431 0.61960784 0.04313725
v -55.97615800 -0.32419700 -23.19215400 0.96078431 0.61960784 0.04313725
v -58.91561900 -0.32419700 -14.14788500 0.96078431 0.61960784 0.04313725
v -58.91561900 -0.32419700 -14.14788500 0.96078431 0.61960784 0.04313725
v -1.79392300 -0.32419400 58.49393800 0.96078431 0.61960784 0.04313725
v -1.79392300 -0.32419400 58.49393800 0.96078431 0.61960784 0.04313725
v -59.42334000 -0.32419700 -11.83313400 0.96078431 0.61960784 0.04313725
v -59.42334000 -0.32419700 -11.83313400 0.96078431 0.61960784 0.04313725
v -4.77103700 -0.32419700 60.40130200 0.96078431 0.61960784 0.04313725
v -4.77103700 -0.32419700 60.40130200 0.96078431 0.61960784 0.04313725
v -11.83266500 -0.32419700 59.42264900 0.96078431 0.61960784 0.04313725
v -11.83266500 -0.32419700 59.42264900 0.96078431 0.61960784 0.04313725
v -9.48069600 -0.32419700 59.84422700 0.96078431 0.61960784 0.04313725
v -9.48069600 -0.32419700 59.84422700 0.96078431 0.61960784 0.04313725
v -45.77294200 -0.32419700 1.50900000 0.96078431 0.61960784 0.04313725
v -45.77294200 -0.32419700 1.50900000 0.96078431 0.61960784 0.04313725
v -45.77294200 -0.32419700 1.50900000 0.96078431 0.61960784 0.04313725
v -57.61842000 -0.32419700 -18.73971200 0.96078431 0.61960784 0.04313725
v -57.61842000 -0.32419700 -18.73971200 0.96078431 0.61960784 0.04313725
v -56.83997700 -0.32419700 -20.98465700 0.96078431 0.61960784 0.04313725
v -56.83997700 -0.32419700 -20.98465700 0.96078431 0.61960784 0.04313725
v -51.66714500 -0.32419700 31.64765700 0.96078431 0.61960784 0.04313725
v -51.66714500 -0.32419700 31.64765700 0.96078431 0.61960784 0.04313725
v 0.75483500 -0.32419800 44.46636200 0.96078431 0.61960784 0.04313725
v 0.75483500 -0.32419800 44.46636200 0.96078431 0.61960784 0.04313725
v -56.85021600 -0.32419700 20.95482600 0.96078431 0.61960784 0.04313725
v -56.85021600 -0.32419700 20.95482600 0.96078431 0.61960784 0.04313725
v -57.62905900 -0.32419700 18.70873100 0.96078431 0.61960784 0.04313725
v -57.62905900 -0.32419700 18.70873100 0.96078431 0.61960784 0.04313725
v -59.42816500 -0.32419700 11.80421100 0.96078431 0.61960784 0.04313725
v -59.42816500 -0.32419700 11.80421100 0.96078431 0.61960784 0.04313725
v -59.84624900 -0.32419700 9.46217800 0.96078431 0.61960784 0.04313725
v -59.84624900 -0.32419700 9.46217800 0.96078431 0.61960784 0.04313725
v -60.17142500 -0.32419700 7.11244600 0.96078431 0.61960784 0.04313725
v -60.17142500 -0.32419700 7.11244600 0.96078431 0.61960784 0.04313725
v -60.40369000 -0.32419700 4.75168900 0.96078431 0.61960784 0.04313725
v -60.40369000 -0.32419700 4.75168900 0.96078431 0.61960784 0.04313725
v -60.58950800 -0.32419700 -0.01706000 0.96078431 0.61960784 0.04313725
v -60.58950800 -0.32419700 -0.01706000 0.96078431 0.61960784 0.04313725
v -58.34111400 -0.32419700 1.60890700 0.96078431 0.61960784 0.04313725
v -58.34111400 -0.32419700 1.60890700 0.96078431 0.61960784 0.04313725
v -58.27256000 -0.32419500 1.56600000 0.96078431 0.61960784 0.04313725
v -58.27256000 -0.32419500 1.56600000 0.96078431 0.61960784 0.04313725
v -58.49393800 -0.32419400 -1.79392300 0.96078431 0.61960784 0.04313725
v -58.49393800 -0.32419400 -1.79392300 0.96078431 0.61960784 0.04313725
v -60.54305300 -0.32419700 -2.38988800 0.96078431 0.61960784 0.04313725
v -60.54305300 -0.32419700 -2.38988800 0.96078431 0.61960784 0.04313725
v -58.53970700 -0.32447800 -1.94830400 0.96078431 0.61960784 0.04313725
v -58.53970700 -0.32447800 -1.94830400 0.96078431 0.61960784 0.04313725
v -60.54305300 -0.32419700 2.36346500 0.96078431 0.61960784 0.04313725
v -60.54305300 -0.32419700 2.36346500 0.96078431 0.61960784 0.04313725
v -58.52323500 -0.32510100 1.86956800 0.96078431 0.61960784 0.04313725
v -58.52323500 -0.32510100 1.86956800 0.96078431 0.61960784 0.04313725
v -58.49401500 -0.32419500 1.79408300 0.96078431 0.61960784 0.04313725
v -58.49401500 -0.32419500 1.79408300 0.96078431 0.61960784 0.04313725
v -58.19820000 -0.32419700 1.53460800 0.96078431 0.61960784 0.04313725
v -58.19820000 -0.32419700 1.53460800 0.96078431 0.61960784 0.04313725
v -58.52305200 -0.32419700 -1.86921600 0.96078431 0.61960784 0.04313725
v -58.52305200 -0.32419700 -1.86921600 0.96078431 0.61960784 0.04313725
v -58.45330000 -0.32419600 1.72447000 0.96078431 0.61960784 0.04313725
v -58.45330000 -0.32419600 1.72447000 0.96078431 0.61960784 0.04313725
v -58.40176800 -0.32419500 1.66209800 0.96078431 0.61960784 0.04313725
v -58.40176800 -0.32419500 1.66209800 0.96078431 0.61960784 0.04313725
v -58.53971500 -0.32434200 1.94844400 0.96078431 0.61960784 0.04313725
v -58.53971500 -0.32434200 1.94844400 0.96078431 0.61960784 0.04313725
v 1.50900000 -0.32419700 58.03916500 0.96078431 0.61960784 0.04313725
v 1.50900000 -0.32419700 58.03916500 0.96078431 0.61960784 0.04313725
v 1.50900000 -0.32419700 58.03916500 0.96078431 0.61960784 0.04313725
v 0.26226300 -0.32419800 44.28697200 0.96078431 0.61960784 0.04313725
v 0.26226300 -0.32419800 44.28697200 0.96078431 0.61960784 0.04313725
v -0.96971800 -0.32419800 44.61681000 0.96078431 0.61960784 0.04313725
v -0.96971800 -0.32419800 44.61681000 0.96078431 0.61960784 0.04313725
v 44.61727900 -0.32419700 -0.97026500 0.96078431 0.61960784 0.04313725
v 44.61727900 -0.32419700 -0.97026500 0.96078431 0.61960784 0.04313725
v 44.80328400 -0.32419800 -1.15618900 0.96078431 0.61960784 0.04313725
v 44.80328400 -0.32419800 -1.15618900 0.96078431 0.61960784 0.04313725
v 23.20248000 -0.32419700 -55.97052000 0.96078431 0.61960784 0.04313725
v 23.20248000 -0.32419700 -55.97052000 0.96078431 0.61960784 0.04313725
v 44.35493500 -0.32419700 0.51596000 0.96078431 0.61960784 0.04313725
v 44.35493500 -0.32419700 0.51596000 0.96078431 0.61960784 0.04313725
v 44.26400000 -0.32419700 -0.00005700 0.96078431 0.61960784 0.04313725
v 44.26400000 -0.32419700 -0.00005700 0.96078431 0.61960784 0.04313725
v 44.26400000 -0.32419700 -0.00005700 0.96078431 0.61960784 0.04313725
v 44.26400000 -0.32419700 -0.00005700 0.96078431 0.61960784 0.04313725
v 58.27241100 -0.32419600 1.56592300 0.96078431 0.61960784 0.04313725
v 58.27241100 -0.32419600 1.56592300 0.96078431 0.61960784 0.04313725
v 58.34080500 -0.32419600 1.60867700 0.96078431 0.61960784 0.04313725
v 58.34080500 -0.32419600 1.60867700 0.96078431 0.61960784 0.04313725
v 59.84069100 -0.32419700 9.49549700 0.96078431 0.61960784 0.04313725
v 59.84069100 -0.32419700 9.49549700 0.96078431 0.61960784 0.04313725
v 59.42334000 -0.32419700 11.83313400 0.96078431 0.61960784 0.04313725
v 59.42334000 -0.32419700 11.83313400 0.96078431 0.61960784 0.04313725
v 55.02047700 -0.32419700 25.37418700 0.96078431 0.61960784 0.04313725
v 55.02047700 -0.32419700 25.37418700 0.96078431 0.61960784 0.04313725
v 45.40032600 -0.32419700 37.01689900 0.96078431 0.61960784 0.04313725
v 45.40032600 -0.32419700 37.01689900 0.96078431 0.61960784 0.04313725
v 47.57180800 -0.32419700 37.52365900 0.96078431 0.61960784 0.04313725
v 47.57180800 -0.32419700 37.52365900 0.96078431 0.61960784 0.04313725
v 46.06689800 -0.32419700 39.35765100 0.96078431 0.61960784 0.04313725
v 46.06689800 -0.32419700 39.35765100 0.96078431 0.61960784 0.04313725
v 31.21916400 -0.32419700 49.56607100 0.96078431 0.61960784 0.04313725
v 31.21916400 -0.32419700 49.56607100 0.96078431 0.61960784 0.04313725
v 31.64691500 -0.32419700 51.66841100 0.96078431 0.61960784 0.04313725
v 31.64691500 -0.32419700 51.66841100 0.96078431 0.61960784 0.04313725
v 44.46602200 -0.32419800 0.75428200 0.96078431 0.61960784 0.04313725
v 44.46602200 -0.32419800 0.75428200 0.96078431 0.61960784 0.04313725
v 44.61681000 -0.32419800 0.96971800 0.96078431 0.61960784 0.04313725
v 44.61681000 -0.32419800 0.96971800 0.96078431 0.61960784 0.04313725
v 44.80273400 -0.32419700 1.15572200 0.96078431 0.61960784 0.04313725
v 44.80273400 -0.32419700 1.15572200 0.96078431 0.61960784 0.04313725
v 20.96562400 -0.32419700 56.84757200 0.96078431 0.61960784 0.04313725
v 20.96562400 -0.32419700 56.84757200 0.96078431 0.61960784 0.04313725
v 18.33961700 -0.32419700 55.63219800 0.96078431 0.61960784 0.04313725
v 18.33961700 -0.32419700 55.63219800 0.96078431 0.61960784 0.04313725
v 16.06730800 -0.32419700 56.33098200 0.96078431 0.61960784 0.04313725
v 16.06730800 -0.32419700 56.33098200 0.96078431 0.61960784 0.04313725
v 18.71588100 -0.32419700 57.62662100 0.96078431 0.61960784 0.04313725
v 18.71588100 -0.32419700 57.62662100 0.96078431 0.61960784 0.04313725
v 11.46491200 -0.32419700 57.44566000 0.96078431 0.61960784 0.04313725
v 11.46491200 -0.32419700 57.44566000 0.96078431 0.61960784 0.04313725
v 11.81251000 -0.32419700 59.42775300 0.96078431 0.61960784 0.04313725
v 11.81251000 -0.32419700 59.42775300 0.96078431 0.61960784 0.04313725
v 9.48069600 -0.32419700 59.84422700 0.96078431 0.61960784 0.04313725
v 9.48069600 -0.32419700 59.84422700 0.96078431 0.61960784 0.04313725
v 9.13482400 -0.32419700 57.86154600 0.96078431 0.61960784 0.04313725
v 9.13482400 -0.32419700 57.86154600 0.96078431 0.61960784 0.04313725
v 6.78547400 -0.32419700 58.18313600 0.96078431 0.61960784 0.04313725
v 6.78547400 -0.32419700 58.18313600 0.96078431 0.61960784 0.04313725
v 7.13353900 -0.32419700 60.16874300 0.96078431 0.61960784 0.04313725
v 7.13353900 -0.32419700 60.16874300 0.96078431 0.61960784 0.04313725
v 4.77103700 -0.32419700 60.40130200 0.96078431 0.61960784 0.04313725
v 4.77103700 -0.32419700 60.40130200 0.96078431 0.61960784 0.04313725
v 1.60890700 -0.32419700 58.34111400 0.96078431 0.61960784 0.04313725
v 1.60890700 -0.32419700 58.34111400 0.96078431 0.61960784 0.04313725
v 1.56600000 -0.32419500 58.27256000 0.96078431 0.61960784 0.04313725
v 1.56600000 -0.32419500 58.27256000 0.96078431 0.61960784 0.04313725
v 4.41686400 -0.32419700 58.41042300 0.96078431 0.61960784 0.04313725
v 4.41686400 -0.32419700 58.41042300 0.96078431 0.61960784 0.04313725
v 1.72447000 -0.32419600 58.45330000 0.96078431 0.61960784 0.04313725
v 1.72447000 -0.32419600 58.45330000 0.96078431 0.61960784 0.04313725
v 1.66209800 -0.32419500 58.40176800 0.96078431 0.61960784 0.04313725
v 1.66209800 -0.32419500 58.40176800 0.96078431 0.61960784 0.04313725
v 2.02899400 -0.32419700 58.54341500 0.96078431 0.61960784 0.04313725
v 2.02899400 -0.32419700 58.54341500 0.96078431 0.61960784 0.04313725
v 2.02899400 -0.32419700 58.54341500 0.96078431 0.61960784 0.04313725
v 1.94844400 -0.32434200 58.53971500 0.96078431 0.61960784 0.04313725
v 1.94844400 -0.32434200 58.53971500 0.96078431 0.61960784 0.04313725
v 58.03916500 -0.32419700 1.50900000 0.96078431 0.61960784 0.04313725
v 58.03916500 -0.32419700 1.50900000 0.96078431 0.61960784 0.04313725
v 58.03916500 -0.32419700 1.50900000 0.96078431 0.61960784 0.04313725
v 45.01816600 -0.32419800 1.30664000 0.96078431 0.61960784 0.04313725
v 45.01816600 -0.32419800 1.30664000 0.96078431 0.61960784 0.04313725
v 45.01871900 -0.32419800 -1.30697800 0.96078431 0.61960784 0.04313725
v 45.01871900 -0.32419800 -1.30697800 0.96078431 0.61960784 0.04313725
v 45.77294200 -0.32419700 -1.50900000 0.96078431 0.61960784 0.04313725
v 45.77294200 -0.32419700 -1.50900000 0.96078431 0.61960784 0.04313725
v 45.77294200 -0.32419700 -1.50900000 0.96078431 0.61960784 0.04313725
v 16.45968400 -0.32419700 -58.31146200 0.96078431 0.61960784 0.04313725
v 16.45968400 -0.32419700 -58.31146200 0.96078431 0.61960784 0.04313725
v 20.98044600 -0.32419700 -56.84107200 0.96078431 0.61960784 0.04313725
v 20.98044600 -0.32419700 -56.84107200 0.96078431 0.61960784 0.04313725
v 14.16131000 -0.32419700 -58.91114400 0.96078431 0.61960784 0.04313725
v 14.16131000 -0.32419700 -58.91114400 0.96078431 0.61960784 0.04313725
v -1.53460800 -0.32419700 -58.19820000 0.96078431 0.61960784 0.04313725
v -1.53460800 -0.32419700 -58.19820000 0.96078431 0.61960784 0.04313725
v 9.48069600 -0.32419700 -59.84422700 0.96078431 0.61960784 0.04313725
v 9.48069600 -0.32419700 -59.84422700 0.96078431 0.61960784 0.04313725
v 11.83266500 -0.32419700 -59.42264900 0.96078431 0.61960784 0.04313725
v 11.83266500 -0.32419700 -59.42264900 0.96078431 0.61960784 0.04313725
v 25.38014600 -0.32419700 -55.01797500 0.96078431 0.61960784 0.04313725
v 25.38014600 -0.32419700 -55.01797500 0.96078431 0.61960784 0.04313725
v 37.51353100 -0.32419700 -47.58050900 0.96078431 0.61960784 0.04313725
v 37.51353100 -0.32419700 -47.58050900 0.96078431 0.61960784 0.04313725
v 39.36138200 -0.32419700 -46.06221800 0.96078431 0.61960784 0.04313725
v 39.36138200 -0.32419700 -46.06221800 0.96078431 0.61960784 0.04313725
v 51.66714500 -0.32419700 -31.64765700 0.96078431 0.61960784 0.04313725
v 51.66714500 -0.32419700 -31.64765700 0.96078431 0.61960784 0.04313725
v 56.85021600 -0.32419700 -20.95482600 0.96078431 0.61960784 0.04313725
v 56.85021600 -0.32419700 -20.95482600 0.96078431 0.61960784 0.04313725
v 57.62905900 -0.32419700 -18.70873100 0.96078431 0.61960784 0.04313725
v 57.62905900 -0.32419700 -18.70873100 0.96078431 0.61960784 0.04313725
v 59.42816500 -0.32419700 -11.80421100 0.96078431 0.61960784 0.04313725
v 59.42816500 -0.32419700 -11.80421100 0.96078431 0.61960784 0.04313725
v 59.84624900 -0.32419700 -9.46217800 0.96078431 0.61960784 0.04313725
v 59.84624900 -0.32419700 -9.46217800 0.96078431 0.61960784 0.04313725
v 60.17142500 -0.32419700 -7.11244600 0.96078431 0.61960784 0.04313725
v 60.17142500 -0.32419700 -7.11244600 0.96078431 0.61960784 0.04313725
v 60.40369000 -0.32419700 -4.75168900 0.96078431 0.61960784 0.04313725
v 60.40369000 -0.32419700 -4.75168900 0.96078431 0.61960784 0.04313725
v 58.34111400 -0.32419700 -1.60890700 0.96078431 0.61960784 0.04313725
v 58.34111400 -0.32419700 -1.60890700 0.96078431 0.61960784 0.04313725
v 58.27256000 -0.32419500 -1.56600000 0.96078431 0.61960784 0.04313725
v 58.27256000 -0.32419500 -1.56600000 0.96078431 0.61960784 0.04313725
v 58.45330000 -0.32419600 -1.72447000 0.96078431 0.61960784 0.04313725
v 58.45330000 -0.32419600 -1.72447000 0.96078431 0.61960784 0.04313725
v 58.40176800 -0.32419500 -1.66209800 0.96078431 0.61960784 0.04313725
v 58.40176800 -0.32419500 -1.66209800 0.96078431 0.61960784 0.04313725
v 58.53971500 -0.32434200 -1.94844400 0.96078431 0.61960784 0.04313725
v 58.53971500 -0.32434200 -1.94844400 0.96078431 0.61960784 0.04313725
v 1.72414900 -0.32419700 -58.45307500 0.96078431 0.61960784 0.04313725
v 1.72414900 -0.32419700 -58.45307500 0.96078431 0.61960784 0.04313725
v 1.66197600 -0.32419500 -58.40164900 0.96078431 0.61960784 0.04313725
v 1.66197600 -0.32419500 -58.40164900 0.96078431 0.61960784 0.04313725
v -1.50900000 -0.32419700 -58.03916500 0.96078431 0.61960784 0.04313725
v -1.50900000 -0.32419700 -58.03916500 0.96078431 0.61960784 0.04313725
v -1.50900000 -0.32419700 -58.03916500 0.96078431 0.61960784 0.04313725
v 0.51596000 -0.32419700 -44.35493500 0.96078431 0.61960784 0.04313725
v 0.51596000 -0.32419700 -44.35493500 0.96078431 0.61960784 0.04313725
v -0.75483500 -0.32419800 -44.46636200 0.96078431 0.61960784 0.04313725
v -0.75483500 -0.32419800 -44.46636200 0.96078431 0.61960784 0.04313725
v 0.26198300 -0.32419800 -44.28690700 0.96078431 0.61960784 0.04313725
v 0.26198300 -0.32419800 -44.28690700 0.96078431 0.61960784 0.04313725
v -9.48069600 -0.32419700 -59.84422700 0.96078431 0.61960784 0.04313725
v -9.48069600 -0.32419700 -59.84422700 0.96078431 0.61960784 0.04313725
v -11.81251000 -0.32419700 -59.42775300 0.96078431 0.61960784 0.04313725
v -11.81251000 -0.32419700 -59.42775300 0.96078431 0.61960784 0.04313725
v -18.71588100 -0.32419700 -57.62662100 0.96078431 0.61960784 0.04313725
v -18.71588100 -0.32419700 -57.62662100 0.96078431 0.61960784 0.04313725
v -44.61681000 -0.32419800 -0.96971800 0.96078431 0.61960784 0.04313725
v -44.61681000 -0.32419800 -0.96971800 0.96078431 0.61960784 0.04313725
v -44.80273400 -0.32419700 -1.15572200 0.96078431 0.61960784 0.04313725
v -44.80273400 -0.32419700 -1.15572200 0.96078431 0.61960784 0.04313725
v -44.46602200 -0.32419800 -0.75428200 0.96078431 0.61960784 0.04313725
v -44.46602200 -0.32419800 -0.75428200 0.96078431 0.61960784 0.04313725
v -45.51073800 -0.32419800 -1.48602600 0.96078431 0.61960784 0.04313725
v -45.51073800 -0.32419800 -1.48602600 0.96078431 0.61960784 0.04313725
v -44.26400000 -0.32419700 0.00005700 0.96078431 0.61960784 0.04313725
v -44.26400000 -0.32419700 0.00005700 0.96078431 0.61960784 0.04313725
v -44.26400000 -0.32419700 0.00005700 0.96078431 0.61960784 0.04313725
v -44.26400000 -0.32419700 0.00005700 0.96078431 0.61960784 0.04313725
v -44.28690700 -0.32419800 -0.26198300 0.96078431 0.61960784 0.04313725
v -44.28690700 -0.32419800 -0.26198300 0.96078431 0.61960784 0.04313725
v -23.17318700 -0.32419700 -55.98336800 0.96078431 0.61960784 0.04313725
v -23.17318700 -0.32419700 -55.98336800 0.96078431 0.61960784 0.04313725
v -35.60290900 -0.32419700 -49.02542100 0.96078431 0.61960784 0.04313725
v -35.60290900 -0.32419700 -49.02542100 0.96078431 0.61960784 0.04313725
v -33.64709900 -0.32419700 -50.38791300 0.96078431 0.61960784 0.04313725
v -33.64709900 -0.32419700 -50.38791300 0.96078431 0.61960784 0.04313725
v -31.64691500 -0.32419700 -51.66841100 0.96078431 0.61960784 0.04313725
v -31.64691500 -0.32419700 -51.66841100 0.96078431 0.61960784 0.04313725
v -25.35048100 -0.32419700 -55.03098700 0.96078431 0.61960784 0.04313725
v -25.35048100 -0.32419700 -55.03098700 0.96078431 0.61960784 0.04313725
v -45.01816600 -0.32419800 -1.30664000 0.96078431 0.61960784 0.04313725
v -45.01816600 -0.32419800 -1.30664000 0.96078431 0.61960784 0.04313725
v -45.25657700 -0.32419700 -1.41787400 0.96078431 0.61960784 0.04313725
v -45.25657700 -0.32419700 -1.41787400 0.96078431 0.61960784 0.04313725
v -44.35493500 -0.32419700 -0.51596000 0.96078431 0.61960784 0.04313725
v -44.35493500 -0.32419700 -0.51596000 0.96078431 0.61960784 0.04313725
v -20.96562400 -0.32419700 -56.84757200 0.96078431 0.61960784 0.04313725
v -20.96562400 -0.32419700 -56.84757200 0.96078431 0.61960784 0.04313725
v -16.43010100 -0.32419700 -58.31895100 0.96078431 0.61960784 0.04313725
v -16.43010100 -0.32419700 -58.31895100 0.96078431 0.61960784 0.04313725
v -14.12897800 -0.32419700 -58.91933100 0.96078431 0.61960784 0.04313725
v -14.12897800 -0.32419700 -58.91933100 0.96078431 0.61960784 0.04313725
v -7.13353900 -0.32419700 -60.16874300 0.96078431 0.61960784 0.04313725
v -7.13353900 -0.32419700 -60.16874300 0.96078431 0.61960784 0.04313725
v -4.77103700 -0.32419700 -60.40130200 0.96078431 0.61960784 0.04313725
v -4.77103700 -0.32419700 -60.40130200 0.96078431 0.61960784 0.04313725
v -1.60890700 -0.32419700 -58.34111400 0.96078431 0.61960784 0.04313725
v -1.60890700 -0.32419700 -58.34111400 0.96078431 0.61960784 0.04313725
v -1.56600000 -0.32419500 -58.27256000 0.96078431 0.61960784 0.04313725
v -1.56600000 -0.32419500 -58.27256000 0.96078431 0.61960784 0.04313725
v -2.39319100 -0.32419700 -60.54191200 0.96078431 0.61960784 0.04313725
v -2.39319100 -0.32419700 -60.54191200 0.96078431 0.61960784 0.04313725
v -1.86956800 -0.32510100 -58.52323500 0.96078431 0.61960784 0.04313725
v -1.86956800 -0.32510100 -58.52323500 0.96078431 0.61960784 0.04313725
v -1.79408300 -0.32419500 -58.49401500 0.96078431 0.61960784 0.04313725
v -1.79408300 -0.32419500 -58.49401500 0.96078431 0.61960784 0.04313725
v -1.72447000 -0.32419600 -58.45330000 0.96078431 0.61960784 0.04313725
v -1.72447000 -0.32419600 -58.45330000 0.96078431 0.61960784 0.04313725
v -1.66209800 -0.32419500 -58.40176800 0.96078431 0.61960784 0.04313725
v -1.66209800 -0.32419500 -58.40176800 0.96078431 0.61960784 0.04313725
v -1.94844400 -0.32434200 -58.53971500 0.96078431 0.61960784 0.04313725
v -1.94844400 -0.32434200 -58.53971500 0.96078431 0.61960784 0.04313725
v -58.03916500 -0.32419700 -1.50900000 0.96078431 0.61960784 0.04313725
v -58.03916500 -0.32419700 -1.50900000 0.96078431 0.61960784 0.04313725
v -58.03916500 -0.32419700 -1.50900000 0.96078431 0.61960784 0.04313725
v -58.45307500 -0.32419700 -1.72414900 0.96078431 0.61960784 0.04313725
v -58.45307500 -0.32419700 -1.72414900 0.96078431 0.61960784 0.04313725
v -58.40164900 -0.32419500 -1.66197600 0.96078431 0.61960784 0.04313725
v -58.40164900 -0.32419500 -1.66197600 0.96078431 0.61960784 0.04313725
v -58.03916500 -0.32419700 1.50900000 0.96078431 0.61960784 0.04313725
v -58.03916500 -0.32419700 1.50900000 0.96078431 0.61960784 0.04313725
v -58.03916500 -0.32419700 1.50900000 0.96078431 0.61960784 0.04313725
v -58.11955300 -0.32419700 -1.51543100 0.96078431 0.61960784 0.04313725
v -58.11955300 -0.32419700 -1.51543100 0.96078431 0.61960784 0.04313725
v -58.27241100 -0.32419600 -1.56592300 0.96078431 0.61960784 0.04313725
v -58.27241100 -0.32419600 -1.56592300 0.96078431 0.61960784 0.04313725
v -58.34080500 -0.32419600 -1.60867700 0.96078431 0.61960784 0.04313725
v -58.34080500 -0.32419600 -1.60867700 0.96078431 0.61960784 0.04313725
v -58.19785700 -0.32419600 -1.53449400 0.96078431 0.61960784 0.04313725
v -58.19785700 -0.32419600 -1.53449400 0.96078431 0.61960784 0.04313725
v -58.11967800 -0.32419600 1.51545000 0.96078431 0.61960784 0.04313725
v -58.11967800 -0.32419600 1.51545000 0.96078431 0.61960784 0.04313725
v 51.42195900 103.24292800 3.32828100 0.96078431 0.61960784 0.04313725
v 51.42195900 103.24292800 3.32828100 0.96078431 0.61960784 0.04313725
v -4.44389600 103.24292800 51.33678800 0.96078431 0.61960784 0.04313725
v -4.44389600 103.24292800 51.33678800 0.96078431 0.61960784 0.04313725
v 51.51685300 103.24292800 1.12106500 0.96078431 0.61960784 0.04313725
v 51.51685300 103.24292800 1.12106500 0.96078431 0.61960784 0.04313725
v 51.51685300 103.24292800 -1.09401300 0.96078431 0.61960784 0.04313725
v 51.51685300 103.24292800 -1.09401300 0.96078431 0.61960784 0.04313725
v 51.42195900 103.24292800 -3.31695400 0.96078431 0.61960784 0.04313725
v 51.42195900 103.24292800 -3.31695400 0.96078431 0.61960784 0.04313725
v 51.23217400 103.24292800 -5.52763300 0.96078431 0.61960784 0.04313725
v 51.23217400 103.24292800 -5.52763300 0.96078431 0.61960784 0.04313725
v 50.94749500 103.24292800 -7.71912200 0.96078431 0.61960784 0.04313725
v 50.94749500 103.24292800 -7.71912200 0.96078431 0.61960784 0.04313725
v 50.56792100 103.24292800 -9.90274800 0.96078431 0.61960784 0.04313725
v 50.56792100 103.24292800 -9.90274800 0.96078431 0.61960784 0.04313725
v 50.09345600 103.24292800 -12.07851000 0.96078431 0.61960784 0.04313725
v 50.09345600 103.24292800 -12.07851000 0.96078431 0.61960784 0.04313725
v 49.52846100 103.24292800 -14.22024300 0.96078431 0.61960784 0.04313725
v 49.52846100 103.24292800 -14.22024300 0.96078431 0.61960784 0.04313725
v 48.87238300 103.24292800 -16.33129500 0.96078431 0.61960784 0.04313725
v 48.87238300 103.24292800 -16.33129500 0.96078431 0.61960784 0.04313725
v 48.12400100 103.24292800 -18.41897200 0.96078431 0.61960784 0.04313725
v 48.12400100 103.24292800 -18.41897200 0.96078431 0.61960784 0.04313725
v 47.28331000 103.24292800 -20.48327600 0.96078431 0.61960784 0.04313725
v 47.28331000 103.24292800 -20.48327600 0.96078431 0.61960784 0.04313725
v 46.36113700 103.24292800 -22.49268300 0.96078431 0.61960784 0.04313725
v 46.36113700 103.24292800 -22.49268300 0.96078431 0.61960784 0.04313725
v 45.35277200 103.24292800 -24.46091800 0.96078431 0.61960784 0.04313725
v 45.35277200 103.24292800 -24.46091800 0.96078431 0.61960784 0.04313725
v 44.25720600 103.24292800 -26.39090300 0.96078431 0.61960784 0.04313725
v 44.25720600 103.24292800 -26.39090300 0.96078431 0.61960784 0.04313725
v 43.07521100 103.24292800 -28.28122300 0.96078431 0.61960784 0.04313725
v 43.07521100 103.24292800 -28.28122300 0.96078431 0.61960784 0.04313725
v 41.82376100 103.24292800 -30.10049800 0.96078431 0.61960784 0.04313725
v 41.82376100 103.24292800 -30.10049800 0.96078431 0.61960784 0.04313725
v 40.49260300 103.24292800 -31.86769300 0.96078431 0.61960784 0.04313725
v 40.49260300 103.24292800 -31.86769300 0.96078431 0.61960784 0.04313725
v 39.08172600 103.24292800 -33.58280900 0.96078431 0.61960784 0.04313725
v 39.08172600 103.24292800 -33.58280900 0.96078431 0.61960784 0.04313725
v 37.59526100 103.24292800 -35.24055100 0.96078431 0.61960784 0.04313725
v 37.59526100 103.24292800 -35.24055100 0.96078431 0.61960784 0.04313725
v 36.05037700 103.24292800 -36.81884800 0.96078431 0.61960784 0.04313725
v 36.05037700 103.24292800 -36.81884800 0.96078431 0.61960784 0.04313725
v 34.43543600 103.24292800 -38.33265700 0.96078431 0.61960784 0.04313725
v 34.43543600 103.24292800 -38.33265700 0.96078431 0.61960784 0.04313725
v 32.75044600 103.24292800 -39.78197500 0.96078431 0.61960784 0.04313725
v 32.75044600 103.24292800 -39.78197500 0.96078431 0.61960784 0.04313725
v 31.00437400 103.24292800 -41.15854300 0.96078431 0.61960784 0.04313725
v 31.00437400 103.24292800 -41.15854300 0.96078431 0.61960784 0.04313725
v 29.21154600 103.24292800 -42.44917300 0.96078431 0.61960784 0.04313725
v 29.21154600 103.24292800 -42.44917300 0.96078431 0.61960784 0.04313725
v 27.36023500 103.24292800 -43.66466100 0.96078431 0.61960784 0.04313725
v 27.36023500 103.24292800 -43.66466100 0.96078431 0.61960784 0.04313725
v 25.45043900 103.24292800 -44.80500800 0.96078431 0.61960784 0.04313725
v 25.45043900 103.24292800 -44.80500800 0.96078431 0.61960784 0.04313725
v 23.49729300 103.24292800 -45.86032500 0.96078431 0.61960784 0.04313725
v 23.49729300 103.24292800 -45.86032500 0.96078431 0.61960784 0.04313725
v 21.50933300 103.24292800 -46.82503900 0.96078431 0.61960784 0.04313725
v 21.50933300 103.24292800 -46.82503900 0.96078431 0.61960784 0.04313725
v 19.47605300 103.24292800 -47.70601300 0.96078431 0.61960784 0.04313725
v 19.47605300 103.24292800 -47.70601300 0.96078431 0.61960784 0.04313725
v 17.39745300 103.24292800 -48.50324200 0.96078431 0.61960784 0.04313725
v 17.39745300 103.24292800 -48.50324200 0.96078431 0.61960784 0.04313725
v 15.29583600 103.24292800 -49.20694700 0.96078431 0.61960784 0.04313725
v 15.29583600 103.24292800 -49.20694700 0.96078431 0.61960784 0.04313725
v 13.17132000 103.24292800 -49.81707400 0.96078431 0.61960784 0.04313725
v 13.17132000 103.24292800 -49.81707400 0.96078431 0.61960784 0.04313725
v 11.01588600 103.24292800 -50.33714700 0.96078431 0.61960784 0.04313725
v 11.01588600 103.24292800 -50.33714700 0.96078431 0.61960784 0.04313725
v 8.82953500 103.24292800 -50.76715500 0.96078431 0.61960784 0.04313725
v 8.82953500 103.24292800 -50.76715500 0.96078431 0.61960784 0.04313725
v 6.64233500 103.24292800 -51.09949100 0.96078431 0.61960784 0.04313725
v 6.64233500 103.24292800 -51.09949100 0.96078431 0.61960784 0.04313725
v 4.44389600 103.24292800 -51.33678800 0.96078431 0.61960784 0.04313725
v 4.44389600 103.24292800 -51.33678800 0.96078431 0.61960784 0.04313725
v 2.22978400 103.24292800 -51.48016000 0.96078431 0.61960784 0.04313725
v 2.22978400 103.24292800 -51.48016000 0.96078431 0.61960784 0.04313725
v 0.00000000 103.24292800 -51.52961700 0.96078431 0.61960784 0.04313725
v 0.00000000 103.24292800 -51.52961700 0.96078431 0.61960784 0.04313725
v 51.22972900 103.24292800 5.54228500 0.96078431 0.61960784 0.04313725
v 51.22972900 103.24292800 5.54228500 0.96078431 0.61960784 0.04313725
v 50.94287100 103.24292800 7.74683700 0.96078431 0.61960784 0.04313725
v 50.94287100 103.24292800 7.74683700 0.96078431 0.61960784 0.04313725
v 50.56370500 103.24292800 9.92801300 0.96078431 0.61960784 0.04313725
v 50.56370500 103.24292800 9.92801300 0.96078431 0.61960784 0.04313725
v 50.09223600 103.24292800 12.08581500 0.96078431 0.61960784 0.04313725
v 50.09223600 103.24292800 12.08581500 0.96078431 0.61960784 0.04313725
v 49.52262100 103.24292800 14.23725900 0.96078431 0.61960784 0.04313725
v 49.52262100 103.24292800 14.23725900 0.96078431 0.61960784 0.04313725
v 48.86304900 103.24292800 16.35848800 0.96078431 0.61960784 0.04313725
v 48.86304900 103.24292800 16.35848800 0.96078431 0.61960784 0.04313725
v 48.11627600 103.24292800 18.44146900 0.96078431 0.61960784 0.04313725
v 48.11627600 103.24292800 18.44146900 0.96078431 0.61960784 0.04313725
v 47.28230700 103.24292800 20.48620000 0.96078431 0.61960784 0.04313725
v 47.28230700 103.24292800 20.48620000 0.96078431 0.61960784 0.04313725
v 46.35126900 103.24292800 22.51092100 0.96078431 0.61960784 0.04313725
v 46.35126900 103.24292800 22.51092100 0.96078431 0.61960784 0.04313725
v 45.33896300 103.24292800 24.48643500 0.96078431 0.61960784 0.04313725
v 45.33896300 103.24292800 24.48643500 0.96078431 0.61960784 0.04313725
v 44.24694400 103.24292800 26.40986800 0.96078431 0.61960784 0.04313725
v 44.24694400 103.24292800 26.40986800 0.96078431 0.61960784 0.04313725
v 43.07424500 103.24292800 28.28246100 0.96078431 0.61960784 0.04313725
v 43.07424500 103.24292800 28.28246100 0.96078431 0.61960784 0.04313725
v 41.80958200 103.24292800 30.11871700 0.96078431 0.61960784 0.04313725
v 41.80958200 103.24292800 30.11871700 0.96078431 0.61960784 0.04313725
v 40.47486100 103.24292800 31.89048400 0.96078431 0.61960784 0.04313725
v 40.47486100 103.24292800 31.89048400 0.96078431 0.61960784 0.04313725
v 39.07008700 103.24292800 33.59776300 0.96078431 0.61960784 0.04313725
v 39.07008700 103.24292800 33.59776300 0.96078431 0.61960784 0.04313725
v 37.59083600 103.24292800 35.24462100 0.96078431 0.61960784 0.04313725
v 37.59083600 103.24292800 35.24462100 0.96078431 0.61960784 0.04313725
v 36.03194800 103.24292800 36.83581200 0.96078431 0.61960784 0.04313725
v 36.03194800 103.24292800 36.83581200 0.96078431 0.61960784 0.04313725
v 34.41457400 103.24292800 38.35186400 0.96078431 0.61960784 0.04313725
v 34.41457400 103.24292800 38.35186400 0.96078431 0.61960784 0.04313725
v 32.73871600 103.24292800 39.79277400 0.96078431 0.61960784 0.04313725
v 32.73871600 103.24292800 39.79277400 0.96078431 0.61960784 0.04313725
v 30.99594900 103.24292800 41.16404700 0.96078431 0.61960784 0.04313725
v 30.99594900 103.24292800 41.16404700 0.96078431 0.61960784 0.04313725
v 29.18926400 103.24292800 42.46373000 0.96078431 0.61960784 0.04313725
v 29.18926400 103.24292800 42.46373000 0.96078431 0.61960784 0.04313725
v 27.33725900 103.24292800 43.67967200 0.96078431 0.61960784 0.04313725
v 27.33725900 103.24292800 43.67967200 0.96078431 0.61960784 0.04313725
v 25.43993600 103.24292800 44.81187100 0.96078431 0.61960784 0.04313725
v 25.43993600 103.24292800 44.81187100 0.96078431 0.61960784 0.04313725
v 23.48472800 103.24292800 45.86583700 0.96078431 0.61960784 0.04313725
v 23.48472800 103.24292800 45.86583700 0.96078431 0.61960784 0.04313725
v 21.48388100 103.24292800 46.83620500 0.96078431 0.61960784 0.04313725
v 21.48388100 103.24292800 46.83620500 0.96078431 0.61960784 0.04313725
v 19.45211600 103.24292800 47.71651100 0.96078431 0.61960784 0.04313725
v 19.45211600 103.24292800 47.71651100 0.96078431 0.61960784 0.04313725
v 17.38943500 103.24292800 48.50676000 0.96078431 0.61960784 0.04313725
v 17.38943500 103.24292800 48.50676000 0.96078431 0.61960784 0.04313725
v 15.27936600 103.24292800 49.21111700 0.96078431 0.61960784 0.04313725
v 15.27936600 103.24292800 49.21111700 0.96078431 0.61960784 0.04313725
v 13.14361800 103.24292800 49.82408900 0.96078431 0.61960784 0.04313725
v 13.14361800 103.24292800 49.82408900 0.96078431 0.61960784 0.04313725
v 10.99219600 103.24292800 50.34314300 0.96078431 0.61960784 0.04313725
v 10.99219600 103.24292800 50.34314300 0.96078431 0.61960784 0.04313725
v 8.82510200 103.24292800 50.76828000 0.96078431 0.61960784 0.04313725
v 8.82510200 103.24292800 50.76828000 0.96078431 0.61960784 0.04313725
v 6.64233500 103.24292800 51.09949100 0.96078431 0.61960784 0.04313725
v 6.64233500 103.24292800 51.09949100 0.96078431 0.61960784 0.04313725
v 4.44389600 103.24292800 51.33678800 0.96078431 0.61960784 0.04313725
v 4.44389600 103.24292800 51.33678800 0.96078431 0.61960784 0.04313725
v 2.22978400 103.24292800 51.48016000 0.96078431 0.61960784 0.04313725
v 2.22978400 103.24292800 51.48016000 0.96078431 0.61960784 0.04313725
v 0.00000000 103.24292800 51.52961700 0.96078431 0.61960784 0.04313725
v 0.00000000 103.24292800 51.52961700 0.96078431 0.61960784 0.04313725
v -2.22978400 103.24292800 51.48016000 0.96078431 0.61960784 0.04313725
v -2.22978400 103.24292800 51.48016000 0.96078431 0.61960784 0.04313725
v -8.82953500 103.24292800 50.76715500 0.96078431 0.61960784 0.04313725
v -8.82953500 103.24292800 50.76715500 0.96078431 0.61960784 0.04313725
v -6.64233500 103.24292800 51.09949100 0.96078431 0.61960784 0.04313725
v -6.64233500 103.24292800 51.09949100 0.96078431 0.61960784 0.04313725
v -15.29583600 103.24292800 49.20694700 0.96078431 0.61960784 0.04313725
v -15.29583600 103.24292800 49.20694700 0.96078431 0.61960784 0.04313725
v -13.17132000 103.24292800 49.81707400 0.96078431 0.61960784 0.04313725
v -13.17132000 103.24292800 49.81707400 0.96078431 0.61960784 0.04313725
v -11.01588600 103.24292800 50.33714700 0.96078431 0.61960784 0.04313725
v -11.01588600 103.24292800 50.33714700 0.96078431 0.61960784 0.04313725
v -19.47605300 103.24292800 47.70601300 0.96078431 0.61960784 0.04313725
v -19.47605300 103.24292800 47.70601300 0.96078431 0.61960784 0.04313725
v -21.50933300 103.24292800 46.82503900 0.96078431 0.61960784 0.04313725
v -21.50933300 103.24292800 46.82503900 0.96078431 0.61960784 0.04313725
v -17.39745300 103.24292800 48.50324200 0.96078431 0.61960784 0.04313725
v -17.39745300 103.24292800 48.50324200 0.96078431 0.61960784 0.04313725
v -27.36023500 103.24292800 43.66466100 0.96078431 0.61960784 0.04313725
v -27.36023500 103.24292800 43.66466100 0.96078431 0.61960784 0.04313725
v -25.45043900 103.24292800 44.80500800 0.96078431 0.61960784 0.04313725
v -25.45043900 103.24292800 44.80500800 0.96078431 0.61960784 0.04313725
v -23.49729300 103.24292800 45.86032500 0.96078431 0.61960784 0.04313725
v -23.49729300 103.24292800 45.86032500 0.96078431 0.61960784 0.04313725
v -32.75044600 103.24292800 39.78197500 0.96078431 0.61960784 0.04313725
v -32.75044600 103.24292800 39.78197500 0.96078431 0.61960784 0.04313725
v -31.00437400 103.24292800 41.15854300 0.96078431 0.61960784 0.04313725
v -31.00437400 103.24292800 41.15854300 0.96078431 0.61960784 0.04313725
v -29.21154600 103.24292800 42.44917300 0.96078431 0.61960784 0.04313725
v -29.21154600 103.24292800 42.44917300 0.96078431 0.61960784 0.04313725
v -37.59526100 103.24292800 35.24055100 0.96078431 0.61960784 0.04313725
v -37.59526100 103.24292800 35.24055100 0.96078431 0.61960784 0.04313725
v -34.43543600 103.24292800 38.33265700 0.96078431 0.61960784 0.04313725
v -34.43543600 103.24292800 38.33265700 0.96078431 0.61960784 0.04313725
v -41.82376100 103.24292800 30.10049800 0.96078431 0.61960784 0.04313725
v -41.82376100 103.24292800 30.10049800 0.96078431 0.61960784 0.04313725
v -40.49260300 103.24292800 31.86769300 0.96078431 0.61960784 0.04313725
v -40.49260300 103.24292800 31.86769300 0.96078431 0.61960784 0.04313725
v -39.08172600 103.24292800 33.58280900 0.96078431 0.61960784 0.04313725
v -39.08172600 103.24292800 33.58280900 0.96078431 0.61960784 0.04313725
v -45.35277200 103.24292800 24.46091800 0.96078431 0.61960784 0.04313725
v -45.35277200 103.24292800 24.46091800 0.96078431 0.61960784 0.04313725
v -44.25720600 103.24292800 26.39090300 0.96078431 0.61960784 0.04313725
v -44.25720600 103.24292800 26.39090300 0.96078431 0.61960784 0.04313725
v -43.07521100 103.24292800 28.28122300 0.96078431 0.61960784 0.04313725
v -43.07521100 103.24292800 28.28122300 0.96078431 0.61960784 0.04313725
v -48.12400100 103.24292800 18.41897200 0.96078431 0.61960784 0.04313725
v -48.12400100 103.24292800 18.41897200 0.96078431 0.61960784 0.04313725
v -47.28331000 103.24292800 20.48327600 0.96078431 0.61960784 0.04313725
v -47.28331000 103.24292800 20.48327600 0.96078431 0.61960784 0.04313725
v -46.36113700 103.24292800 22.49268300 0.96078431 0.61960784 0.04313725
v -46.36113700 103.24292800 22.49268300 0.96078431 0.61960784 0.04313725
v -50.09345600 103.24292800 12.07851000 0.96078431 0.61960784 0.04313725
v -50.09345600 103.24292800 12.07851000 0.96078431 0.61960784 0.04313725
v -49.52846100 103.24292800 14.22024300 0.96078431 0.61960784 0.04313725
v -49.52846100 103.24292800 14.22024300 0.96078431 0.61960784 0.04313725
v -48.87238300 103.24292800 16.33129500 0.96078431 0.61960784 0.04313725
v -48.87238300 103.24292800 16.33129500 0.96078431 0.61960784 0.04313725
v -51.23217400 103.24292800 5.52763300 0.96078431 0.61960784 0.04313725
v -51.23217400 103.24292800 5.52763300 0.96078431 0.61960784 0.04313725
v -50.56792100 103.24292800 9.90274800 0.96078431 0.61960784 0.04313725
v -50.56792100 103.24292800 9.90274800 0.96078431 0.61960784 0.04313725
v -50.94749500 103.24292800 7.71912200 0.96078431 0.61960784 0.04313725
v -50.94749500 103.24292800 7.71912200 0.96078431 0.61960784 0.04313725
v -51.51685300 103.24292800 -1.12106500 0.96078431 0.61960784 0.04313725
v -51.51685300 103.24292800 -1.12106500 0.96078431 0.61960784 0.04313725
v -51.51685300 103.24292800 1.09401300 0.96078431 0.61960784 0.04313725
v -51.51685300 103.24292800 1.09401300 0.96078431 0.61960784 0.04313725
v -51.42195900 103.24292800 3.31695400 0.96078431 0.61960784 0.04313725
v -51.42195900 103.24292800 3.31695400 0.96078431 0.61960784 0.04313725
v -50.94287100 103.24292800 -7.74683700 0.96078431 0.61960784 0.04313725
v -50.94287100 103.24292800 -7.74683700 0.96078431 0.61960784 0.04313725
v -51.22972900 103.24292800 -5.54228500 0.96078431 0.61960784 0.04313725
v -51.22972900 103.24292800 -5.54228500 0.96078431 0.61960784 0.04313725
v -51.42195900 103.24292800 -3.32828100 0.96078431 0.61960784 0.04313725
v -51.42195900 103.24292800 -3.32828100 0.96078431 0.61960784 0.04313725
v -49.52262100 103.24292800 -14.23725900 0.96078431 0.61960784 0.04313725
v -49.52262100 103.24292800 -14.23725900 0.96078431 0.61960784 0.04313725
v -50.56370500 103.24292800 -9.92801300 0.96078431 0.61960784 0.04313725
v -50.56370500 103.24292800 -9.92801300 0.96078431 0.61960784 0.04313725
v -50.09223600 103.24292800 -12.08581500 0.96078431 0.61960784 0.04313725
v -50.09223600 103.24292800 -12.08581500 0.96078431 0.61960784 0.04313725
v -47.28230700 103.24292800 -20.48620000 0.96078431 0.61960784 0.04313725
v -47.28230700 103.24292800 -20.48620000 0.96078431 0.61960784 0.04313725
v -48.11627600 103.24292800 -18.44146900 0.96078431 0.61960784 0.04313725
v -48.11627600 103.24292800 -18.44146900 0.96078431 0.61960784 0.04313725
v -48.86304900 103.24292800 -16.35848800 0.96078431 0.61960784 0.04313725
v -48.86304900 103.24292800 -16.35848800 0.96078431 0.61960784 0.04313725
v -44.24694400 103.24292800 -26.40986800 0.96078431 0.61960784 0.04313725
v -44.24694400 103.24292800 -26.40986800 0.96078431 0.61960784 0.04313725
v -45.33896300 103.24292800 -24.48643500 0.96078431 0.61960784 0.04313725
v -45.33896300 103.24292800 -24.48643500 0.96078431 0.61960784 0.04313725
v -46.35126900 103.24292800 -22.51092100 0.96078431 0.61960784 0.04313725
v -46.35126900 103.24292800 -22.51092100 0.96078431 0.61960784 0.04313725
v -40.47486100 103.24292800 -31.89048400 0.96078431 0.61960784 0.04313725
v -40.47486100 103.24292800 -31.89048400 0.96078431 0.61960784 0.04313725
v -39.07008700 103.24292800 -33.59776300 0.96078431 0.61960784 0.04313725
v -39.07008700 103.24292800 -33.59776300 0.96078431 0.61960784 0.04313725
v -41.80958200 103.24292800 -30.11871700 0.96078431 0.61960784 0.04313725
v -41.80958200 103.24292800 -30.11871700 0.96078431 0.61960784 0.04313725
v -36.03194800 103.24292800 -36.83581200 0.96078431 0.61960784 0.04313725
v -36.03194800 103.24292800 -36.83581200 0.96078431 0.61960784 0.04313725
v -37.59083600 103.24292800 -35.24462100 0.96078431 0.61960784 0.04313725
v -37.59083600 103.24292800 -35.24462100 0.96078431 0.61960784 0.04313725
v -34.41457400 103.24292800 -38.35186400 0.96078431 0.61960784 0.04313725
v -34.41457400 103.24292800 -38.35186400 0.96078431 0.61960784 0.04313725
v -32.73871600 103.24292800 -39.79277400 0.96078431 0.61960784 0.04313725
v -32.73871600 103.24292800 -39.79277400 0.96078431 0.61960784 0.04313725
v -30.99594900 103.24292800 -41.16404700 0.96078431 0.61960784 0.04313725
v -30.99594900 103.24292800 -41.16404700 0.96078431 0.61960784 0.04313725
v -29.18926400 103.24292800 -42.46373000 0.96078431 0.61960784 0.04313725
v -29.18926400 103.24292800 -42.46373000 0.96078431 0.61960784 0.04313725
v -27.33725900 103.24292800 -43.67967200 0.96078431 0.61960784 0.04313725
v -27.33725900 103.24292800 -43.67967200 0.96078431 0.61960784 0.04313725
v -25.43993600 103.24292800 -44.81187100 0.96078431 0.61960784 0.04313725
v -25.43993600 103.24292800 -44.81187100 0.96078431 0.61960784 0.04313725
v -23.48472800 103.24292800 -45.86583700 0.96078431 0.61960784 0.04313725
v -23.48472800 103.24292800 -45.86583700 0.96078431 0.61960784 0.04313725
v -21.48388100 103.24292800 -46.83620500 0.96078431 0.61960784 0.04313725
v -21.48388100 103.24292800 -46.83620500 0.96078431 0.61960784 0.04313725
v -19.45211600 103.24292800 -47.71651100 0.96078431 0.61960784 0.04313725
v -19.45211600 103.24292800 -47.71651100 0.96078431 0.61960784 0.04313725
v -17.38943500 103.24292800 -48.50676000 0.96078431 0.61960784 0.04313725
v -17.38943500 103.24292800 -48.50676000 0.96078431 0.61960784 0.04313725
v -15.27936600 103.24292800 -49.21111700 0.96078431 0.61960784 0.04313725
v -15.27936600 103.24292800 -49.21111700 0.96078431 0.61960784 0.04313725
v -13.14361800 103.24292800 -49.82408900 0.96078431 0.61960784 0.04313725
v -13.14361800 103.24292800 -49.82408900 0.96078431 0.61960784 0.04313725
v -10.99219600 103.24292800 -50.34314300 0.96078431 0.61960784 0.04313725
v -10.99219600 103.24292800 -50.34314300 0.96078431 0.61960784 0.04313725
v -8.82510200 103.24292800 -50.76828000 0.96078431 0.61960784 0.04313725
v -8.82510200 103.24292800 -50.76828000 0.96078431 0.61960784 0.04313725
v -6.64233500 103.24292800 -51.09949100 0.96078431 0.61960784 0.04313725
v -6.64233500 103.24292800 -51.09949100 0.96078431 0.61960784 0.04313725
v -4.44389600 103.24292800 -51.33678800 0.96078431 0.61960784 0.04313725
v -4.44389600 103.24292800 -51.33678800 0.96078431 0.61960784 0.04313725
v -2.22978400 103.24292800 -51.48016000 0.96078431 0.61960784 0.04313725
v -2.22978400 103.24292800 -51.48016000 0.96078431 0.61960784 0.04313725
v -43.07424500 103.24292800 -28.28246100 0.96078431 0.61960784 0.04313725
v -43.07424500 103.24292800 -28.28246100 0.96078431 0.61960784 0.04313725
v -36.05037700 103.24292800 36.81884800 0.96078431 0.61960784 0.04313725
v -36.05037700 103.24292800 36.81884800 0.96078431 0.61960784 0.04313725
v 0.00000000 105.89505000 -49.30421800 0.96078431 0.61960784 0.04313725
v 0.00000000 105.89505000 -49.30421800 0.96078431 0.61960784 0.04313725
v -4.21812700 105.74230200 -49.55940600 0.96078431 0.61960784 0.04313725
v 4.21812700 105.74230200 -49.55940600 0.96078431 0.61960784 0.04313725
v 31.24677700 105.74230200 38.69840200 0.96078431 0.61960784 0.04313725
v 26.47980700 105.89505000 41.58914900 0.96078431 0.61960784 0.04313725
v 26.47980700 105.89505000 41.58914900 0.96078431 0.61960784 0.04313725
v 28.26819600 105.89505000 40.39432900 0.96078431 0.61960784 0.04313725
v 28.26819600 105.89505000 40.39432900 0.96078431 0.61960784 0.04313725
v 12.87689100 104.54554700 -49.45427300 0.96078431 0.61960784 0.04313725
v 20.93900900 104.91982300 -46.32232300 0.96078431 0.61960784 0.04313725
v 12.80931100 104.91982300 -49.19472500 0.96078431 0.61960784 0.04313725
v 4.36365600 103.69722700 -51.26924500 0.96078431 0.61960784 0.04313725
v -4.36365600 103.69722700 -51.26924500 0.96078431 0.61960784 0.04313725
v -12.72816900 105.24894000 -48.88309900 0.96078431 0.61960784 0.04313725
v -4.25256500 105.52524600 -49.96402400 0.96078431 0.61960784 0.04313725
v -12.63535700 105.52524600 -48.52664900 0.96078431 0.61960784 0.04313725
v -21.19421800 103.69722700 -46.88690600 0.96078431 0.61960784 0.04313725
v -4.35150800 104.13482700 -51.12651800 0.96078431 0.61960784 0.04313725
v 4.33385600 104.54554700 -50.91912500 0.96078431 0.61960784 0.04313725
v -4.33385600 104.54554700 -50.91912500 0.96078431 0.61960784 0.04313725
v 4.25256500 105.52524600 -49.96402400 0.96078431 0.61960784 0.04313725
v -12.53303300 105.74230200 -48.13367100 0.96078431 0.61960784 0.04313725
v -8.55956200 105.89505000 -48.55551900 0.96078431 0.61960784 0.04313725
v -8.55956200 105.89505000 -48.55551900 0.96078431 0.61960784 0.04313725
v 4.31111100 104.91982300 -50.65189000 0.96078431 0.61960784 0.04313725
v -12.96543300 103.69722700 -49.79432300 0.96078431 0.61960784 0.04313725
v -20.65465200 105.52524600 -45.69325300 0.96078431 0.61960784 0.04313725
v -20.80637000 105.24894000 -46.02888900 0.96078431 0.61960784 0.04313725
v -28.81328400 103.69722700 -42.63064200 0.96078431 0.61960784 0.04313725
v -12.87689100 104.54554700 -49.45427300 0.96078431 0.61960784 0.04313725
v -12.92933900 104.13482700 -49.65570100 0.96078431 0.61960784 0.04313725
v -16.85919200 105.89505000 -46.33215000 0.96078431 0.61960784 0.04313725
v -16.85919200 105.89505000 -46.33215000 0.96078431 0.61960784 0.04313725
v -20.48738700 105.74230200 -45.32321900 0.96078431 0.61960784 0.04313725
v -4.31111100 104.91982300 -50.65189000 0.96078431 0.61960784 0.04313725
v -35.60344700 103.69722700 -37.14796800 0.96078431 0.61960784 0.04313725
v -28.07975200 105.52524600 -41.54534500 0.96078431 0.61960784 0.04313725
v -28.28601100 105.24894000 -41.85051300 0.96078431 0.61960784 0.04313725
v -21.04948200 104.54554700 -46.56671500 0.96078431 0.61960784 0.04313725
v -21.13521800 104.13482700 -46.75638200 0.96078431 0.61960784 0.04313725
v -27.85235600 105.74230200 -41.20890000 0.96078431 0.61960784 0.04313725
v -22.76037600 105.89505000 -43.73560300 0.96078431 0.61960784 0.04313725
v -22.76037600 105.89505000 -43.73560300 0.96078431 0.61960784 0.04313725
v -24.64684100 105.89505000 -42.70160300 0.96078431 0.61960784 0.04313725
v -24.64684100 105.89505000 -42.70160300 0.96078431 0.61960784 0.04313725
v -12.80931100 104.91982300 -49.19472500 0.96078431 0.61960784 0.04313725
v -41.36935800 103.69722700 -30.59661900 0.96078431 0.61960784 0.04313725
v -26.47980700 105.89505000 -41.58914900 0.96078431 0.61960784 0.04313725
v -26.47980700 105.89505000 -41.58914900 0.96078431 0.61960784 0.04313725
v -28.61651800 104.54554700 -42.33951600 0.96078431 0.61960784 0.04313725
v -28.73307200 104.13482700 -42.51196300 0.96078431 0.61960784 0.04313725
v -34.41606500 105.74230200 -35.90907700 0.96078431 0.61960784 0.04313725
v -30.01201200 105.89505000 -39.11714600 0.96078431 0.61960784 0.04313725
v -30.01201200 105.89505000 -39.11714600 0.96078431 0.61960784 0.04313725
v -31.68600100 105.89505000 -37.77409000 0.96078431 0.61960784 0.04313725
v -31.68600100 105.89505000 -37.77409000 0.96078431 0.61960784 0.04313725
v -20.93900900 104.91982300 -46.32232300 0.96078431 0.61960784 0.04313725
v -45.94515200 103.69722700 -23.16505800 0.96078431 0.61960784 0.04313725
v -35.50433000 104.13482700 -37.04455600 0.96078431 0.61960784 0.04313725
v -35.36030600 104.54554700 -36.89428300 0.96078431 0.61960784 0.04313725
v -33.29875200 105.89505000 -36.35955400 0.96078431 0.61960784 0.04313725
v -33.29875200 105.89505000 -36.35955400 0.96078431 0.61960784 0.04313725
v -36.35053300 105.89505000 -33.30982600 0.96078431 0.61960784 0.04313725
v -36.35053300 105.89505000 -33.30982600 0.96078431 0.61960784 0.04313725
v -39.98968500 105.74230200 -29.57621600 0.96078431 0.61960784 0.04313725
v -37.76286300 105.89505000 -31.69920900 0.96078431 0.61960784 0.04313725
v -37.76286300 105.89505000 -31.69920900 0.96078431 0.61960784 0.04313725
v -28.46633100 104.91982300 -42.11730600 0.96078431 0.61960784 0.04313725
v -49.19918800 103.69722700 -15.06708100 0.96078431 0.61960784 0.04313725
v -41.08684500 104.54554700 -30.38767200 0.96078431 0.61960784 0.04313725
v -41.25419200 104.13482700 -30.51144200 0.96078431 0.61960784 0.04313725
v -39.10628500 105.89505000 -30.02516200 0.96078431 0.61960784 0.04313725
v -39.10628500 105.89505000 -30.02516200 0.96078431 0.61960784 0.04313725
v -41.58136000 105.89505000 -26.49328600 0.96078431 0.61960784 0.04313725
v -41.58136000 105.89505000 -26.49328600 0.96078431 0.61960784 0.04313725
v -44.41287200 105.74230200 -22.39250000 0.96078431 0.61960784 0.04313725
v -42.69282200 105.89505000 -24.66139200 0.96078431 0.61960784 0.04313725
v -42.69282200 105.89505000 -24.66139200 0.96078431 0.61960784 0.04313725
v -35.17472800 104.91982300 -36.70065300 0.96078431 0.61960784 0.04313725
v -43.72587600 105.89505000 -22.77827300 0.96078431 0.61960784 0.04313725
v -43.72587600 105.89505000 -22.77827300 0.96078431 0.61960784 0.04313725
v -45.81724900 104.13482700 -23.10057100 0.96078431 0.61960784 0.04313725
v -45.63139000 104.54554700 -23.00686300 0.96078431 0.61960784 0.04313725
v -51.03784900 103.69722700 -6.53565300 0.96078431 0.61960784 0.04313725
v -47.55838400 105.74230200 -14.56459100 0.96078431 0.61960784 0.04313725
v -45.54934300 105.89505000 -18.87209700 0.96078431 0.61960784 0.04313725
v -45.54934300 105.89505000 -18.87209700 0.96078431 0.61960784 0.04313725
v -46.32607300 105.89505000 -16.87432500 0.96078431 0.61960784 0.04313725
v -46.32607300 105.89505000 -16.87432500 0.96078431 0.61960784 0.04313725
v -47.01703300 105.89505000 -14.83893300 0.96078431 0.61960784 0.04313725
v -47.01703300 105.89505000 -14.83893300 0.96078431 0.61960784 0.04313725
v -51.40824900 103.69722700 2.18379600 0.96078431 0.61960784 0.04313725
v -40.87121200 104.91982300 -30.22819100 0.96078431 0.61960784 0.04313725
v -49.06222500 104.13482700 -15.02513700 0.96078431 0.61960784 0.04313725
v -48.86320500 104.54554700 -14.96418800 0.96078431 0.61960784 0.04313725
v -49.33572800 105.74230200 -6.31768800 0.96078431 0.61960784 0.04313725
v -48.13396500 105.89505000 -10.67767800 0.96078431 0.61960784 0.04313725
v -48.13396500 105.89505000 -10.67767800 0.96078431 0.61960784 0.04313725
v -48.87957400 105.89505000 -6.44826900 0.96078431 0.61960784 0.04313725
v -48.87957400 105.89505000 -6.44826900 0.96078431 0.61960784 0.04313725
v -48.55216200 105.89505000 -8.57447000 0.96078431 0.61960784 0.04313725
v -48.55216200 105.89505000 -8.57447000 0.96078431 0.61960784 0.04313725
v -44.77547500 105.52524600 -22.57531900 0.96078431 0.61960784 0.04313725
v -48.29885500 105.24894000 -14.79135900 0.96078431 0.61960784 0.04313725
v -45.10437000 105.24894000 -22.74114400 0.96078431 0.61960784 0.04313725
v -50.29972500 103.69722700 10.84042000 0.96078431 0.61960784 0.04313725
v -45.39190700 104.91982300 -22.88611800 0.96078431 0.61960784 0.04313725
v -50.68931200 104.54554700 -6.49102000 0.96078431 0.61960784 0.04313725
v -50.89577100 104.13482700 -6.51745800 0.96078431 0.61960784 0.04313725
v -49.25668700 105.89505000 -2.15886800 0.96078431 0.61960784 0.04313725
v -49.25668700 105.89505000 -2.15886800 0.96078431 0.61960784 0.04313725
v -49.69377500 105.74230200 2.11096600 0.96078431 0.61960784 0.04313725
v -49.25668700 105.89505000 2.13883700 0.96078431 0.61960784 0.04313725
v -49.25668700 105.89505000 2.13883700 0.96078431 0.61960784 0.04313725
v -49.11668400 105.89505000 4.29612000 0.96078431 0.61960784 0.04313725
v -49.11668400 105.89505000 4.29612000 0.96078431 0.61960784 0.04313725
v -50.10387400 105.24894000 -6.41605200 0.96078431 0.61960784 0.04313725
v -47.94666700 105.52524600 -14.68350100 0.96078431 0.61960784 0.04313725
v -47.74416700 103.69722700 19.18518400 0.96078431 0.61960784 0.04313725
v -48.60675800 104.91982300 -14.88565300 0.96078431 0.61960784 0.04313725
v -51.26513700 104.13482700 2.17771600 0.96078431 0.61960784 0.04313725
v -51.05717800 104.54554700 2.16888200 0.96078431 0.61960784 0.04313725
v -48.62221900 105.74230200 10.47888900 0.96078431 0.61960784 0.04313725
v -48.88335000 105.89505000 6.42563700 0.96078431 0.61960784 0.04313725
v -48.88335000 105.89505000 6.42563700 0.96078431 0.61960784 0.04313725
v -49.01918400 105.52524600 10.56444300 0.96078431 0.61960784 0.04313725
v -50.09948700 105.52524600 2.12820000 0.96078431 0.61960784 0.04313725
v -50.42328300 104.91982300 -6.45695400 0.96078431 0.61960784 0.04313725
v -43.81510200 103.69722700 26.97802700 0.96078431 0.61960784 0.04313725
v -46.52869000 105.52524600 18.69676600 0.96078431 0.61960784 0.04313725
v -46.87046400 105.24894000 18.83410100 0.96078431 0.61960784 0.04313725
v -49.95622600 104.54554700 10.76639000 0.96078431 0.61960784 0.04313725
v -50.15969800 104.13482700 10.81024200 0.96078431 0.61960784 0.04313725
v -47.02520400 105.89505000 14.81512500 0.96078431 0.61960784 0.04313725
v -47.02520400 105.89505000 14.81512500 0.96078431 0.61960784 0.04313725
v -46.15189400 105.74230200 18.54535500 0.96078431 0.61960784 0.04313725
v -20.84718900 105.89505000 44.67940500 0.96078431 0.61960784 0.04313725
v -20.84718900 105.89505000 44.67940500 0.96078431 0.61960784 0.04313725
v -16.56990400 105.74230200 46.89739600 0.96078431 0.61960784 0.04313725
v -24.25725900 105.74230200 43.42249300 0.96078431 0.61960784 0.04313725
v -50.78921900 104.91982300 2.15750000 0.96078431 0.61960784 0.04313725
v -38.62555300 103.69722700 33.99476200 0.96078431 0.61960784 0.04313725
v -43.01329800 105.24894000 26.48433700 0.96078431 0.61960784 0.04313725
v -42.69965000 105.52524600 26.29121600 0.96078431 0.61960784 0.04313725
v -32.32481400 103.69722700 40.03352700 0.96078431 0.61960784 0.04313725
v -47.41812100 104.54554700 19.05416900 0.96078431 0.61960784 0.04313725
v -47.61125600 104.13482700 19.13177700 0.96078431 0.61960784 0.04313725
v -44.68685200 105.89505000 20.83224700 0.96078431 0.61960784 0.04313725
v -44.68685200 105.89505000 20.83224700 0.96078431 0.61960784 0.04313725
v -43.73859400 105.89505000 22.75477600 0.96078431 0.61960784 0.04313725
v -43.73859400 105.89505000 22.75477600 0.96078431 0.61960784 0.04313725
v -42.35385900 105.74230200 26.07830400 0.96078431 0.61960784 0.04313725
v -43.69312700 104.13482700 26.90292500 0.96078431 0.61960784 0.04313725
v -43.51588400 104.54554700 26.79379300 0.96078431 0.61960784 0.04313725
v -49.69404200 104.91982300 10.70988600 0.96078431 0.61960784 0.04313725
v -42.70456700 105.89505000 24.63968700 0.96078431 0.61960784 0.04313725
v -42.70456700 105.89505000 24.63968700 0.96078431 0.61960784 0.04313725
v -25.09415400 103.69722700 44.92060100 0.96078431 0.61960784 0.04313725
v -40.39149100 105.89505000 28.27395800 0.96078431 0.61960784 0.04313725
v -40.39149100 105.89505000 28.27395800 0.96078431 0.61960784 0.04313725
v -37.33738300 105.74230200 32.86103100 0.96078431 0.61960784 0.04313725
v -39.12322200 105.89505000 30.00340500 0.96078431 0.61960784 0.04313725
v -39.12322200 105.89505000 30.00340500 0.96078431 0.61960784 0.04313725
v -38.36177400 104.54554700 33.76260800 0.96078431 0.61960784 0.04313725
v -38.51802400 104.13482700 33.90012400 0.96078431 0.61960784 0.04313725
v -47.16925800 104.91982300 18.95416800 0.96078431 0.61960784 0.04313725
v -37.91871600 105.24894000 33.37266500 0.96078431 0.61960784 0.04313725
v -37.77654600 105.89505000 31.68162700 0.96078431 0.61960784 0.04313725
v -37.77654600 105.89505000 31.68162700 0.96078431 0.61960784 0.04313725
v -34.86930100 105.89505000 34.85701000 0.96078431 0.61960784 0.04313725
v -34.86930100 105.89505000 34.85701000 0.96078431 0.61960784 0.04313725
v -31.24677700 105.74230200 38.69840200 0.96078431 0.61960784 0.04313725
v 0.00000000 105.89505000 49.30421800 0.96078431 0.61960784 0.04313725
v 0.00000000 105.89505000 49.30421800 0.96078431 0.61960784 0.04313725
v 0.00000000 105.74230200 49.73859000 0.96078431 0.61960784 0.04313725
v -2.16301300 105.89505000 49.25560800 0.96078431 0.61960784 0.04313725
v -2.16301300 105.89505000 49.25560800 0.96078431 0.61960784 0.04313725
v -33.31916400 105.89505000 36.34076700 0.96078431 0.61960784 0.04313725
v -33.31916400 105.89505000 36.34076700 0.96078431 0.61960784 0.04313725
v -31.70012300 105.89505000 37.76108900 0.96078431 0.61960784 0.04313725
v -31.70012300 105.89505000 37.76108900 0.96078431 0.61960784 0.04313725
v -4.31061100 105.89505000 49.11462000 0.96078431 0.61960784 0.04313725
v -4.31061100 105.89505000 49.11462000 0.96078431 0.61960784 0.04313725
v -28.28792600 105.89505000 40.38143900 0.96078431 0.61960784 0.04313725
v -28.28792600 105.89505000 40.38143900 0.96078431 0.61960784 0.04313725
v -8.40586300 105.74230200 49.02314800 0.96078431 0.61960784 0.04313725
v -6.44279400 105.89505000 48.88126000 0.96078431 0.61960784 0.04313725
v -6.44279400 105.89505000 48.88126000 0.96078431 0.61960784 0.04313725
v -26.50260200 105.89505000 41.57425700 0.96078431 0.61960784 0.04313725
v -26.50260200 105.89505000 41.57425700 0.96078431 0.61960784 0.04313725
v -12.77302000 105.89505000 47.62027700 0.96078431 0.61960784 0.04313725
v -12.77302000 105.89505000 47.62027700 0.96078431 0.61960784 0.04313725
v -10.68432000 105.89505000 48.13147400 0.96078431 0.61960784 0.04313725
v -10.68432000 105.89505000 48.13147400 0.96078431 0.61960784 0.04313725
v -37.64221600 105.52524600 33.12931800 0.96078431 0.61960784 0.04313725
v -31.73328000 105.24894000 39.30092600 0.96078431 0.61960784 0.04313725
v -31.50188400 105.52524600 39.01434700 0.96078431 0.61960784 0.04313725
v -24.45530300 105.52524600 43.77700400 0.96078431 0.61960784 0.04313725
v -16.86923600 105.89505000 46.32774400 0.96078431 0.61960784 0.04313725
v -16.86923600 105.89505000 46.32774400 0.96078431 0.61960784 0.04313725
v -18.88049900 105.89505000 45.54475800 0.96078431 0.61960784 0.04313725
v -18.88049900 105.89505000 45.54475800 0.96078431 0.61960784 0.04313725
v -8.47449000 105.52524600 49.42338600 0.96078431 0.61960784 0.04313725
v -16.70518500 105.52524600 47.28028100 0.96078431 0.61960784 0.04313725
v -43.28750200 104.91982300 26.65317300 0.96078431 0.61960784 0.04313725
v -38.16044200 104.91982300 33.58541500 0.96078431 0.61960784 0.04313725
v -8.56521000 105.89505000 48.55408900 0.96078431 0.61960784 0.04313725
v -8.56521000 105.89505000 48.55408900 0.96078431 0.61960784 0.04313725
v -17.14157900 103.69722700 48.51539200 0.96078431 0.61960784 0.04313725
v -8.69587100 103.69722700 50.71448500 0.96078431 0.61960784 0.04313725
v -17.09385900 104.13482700 48.38033300 0.96078431 0.61960784 0.04313725
v -8.67166300 104.13482700 50.57330300 0.96078431 0.61960784 0.04313725
v -17.02451700 104.54554700 48.18407800 0.96078431 0.61960784 0.04313725
v -24.92278500 104.54554700 44.61383800 0.96078431 0.61960784 0.04313725
v -24.79198300 104.91982300 44.37969200 0.96078431 0.61960784 0.04313725
v 0.00000000 103.69722700 51.45461300 0.96078431 0.61960784 0.04313725
v 0.00000000 104.13482700 51.31137100 0.96078431 0.61960784 0.04313725
v 4.31061100 105.89505000 -49.11462000 0.96078431 0.61960784 0.04313725
v 4.31061100 105.89505000 -49.11462000 0.96078431 0.61960784 0.04313725
v 6.44279400 105.89505000 -48.88126000 0.96078431 0.61960784 0.04313725
v 6.44279400 105.89505000 -48.88126000 0.96078431 0.61960784 0.04313725
v 4.35150800 104.13482700 -51.12651800 0.96078431 0.61960784 0.04313725
v 12.96543300 103.69722700 -49.79432300 0.96078431 0.61960784 0.04313725
v 21.04948200 104.54554700 -46.56671500 0.96078431 0.61960784 0.04313725
v 28.46633100 104.91982300 -42.11730600 0.96078431 0.61960784 0.04313725
v 20.65465200 105.52524600 -45.69325300 0.96078431 0.61960784 0.04313725
v 12.72816900 105.24894000 -48.88309900 0.96078431 0.61960784 0.04313725
v 20.80637000 105.24894000 -46.02888900 0.96078431 0.61960784 0.04313725
v 12.53303300 105.74230200 -48.13367100 0.96078431 0.61960784 0.04313725
v 8.56521000 105.89505000 -48.55408900 0.96078431 0.61960784 0.04313725
v 8.56521000 105.89505000 -48.55408900 0.96078431 0.61960784 0.04313725
v 12.92933900 104.13482700 -49.65570100 0.96078431 0.61960784 0.04313725
v 28.61651800 104.54554700 -42.33951600 0.96078431 0.61960784 0.04313725
v 35.17472800 104.91982300 -36.70065300 0.96078431 0.61960784 0.04313725
v 14.83131000 105.89505000 -47.02050400 0.96078431 0.61960784 0.04313725
v 14.83131000 105.89505000 -47.02050400 0.96078431 0.61960784 0.04313725
v 12.77302000 105.89505000 -47.62027700 0.96078431 0.61960784 0.04313725
v 12.77302000 105.89505000 -47.62027700 0.96078431 0.61960784 0.04313725
v 16.86923600 105.89505000 -46.32774400 0.96078431 0.61960784 0.04313725
v 16.86923600 105.89505000 -46.32774400 0.96078431 0.61960784 0.04313725
v 21.19421800 103.69722700 -46.88690600 0.96078431 0.61960784 0.04313725
v 20.48738700 105.74230200 -45.32321900 0.96078431 0.61960784 0.04313725
v 21.13521800 104.13482700 -46.75638200 0.96078431 0.61960784 0.04313725
v 35.36030600 104.54554700 -36.89428300 0.96078431 0.61960784 0.04313725
v 40.87121200 104.91982300 -30.22819100 0.96078431 0.61960784 0.04313725
v 22.76930200 105.89505000 -43.73168600 0.96078431 0.61960784 0.04313725
v 22.76930200 105.89505000 -43.73168600 0.96078431 0.61960784 0.04313725
v 20.84718900 105.89505000 -44.67940500 0.96078431 0.61960784 0.04313725
v 20.84718900 105.89505000 -44.67940500 0.96078431 0.61960784 0.04313725
v 24.65975600 105.89505000 -42.69316500 0.96078431 0.61960784 0.04313725
v 24.65975600 105.89505000 -42.69316500 0.96078431 0.61960784 0.04313725
v 28.81328400 103.69722700 -42.63064200 0.96078431 0.61960784 0.04313725
v 27.85235600 105.74230200 -41.20890000 0.96078431 0.61960784 0.04313725
v 28.73307200 104.13482700 -42.51196300 0.96078431 0.61960784 0.04313725
v 41.08684500 104.54554700 -30.38767200 0.96078431 0.61960784 0.04313725
v 45.39190700 104.91982300 -22.88611800 0.96078431 0.61960784 0.04313725
v 28.28792600 105.89505000 -40.38143900 0.96078431 0.61960784 0.04313725
v 28.28792600 105.89505000 -40.38143900 0.96078431 0.61960784 0.04313725
v 30.01572400 105.89505000 -39.11471900 0.96078431 0.61960784 0.04313725
v 30.01572400 105.89505000 -39.11471900 0.96078431 0.61960784 0.04313725
v 31.70012300 105.89505000 -37.76108900 0.96078431 0.61960784 0.04313725
v 31.70012300 105.89505000 -37.76108900 0.96078431 0.61960784 0.04313725
v 35.60344700 103.69722700 -37.14796800 0.96078431 0.61960784 0.04313725
v 34.41606500 105.74230200 -35.90907700 0.96078431 0.61960784 0.04313725
v 35.50433000 104.13482700 -37.04455600 0.96078431 0.61960784 0.04313725
v 48.60675800 104.91982300 -14.88565300 0.96078431 0.61960784 0.04313725
v 45.63139000 104.54554700 -23.00686300 0.96078431 0.61960784 0.04313725
v 36.35146700 105.89505000 -33.30862400 0.96078431 0.61960784 0.04313725
v 36.35146700 105.89505000 -33.30862400 0.96078431 0.61960784 0.04313725
v 34.86930100 105.89505000 -34.85701000 0.96078431 0.61960784 0.04313725
v 34.86930100 105.89505000 -34.85701000 0.96078431 0.61960784 0.04313725
v 37.77654600 105.89505000 -31.68162700 0.96078431 0.61960784 0.04313725
v 37.77654600 105.89505000 -31.68162700 0.96078431 0.61960784 0.04313725
v 41.36935800 103.69722700 -30.59661900 0.96078431 0.61960784 0.04313725
v 39.98968500 105.74230200 -29.57621600 0.96078431 0.61960784 0.04313725
v 40.39149100 105.89505000 -28.27395800 0.96078431 0.61960784 0.04313725
v 40.39149100 105.89505000 -28.27395800 0.96078431 0.61960784 0.04313725
v 41.58477400 105.89505000 -26.48697500 0.96078431 0.61960784 0.04313725
v 41.58477400 105.89505000 -26.48697500 0.96078431 0.61960784 0.04313725
v 48.86320500 104.54554700 -14.96418800 0.96078431 0.61960784 0.04313725
v 50.42328300 104.91982300 -6.45695400 0.96078431 0.61960784 0.04313725
v 41.25419200 104.13482700 -30.51144200 0.96078431 0.61960784 0.04313725
v 42.70456700 105.89505000 -24.63968700 0.96078431 0.61960784 0.04313725
v 42.70456700 105.89505000 -24.63968700 0.96078431 0.61960784 0.04313725
v 45.94515200 103.69722700 -23.16505800 0.96078431 0.61960784 0.04313725
v 45.81724900 104.13482700 -23.10057100 0.96078431 0.61960784 0.04313725
v 44.68685200 105.89505000 -20.83224700 0.96078431 0.61960784 0.04313725
v 44.68685200 105.89505000 -20.83224700 0.96078431 0.61960784 0.04313725
v 44.41287200 105.74230200 -22.39250000 0.96078431 0.61960784 0.04313725
v 45.55328800 105.89505000 -18.86060700 0.96078431 0.61960784 0.04313725
v 45.55328800 105.89505000 -18.86060700 0.96078431 0.61960784 0.04313725
v 50.68931200 104.54554700 -6.49102000 0.96078431 0.61960784 0.04313725
v 50.78921900 104.91982300 2.15750000 0.96078431 0.61960784 0.04313725
v 47.94666700 105.52524600 -14.68350100 0.96078431 0.61960784 0.04313725
v 47.55838400 105.74230200 -14.56459100 0.96078431 0.61960784 0.04313725
v 44.77547500 105.52524600 -22.57531900 0.96078431 0.61960784 0.04313725
v 49.19918800 103.69722700 -15.06708100 0.96078431 0.61960784 0.04313725
v 49.06222500 104.13482700 -15.02513700 0.96078431 0.61960784 0.04313725
v 45.10437000 105.24894000 -22.74114400 0.96078431 0.61960784 0.04313725
v 49.69404200 104.91982300 10.70988600 0.96078431 0.61960784 0.04313725
v 51.05717800 104.54554700 2.16888200 0.96078431 0.61960784 0.04313725
v 49.73852200 105.52524600 -6.36926700 0.96078431 0.61960784 0.04313725
v 49.33572800 105.74230200 -6.31768800 0.96078431 0.61960784 0.04313725
v 48.13666900 105.89505000 -10.66147000 0.96078431 0.61960784 0.04313725
v 48.13666900 105.89505000 -10.66147000 0.96078431 0.61960784 0.04313725
v 51.03784900 103.69722700 -6.53565300 0.96078431 0.61960784 0.04313725
v 50.89577100 104.13482700 -6.51745800 0.96078431 0.61960784 0.04313725
v 48.29885500 105.24894000 -14.79135900 0.96078431 0.61960784 0.04313725
v 49.95622600 104.54554700 10.76639000 0.96078431 0.61960784 0.04313725
v 47.16925800 104.91982300 18.95416800 0.96078431 0.61960784 0.04313725
v 50.09948700 105.52524600 2.12820000 0.96078431 0.61960784 0.04313725
v 49.69377500 105.74230200 2.11096600 0.96078431 0.61960784 0.04313725
v 49.25668700 105.89505000 -2.13883700 0.96078431 0.61960784 0.04313725
v 49.25668700 105.89505000 -2.13883700 0.96078431 0.61960784 0.04313725
v 51.40824900 103.69722700 2.18379600 0.96078431 0.61960784 0.04313725
v 51.26513700 104.13482700 2.17771600 0.96078431 0.61960784 0.04313725
v 47.41812100 104.54554700 19.05416900 0.96078431 0.61960784 0.04313725
v 43.28750200 104.91982300 26.65317300 0.96078431 0.61960784 0.04313725
v 49.37925300 105.24894000 10.64204300 0.96078431 0.61960784 0.04313725
v 46.87046400 105.24894000 18.83410100 0.96078431 0.61960784 0.04313725
v 46.52869000 105.52524600 18.69676600 0.96078431 0.61960784 0.04313725
v 49.11619200 105.89505000 4.29907800 0.96078431 0.61960784 0.04313725
v 49.11619200 105.89505000 4.29907800 0.96078431 0.61960784 0.04313725
v 49.25668700 105.89505000 2.15886800 0.96078431 0.61960784 0.04313725
v 49.25668700 105.89505000 2.15886800 0.96078431 0.61960784 0.04313725
v 48.62221900 105.74230200 10.47888900 0.96078431 0.61960784 0.04313725
v 48.87957400 105.89505000 6.44826900 0.96078431 0.61960784 0.04313725
v 48.87957400 105.89505000 6.44826900 0.96078431 0.61960784 0.04313725
v 50.29972500 103.69722700 10.84042000 0.96078431 0.61960784 0.04313725
v 50.15969800 104.13482700 10.81024200 0.96078431 0.61960784 0.04313725
v 38.16044200 104.91982300 33.58541500 0.96078431 0.61960784 0.04313725
v 43.51588400 104.54554700 26.79379300 0.96078431 0.61960784 0.04313725
v 43.01329800 105.24894000 26.48433700 0.96078431 0.61960784 0.04313725
v 42.69965000 105.52524600 26.29121600 0.96078431 0.61960784 0.04313725
v 47.62222700 105.89505000 12.76592100 0.96078431 0.61960784 0.04313725
v 47.62222700 105.89505000 12.76592100 0.96078431 0.61960784 0.04313725
v 48.13396500 105.89505000 10.67767800 0.96078431 0.61960784 0.04313725
v 48.13396500 105.89505000 10.67767800 0.96078431 0.61960784 0.04313725
v 46.15189400 105.74230200 18.54535500 0.96078431 0.61960784 0.04313725
v 47.01703300 105.89505000 14.83893300 0.96078431 0.61960784 0.04313725
v 47.01703300 105.89505000 14.83893300 0.96078431 0.61960784 0.04313725
v 47.74416700 103.69722700 19.18518400 0.96078431 0.61960784 0.04313725
v 47.61125600 104.13482700 19.13177700 0.96078431 0.61960784 0.04313725
v 38.36177400 104.54554700 33.76260800 0.96078431 0.61960784 0.04313725
v 31.93557700 104.91982300 39.55146400 0.96078431 0.61960784 0.04313725
v 43.72587600 105.89505000 22.77827300 0.96078431 0.61960784 0.04313725
v 43.72587600 105.89505000 22.77827300 0.96078431 0.61960784 0.04313725
v 44.68053100 105.89505000 20.84392900 0.96078431 0.61960784 0.04313725
v 44.68053100 105.89505000 20.84392900 0.96078431 0.61960784 0.04313725
v 45.54934300 105.89505000 18.87209700 0.96078431 0.61960784 0.04313725
v 45.54934300 105.89505000 18.87209700 0.96078431 0.61960784 0.04313725
v 42.35385900 105.74230200 26.07830400 0.96078431 0.61960784 0.04313725
v 43.81510200 103.69722700 26.97802700 0.96078431 0.61960784 0.04313725
v 43.69312700 104.13482700 26.90292500 0.96078431 0.61960784 0.04313725
v 32.10406900 104.54554700 39.76013600 0.96078431 0.61960784 0.04313725
v 24.79198300 104.91982300 44.37969200 0.96078431 0.61960784 0.04313725
v 40.38080600 105.89505000 28.28768500 0.96078431 0.61960784 0.04313725
v 40.38080600 105.89505000 28.28768500 0.96078431 0.61960784 0.04313725
v 41.58136000 105.89505000 26.49328600 0.96078431 0.61960784 0.04313725
v 41.58136000 105.89505000 26.49328600 0.96078431 0.61960784 0.04313725
v 39.10628500 105.89505000 30.02516200 0.96078431 0.61960784 0.04313725
v 39.10628500 105.89505000 30.02516200 0.96078431 0.61960784 0.04313725
v 37.33738300 105.74230200 32.86103100 0.96078431 0.61960784 0.04313725
v 38.62555300 103.69722700 33.99476200 0.96078431 0.61960784 0.04313725
v 38.51802400 104.13482700 33.90012400 0.96078431 0.61960784 0.04313725
v 24.92278500 104.54554700 44.61383800 0.96078431 0.61960784 0.04313725
v 16.93516900 104.91982300 47.93119800 0.96078431 0.61960784 0.04313725
v 36.35053300 105.89505000 33.30982600 0.96078431 0.61960784 0.04313725
v 36.35053300 105.89505000 33.30982600 0.96078431 0.61960784 0.04313725
v 34.85398100 105.89505000 34.87111300 0.96078431 0.61960784 0.04313725
v 34.85398100 105.89505000 34.87111300 0.96078431 0.61960784 0.04313725
v 33.29875200 105.89505000 36.35955400 0.96078431 0.61960784 0.04313725
v 33.29875200 105.89505000 36.35955400 0.96078431 0.61960784 0.04313725
v 32.32481400 103.69722700 40.03352700 0.96078431 0.61960784 0.04313725
v 30.01201200 105.89505000 39.11714600 0.96078431 0.61960784 0.04313725
v 30.01201200 105.89505000 39.11714600 0.96078431 0.61960784 0.04313725
v 8.59116100 104.91982300 50.10380600 0.96078431 0.61960784 0.04313725
v 17.02451700 104.54554700 48.18407800 0.96078431 0.61960784 0.04313725
v 32.23482900 104.13482700 39.92208100 0.96078431 0.61960784 0.04313725
v 25.09415400 103.69722700 44.92060100 0.96078431 0.61960784 0.04313725
v 25.02429600 104.13482700 44.79554700 0.96078431 0.61960784 0.04313725
v 24.45530300 105.52524600 43.77700400 0.96078431 0.61960784 0.04313725
v 16.70518500 105.52524600 47.28028100 0.96078431 0.61960784 0.04313725
v 16.56990400 105.74230200 46.89739600 0.96078431 0.61960784 0.04313725
v 24.25725900 105.74230200 43.42249300 0.96078431 0.61960784 0.04313725
v 20.82372300 105.89505000 44.68969700 0.96078431 0.61960784 0.04313725
v 20.82372300 105.89505000 44.68969700 0.96078431 0.61960784 0.04313725
v 22.76037600 105.89505000 43.73560300 0.96078431 0.61960784 0.04313725
v 22.76037600 105.89505000 43.73560300 0.96078431 0.61960784 0.04313725
v 8.63648700 104.54554700 50.36815300 0.96078431 0.61960784 0.04313725
v 0.00000000 104.91982300 50.83502200 0.96078431 0.61960784 0.04313725
v 0.00000000 104.54554700 51.10322600 0.96078431 0.61960784 0.04313725
v 17.09385900 104.13482700 48.38033300 0.96078431 0.61960784 0.04313725
v 8.40586300 105.74230200 49.02314800 0.96078431 0.61960784 0.04313725
v 8.47449000 105.52524600 49.42338600 0.96078431 0.61960784 0.04313725
v 0.00000000 105.24894000 50.51300800 0.96078431 0.61960784 0.04313725
v 8.53673900 105.24894000 49.78642300 0.96078431 0.61960784 0.04313725
v 17.14157900 103.69722700 48.51539200 0.96078431 0.61960784 0.04313725
v 0.00000000 105.52524600 50.14467200 0.96078431 0.61960784 0.04313725
v 24.63493700 105.24894000 44.09856800 0.96078431 0.61960784 0.04313725
v 12.74685200 105.89505000 47.62690400 0.96078431 0.61960784 0.04313725
v 12.74685200 105.89505000 47.62690400 0.96078431 0.61960784 0.04313725
v 10.66091400 105.89505000 48.13739800 0.96078431 0.61960784 0.04313725
v 10.66091400 105.89505000 48.13739800 0.96078431 0.61960784 0.04313725
v 8.67166300 104.13482700 50.57330300 0.96078431 0.61960784 0.04313725
v 16.82789200 105.24894000 47.62757500 0.96078431 0.61960784 0.04313725
v 6.44279400 105.89505000 48.88126000 0.96078431 0.61960784 0.04313725
v 6.44279400 105.89505000 48.88126000 0.96078431 0.61960784 0.04313725
v 4.31061100 105.89505000 49.11462000 0.96078431 0.61960784 0.04313725
v 4.31061100 105.89505000 49.11462000 0.96078431 0.61960784 0.04313725
v 8.69587100 103.69722700 50.71448500 0.96078431 0.61960784 0.04313725
v 2.16301300 105.89505000 49.25560800 0.96078431 0.61960784 0.04313725
v 2.16301300 105.89505000 49.25560800 0.96078431 0.61960784 0.04313725
v 18.85666300 105.89505000 45.55521400 0.96078431 0.61960784 0.04313725
v 18.85666300 105.89505000 45.55521400 0.96078431 0.61960784 0.04313725
v 14.81737500 105.89505000 47.02403300 0.96078431 0.61960784 0.04313725
v 14.81737500 105.89505000 47.02403300 0.96078431 0.61960784 0.04313725
v 8.55956200 105.89505000 48.55551900 0.96078431 0.61960784 0.04313725
v 8.55956200 105.89505000 48.55551900 0.96078431 0.61960784 0.04313725
v 16.85919200 105.89505000 46.33215000 0.96078431 0.61960784 0.04313725
v 16.85919200 105.89505000 46.33215000 0.96078431 0.61960784 0.04313725
v 31.73328000 105.24894000 39.30092600 0.96078431 0.61960784 0.04313725
v 31.50188400 105.52524600 39.01434700 0.96078431 0.61960784 0.04313725
v 24.64684100 105.89505000 42.70160300 0.96078431 0.61960784 0.04313725
v 24.64684100 105.89505000 42.70160300 0.96078431 0.61960784 0.04313725
v 37.91871600 105.24894000 33.37266500 0.96078431 0.61960784 0.04313725
v 37.64221600 105.52524600 33.12931800 0.96078431 0.61960784 0.04313725
v 31.68600100 105.89505000 37.77409000 0.96078431 0.61960784 0.04313725
v 31.68600100 105.89505000 37.77409000 0.96078431 0.61960784 0.04313725
v 37.76286300 105.89505000 31.69920900 0.96078431 0.61960784 0.04313725
v 37.76286300 105.89505000 31.69920900 0.96078431 0.61960784 0.04313725
v 49.01918400 105.52524600 10.56444300 0.96078431 0.61960784 0.04313725
v 42.69282200 105.89505000 24.66139200 0.96078431 0.61960784 0.04313725
v 42.69282200 105.89505000 24.66139200 0.96078431 0.61960784 0.04313725
v 46.32607300 105.89505000 16.87432500 0.96078431 0.61960784 0.04313725
v 46.32607300 105.89505000 16.87432500 0.96078431 0.61960784 0.04313725
v 50.46749100 105.24894000 2.14383300 0.96078431 0.61960784 0.04313725
v 48.55216200 105.89505000 8.57447000 0.96078431 0.61960784 0.04313725
v 48.55216200 105.89505000 8.57447000 0.96078431 0.61960784 0.04313725
v 50.10387400 105.24894000 -6.41605200 0.96078431 0.61960784 0.04313725
v 48.55667900 105.89505000 -8.54742100 0.96078431 0.61960784 0.04313725
v 48.55667900 105.89505000 -8.54742100 0.96078431 0.61960784 0.04313725
v 49.11668400 105.89505000 -4.29612000 0.96078431 0.61960784 0.04313725
v 49.11668400 105.89505000 -4.29612000 0.96078431 0.61960784 0.04313725
v 49.30335600 105.89505000 0.01388300 0.96078431 0.61960784 0.04313725
v 49.30335600 105.89505000 0.01388300 0.96078431 0.61960784 0.04313725
v 46.33464100 105.89505000 -16.84936100 0.96078431 0.61960784 0.04313725
v 46.33464100 105.89505000 -16.84936100 0.96078431 0.61960784 0.04313725
v 47.62498100 105.89505000 -12.75789700 0.96078431 0.61960784 0.04313725
v 47.62498100 105.89505000 -12.75789700 0.96078431 0.61960784 0.04313725
v 48.88335000 105.89505000 -6.42563700 0.96078431 0.61960784 0.04313725
v 48.88335000 105.89505000 -6.42563700 0.96078431 0.61960784 0.04313725
v 47.02520400 105.89505000 -14.81512500 0.96078431 0.61960784 0.04313725
v 47.02520400 105.89505000 -14.81512500 0.96078431 0.61960784 0.04313725
v 40.61231200 105.24894000 -30.03670900 0.96078431 0.61960784 0.04313725
v 40.31617000 105.52524600 -29.81768400 0.96078431 0.61960784 0.04313725
v 43.73859400 105.89505000 -22.75477600 0.96078431 0.61960784 0.04313725
v 43.73859400 105.89505000 -22.75477600 0.96078431 0.61960784 0.04313725
v 34.95191200 105.24894000 -36.46817400 0.96078431 0.61960784 0.04313725
v 34.69704800 105.52524600 -36.20225100 0.96078431 0.61960784 0.04313725
v 39.12322200 105.89505000 -30.00340500 0.96078431 0.61960784 0.04313725
v 39.12322200 105.89505000 -30.00340500 0.96078431 0.61960784 0.04313725
v 28.28601100 105.24894000 -41.85051300 0.96078431 0.61960784 0.04313725
v 28.07975200 105.52524600 -41.54534500 0.96078431 0.61960784 0.04313725
v 33.31916400 105.89505000 -36.34076700 0.96078431 0.61960784 0.04313725
v 33.31916400 105.89505000 -36.34076700 0.96078431 0.61960784 0.04313725
v 26.50260200 105.89505000 -41.57425700 0.96078431 0.61960784 0.04313725
v 26.50260200 105.89505000 -41.57425700 0.96078431 0.61960784 0.04313725
v 12.63535700 105.52524600 -48.52664900 0.96078431 0.61960784 0.04313725
v 18.88049900 105.89505000 -45.54475800 0.96078431 0.61960784 0.04313725
v 18.88049900 105.89505000 -45.54475800 0.96078431 0.61960784 0.04313725
v 4.28380200 105.24894000 -50.33103200 0.96078431 0.61960784 0.04313725
v 10.68432000 105.89505000 -48.13147400 0.96078431 0.61960784 0.04313725
v 10.68432000 105.89505000 -48.13147400 0.96078431 0.61960784 0.04313725
v -4.28380200 105.24894000 -50.33103200 0.96078431 0.61960784 0.04313725
v -6.44279400 105.89505000 -48.88126000 0.96078431 0.61960784 0.04313725
v -6.44279400 105.89505000 -48.88126000 0.96078431 0.61960784 0.04313725
v -2.16301300 105.89505000 -49.25560800 0.96078431 0.61960784 0.04313725
v -2.16301300 105.89505000 -49.25560800 0.96078431 0.61960784 0.04313725
v 2.16301300 105.89505000 -49.25560800 0.96078431 0.61960784 0.04313725
v 2.16301300 105.89505000 -49.25560800 0.96078431 0.61960784 0.04313725
v -14.81737500 105.89505000 -47.02403300 0.96078431 0.61960784 0.04313725
v -14.81737500 105.89505000 -47.02403300 0.96078431 0.61960784 0.04313725
v -10.66091400 105.89505000 -48.13739800 0.96078431 0.61960784 0.04313725
v -10.66091400 105.89505000 -48.13739800 0.96078431 0.61960784 0.04313725
v -4.31061100 105.89505000 -49.11462000 0.96078431 0.61960784 0.04313725
v -4.31061100 105.89505000 -49.11462000 0.96078431 0.61960784 0.04313725
v -18.85666300 105.89505000 -45.55521400 0.96078431 0.61960784 0.04313725
v -18.85666300 105.89505000 -45.55521400 0.96078431 0.61960784 0.04313725
v -12.74685200 105.89505000 -47.62690400 0.96078431 0.61960784 0.04313725
v -12.74685200 105.89505000 -47.62690400 0.96078431 0.61960784 0.04313725
v -20.82372300 105.89505000 -44.68969700 0.96078431 0.61960784 0.04313725
v -20.82372300 105.89505000 -44.68969700 0.96078431 0.61960784 0.04313725
v -34.95191200 105.24894000 -36.46817400 0.96078431 0.61960784 0.04313725
v -34.69704800 105.52524600 -36.20225100 0.96078431 0.61960784 0.04313725
v -28.26819600 105.89505000 -40.39432900 0.96078431 0.61960784 0.04313725
v -28.26819600 105.89505000 -40.39432900 0.96078431 0.61960784 0.04313725
v -40.61231200 105.24894000 -30.03670900 0.96078431 0.61960784 0.04313725
v -40.31617000 105.52524600 -29.81768400 0.96078431 0.61960784 0.04313725
v -34.85398100 105.89505000 -34.87111300 0.96078431 0.61960784 0.04313725
v -34.85398100 105.89505000 -34.87111300 0.96078431 0.61960784 0.04313725
v -40.38080600 105.89505000 -28.28768500 0.96078431 0.61960784 0.04313725
v -40.38080600 105.89505000 -28.28768500 0.96078431 0.61960784 0.04313725
v -49.73852200 105.52524600 -6.36926700 0.96078431 0.61960784 0.04313725
v -44.68053100 105.89505000 -20.84392900 0.96078431 0.61960784 0.04313725
v -44.68053100 105.89505000 -20.84392900 0.96078431 0.61960784 0.04313725
v -49.37925300 105.24894000 10.64204300 0.96078431 0.61960784 0.04313725
v -47.62222700 105.89505000 -12.76592100 0.96078431 0.61960784 0.04313725
v -47.62222700 105.89505000 -12.76592100 0.96078431 0.61960784 0.04313725
v -50.46749100 105.24894000 2.14383300 0.96078431 0.61960784 0.04313725
v -49.30335600 105.89505000 -0.01388300 0.96078431 0.61960784 0.04313725
v -49.30335600 105.89505000 -0.01388300 0.96078431 0.61960784 0.04313725
v -49.11619200 105.89505000 -4.29907800 0.96078431 0.61960784 0.04313725
v -49.11619200 105.89505000 -4.29907800 0.96078431 0.61960784 0.04313725
v -47.62498100 105.89505000 12.75789700 0.96078431 0.61960784 0.04313725
v -47.62498100 105.89505000 12.75789700 0.96078431 0.61960784 0.04313725
v -48.55667900 105.89505000 8.54742100 0.96078431 0.61960784 0.04313725
v -48.55667900 105.89505000 8.54742100 0.96078431 0.61960784 0.04313725
v -46.33464100 105.89505000 16.84936100 0.96078431 0.61960784 0.04313725
v -46.33464100 105.89505000 16.84936100 0.96078431 0.61960784 0.04313725
v -48.13666900 105.89505000 10.66147000 0.96078431 0.61960784 0.04313725
v -48.13666900 105.89505000 10.66147000 0.96078431 0.61960784 0.04313725
v -45.55328800 105.89505000 18.86060700 0.96078431 0.61960784 0.04313725
v -45.55328800 105.89505000 18.86060700 0.96078431 0.61960784 0.04313725
v -24.65975600 105.89505000 42.69316500 0.96078431 0.61960784 0.04313725
v -24.65975600 105.89505000 42.69316500 0.96078431 0.61960784 0.04313725
v -41.58477400 105.89505000 26.48697500 0.96078431 0.61960784 0.04313725
v -41.58477400 105.89505000 26.48697500 0.96078431 0.61960784 0.04313725
v -32.10406900 104.54554700 39.76013600 0.96078431 0.61960784 0.04313725
v -32.23482900 104.13482700 39.92208100 0.96078431 0.61960784 0.04313725
v -31.93557700 104.91982300 39.55146400 0.96078431 0.61960784 0.04313725
v -36.35146700 105.89505000 33.30862400 0.96078431 0.61960784 0.04313725
v -36.35146700 105.89505000 33.30862400 0.96078431 0.61960784 0.04313725
v -25.02429600 104.13482700 44.79554700 0.96078431 0.61960784 0.04313725
v -24.63493700 105.24894000 44.09856800 0.96078431 0.61960784 0.04313725
v -30.01572400 105.89505000 39.11471900 0.96078431 0.61960784 0.04313725
v -30.01572400 105.89505000 39.11471900 0.96078431 0.61960784 0.04313725
v -16.93516900 104.91982300 47.93119800 0.96078431 0.61960784 0.04313725
v -16.82789200 105.24894000 47.62757500 0.96078431 0.61960784 0.04313725
v -22.76930200 105.89505000 43.73168600 0.96078431 0.61960784 0.04313725
v -22.76930200 105.89505000 43.73168600 0.96078431 0.61960784 0.04313725
v -8.63648700 104.54554700 50.36815300 0.96078431 0.61960784 0.04313725
v -8.59116100 104.91982300 50.10380600 0.96078431 0.61960784 0.04313725
v -8.53673900 105.24894000 49.78642300 0.96078431 0.61960784 0.04313725
v -14.83131000 105.89505000 47.02050400 0.96078431 0.61960784 0.04313725
v -14.83131000 105.89505000 47.02050400 0.96078431 0.61960784 0.04313725
v 39.10036800 108.57845300 3.84272800 0.96078431 0.61960784 0.04313725
v 39.10036800 108.57845300 3.84272800 0.96078431 0.61960784 0.04313725
v 39.24205400 108.57845300 1.91560900 0.96078431 0.61960784 0.04313725
v 39.24205400 108.57845300 1.91560900 0.96078431 0.61960784 0.04313725
v -1.91833100 108.57845300 39.24180600 0.96078431 0.61960784 0.04313725
v -1.91833100 108.57845300 39.24180600 0.96078431 0.61960784 0.04313725
v 0.01198200 108.57845300 39.28885700 0.96078431 0.61960784 0.04313725
v 0.01198200 108.57845300 39.28885700 0.96078431 0.61960784 0.04313725
v 39.28938300 108.57845300 -0.00750100 0.96078431 0.61960784 0.04313725
v 39.28938300 108.57845300 -0.00750100 0.96078431 0.61960784 0.04313725
v 39.24189400 108.57845300 -1.93017200 0.96078431 0.61960784 0.04313725
v 39.24189400 108.57845300 -1.93017200 0.96078431 0.61960784 0.04313725
v 39.09827400 108.57845300 -3.86265700 0.96078431 0.61960784 0.04313725
v 39.09827400 108.57845300 -3.86265700 0.96078431 0.61960784 0.04313725
v 38.86233100 108.57845300 -5.77524500 0.96078431 0.61960784 0.04313725
v 38.86233100 108.57845300 -5.77524500 0.96078431 0.61960784 0.04313725
v 38.53406500 108.57845300 -7.66793600 0.96078431 0.61960784 0.04313725
v 38.53406500 108.57845300 -7.66793600 0.96078431 0.61960784 0.04313725
v 38.10906600 108.57845300 -9.55513500 0.96078431 0.61960784 0.04313725
v 38.10906600 108.57845300 -9.55513500 0.96078431 0.61960784 0.04313725
v 37.59355200 108.57845300 -11.41651600 0.96078431 0.61960784 0.04313725
v 37.59355200 108.57845300 -11.41651600 0.96078431 0.61960784 0.04313725
v 36.99040600 108.57845300 -13.24268500 0.96078431 0.61960784 0.04313725
v 36.99040600 108.57845300 -13.24268500 0.96078431 0.61960784 0.04313725
v 36.29709600 108.57845300 -15.03865400 0.96078431 0.61960784 0.04313725
v 36.29709600 108.57845300 -15.03865400 0.96078431 0.61960784 0.04313725
v 35.51137500 108.57845300 -16.80889100 0.96078431 0.61960784 0.04313725
v 35.51137500 108.57845300 -16.80889100 0.96078431 0.61960784 0.04313725
v 34.64522900 108.57845300 -18.52961200 0.96078431 0.61960784 0.04313725
v 34.64522900 108.57845300 -18.52961200 0.96078431 0.61960784 0.04313725
v 33.69866200 108.57845300 -20.20081300 0.96078431 0.61960784 0.04313725
v 33.69866200 108.57845300 -20.20081300 0.96078431 0.61960784 0.04313725
v 32.66193400 108.57845300 -21.83566900 0.96078431 0.61960784 0.04313725
v 32.66193400 108.57845300 -21.83566900 0.96078431 0.61960784 0.04313725
v 31.55002000 108.57845300 -23.41392700 0.96078431 0.61960784 0.04313725
v 31.55002000 108.57845300 -23.41392700 0.96078431 0.61960784 0.04313725
v 30.36720800 108.57845300 -24.92978900 0.96078431 0.61960784 0.04313725
v 30.36720800 108.57845300 -24.92978900 0.96078431 0.61960784 0.04313725
v 29.10806500 108.57845300 -26.38846200 0.96078431 0.61960784 0.04313725
v 29.10806500 108.57845300 -26.38846200 0.96078431 0.61960784 0.04313725
v 27.77267800 108.57845300 -27.78986500 0.96078431 0.61960784 0.04313725
v 27.77267800 108.57845300 -27.78986500 0.96078431 0.61960784 0.04313725
v 26.37795800 108.57845300 -29.11778800 0.96078431 0.61960784 0.04313725
v 26.37795800 108.57845300 -29.11778800 0.96078431 0.61960784 0.04313725
v 24.92390800 108.57845300 -30.37223100 0.96078431 0.61960784 0.04313725
v 24.92390800 108.57845300 -30.37223100 0.96078431 0.61960784 0.04313725
v 23.39595000 108.57845300 -31.56304400 0.96078431 0.61960784 0.04313725
v 23.39595000 108.57845300 -31.56304400 0.96078431 0.61960784 0.04313725
v 21.81803700 108.57845300 -32.67403800 0.96078431 0.61960784 0.04313725
v 21.81803700 108.57845300 -32.67403800 0.96078431 0.61960784 0.04313725
v 20.19406100 108.57845300 -33.70258300 0.96078431 0.61960784 0.04313725
v 20.19406100 108.57845300 -33.70258300 0.96078431 0.61960784 0.04313725
v 18.51552000 108.57845300 -34.65252300 0.96078431 0.61960784 0.04313725
v 18.51552000 108.57845300 -34.65252300 0.96078431 0.61960784 0.04313725
v 16.78699900 108.57845300 -35.52178600 0.96078431 0.61960784 0.04313725
v 16.78699900 108.57845300 -35.52178600 0.96078431 0.61960784 0.04313725
v 15.02701500 108.57845300 -36.30199800 0.96078431 0.61960784 0.04313725
v 15.02701500 108.57845300 -36.30199800 0.96078431 0.61960784 0.04313725
v 13.23556800 108.57845300 -36.99316000 0.96078431 0.61960784 0.04313725
v 13.23556800 108.57845300 -36.99316000 0.96078431 0.61960784 0.04313725
v 11.39456300 108.57845300 -37.59998700 0.96078431 0.61960784 0.04313725
v 11.39456300 108.57845300 -37.59998700 0.96078431 0.61960784 0.04313725
v 9.53537200 108.57845300 -38.11430400 0.96078431 0.61960784 0.04313725
v 9.53537200 108.57845300 -38.11430400 0.96078431 0.61960784 0.04313725
v 7.66022000 108.57845300 -38.53553800 0.96078431 0.61960784 0.04313725
v 7.66022000 108.57845300 -38.53553800 0.96078431 0.61960784 0.04313725
v 5.76910600 108.57845300 -38.86368600 0.96078431 0.61960784 0.04313725
v 5.76910600 108.57845300 -38.86368600 0.96078431 0.61960784 0.04313725
v 3.86203200 108.57845300 -39.09875100 0.96078431 0.61960784 0.04313725
v 3.86203200 108.57845300 -39.09875100 0.96078431 0.61960784 0.04313725
v 1.93899700 108.57845300 -39.24073000 0.96078431 0.61960784 0.04313725
v 1.93899700 108.57845300 -39.24073000 0.96078431 0.61960784 0.04313725
v 0.00000000 108.57845300 -39.28961900 0.96078431 0.61960784 0.04313725
v 0.00000000 108.57845300 -39.28961900 0.96078431 0.61960784 0.04313725
v 38.86485700 108.57845300 5.76131600 0.96078431 0.61960784 0.04313725
v 38.86485700 108.57845300 5.76131600 0.96078431 0.61960784 0.04313725
v 38.53624700 108.57845300 7.65427700 0.96078431 0.61960784 0.04313725
v 38.53624700 108.57845300 7.65427700 0.96078431 0.61960784 0.04313725
v 38.11395600 108.57845300 9.53524300 0.96078431 0.61960784 0.04313725
v 38.11395600 108.57845300 9.53524300 0.96078431 0.61960784 0.04313725
v 37.59798800 108.57845300 11.40421200 0.96078431 0.61960784 0.04313725
v 37.59798800 108.57845300 11.40421200 0.96078431 0.61960784 0.04313725
v 36.99537300 108.57845300 13.22855700 0.96078431 0.61960784 0.04313725
v 36.99537300 108.57845300 13.22855700 0.96078431 0.61960784 0.04313725
v 36.30276100 108.57845300 15.02380600 0.96078431 0.61960784 0.04313725
v 36.30276100 108.57845300 15.02380600 0.96078431 0.61960784 0.04313725
v 35.51984800 108.57845300 16.79139900 0.96078431 0.61960784 0.04313725
v 35.51984800 108.57845300 16.79139900 0.96078431 0.61960784 0.04313725
v 34.65236300 108.57845300 18.51706900 0.96078431 0.61960784 0.04313725
v 34.65236300 108.57845300 18.51706900 0.96078431 0.61960784 0.04313725
v 33.70506300 108.57845300 20.18898000 0.96078431 0.61960784 0.04313725
v 33.70506300 108.57845300 20.18898000 0.96078431 0.61960784 0.04313725
v 32.67343500 108.57845300 21.81837100 0.96078431 0.61960784 0.04313725
v 32.67343500 108.57845300 21.81837100 0.96078431 0.61960784 0.04313725
v 31.55786900 108.57845300 23.40459800 0.96078431 0.61960784 0.04313725
v 31.55786900 108.57845300 23.40459800 0.96078431 0.61960784 0.04313725
v 30.37653000 108.57845300 24.91816900 0.96078431 0.61960784 0.04313725
v 30.37653000 108.57845300 24.91816900 0.96078431 0.61960784 0.04313725
v 29.11925900 108.57845300 26.37557800 0.96078431 0.61960784 0.04313725
v 29.11925900 108.57845300 26.37557800 0.96078431 0.61960784 0.04313725
v 27.78605500 108.57845300 27.77682900 0.96078431 0.61960784 0.04313725
v 27.78605500 108.57845300 27.77682900 0.96078431 0.61960784 0.04313725
v 26.38901100 108.57845300 29.10817700 0.96078431 0.61960784 0.04313725
v 26.38901100 108.57845300 29.10817700 0.96078431 0.61960784 0.04313725
v 24.93354800 108.57845300 30.36347200 0.96078431 0.61960784 0.04313725
v 24.93354800 108.57845300 30.36347200 0.96078431 0.61960784 0.04313725
v 23.41273300 108.57845300 31.55058300 0.96078431 0.61960784 0.04313725
v 23.41273300 108.57845300 31.55058300 0.96078431 0.61960784 0.04313725
v 21.82897400 108.57845300 32.66756800 0.96078431 0.61960784 0.04313725
v 21.82897400 108.57845300 32.66756800 0.96078431 0.61960784 0.04313725
v 20.20659600 108.57845300 33.69478200 0.96078431 0.61960784 0.04313725
v 20.20659600 108.57845300 33.69478200 0.96078431 0.61960784 0.04313725
v 18.53133400 108.57845300 34.64374900 0.96078431 0.61960784 0.04313725
v 18.53133400 108.57845300 34.64374900 0.96078431 0.61960784 0.04313725
v 16.80318600 108.57845300 35.51446900 0.96078431 0.61960784 0.04313725
v 16.80318600 108.57845300 35.51446900 0.96078431 0.61960784 0.04313725
v 15.04078400 108.57845300 36.29653200 0.96078431 0.61960784 0.04313725
v 15.04078400 108.57845300 36.29653200 0.96078431 0.61960784 0.04313725
v 13.24711700 108.57845300 36.98827000 0.96078431 0.61960784 0.04313725
v 13.24711700 108.57845300 36.98827000 0.96078431 0.61960784 0.04313725
v 11.41454800 108.57845300 37.59394800 0.96078431 0.61960784 0.04313725
v 11.41454800 108.57845300 37.59394800 0.96078431 0.61960784 0.04313725
v 9.54828900 108.57845300 38.11172500 0.96078431 0.61960784 0.04313725
v 9.54828900 108.57845300 38.11172500 0.96078431 0.61960784 0.04313725
v 7.67445200 108.57845300 38.53237500 0.96078431 0.61960784 0.04313725
v 7.67445200 108.57845300 38.53237500 0.96078431 0.61960784 0.04313725
v 5.77681700 108.57845300 38.86162600 0.96078431 0.61960784 0.04313725
v 5.77681700 108.57845300 38.86162600 0.96078431 0.61960784 0.04313725
v 3.85538400 108.57845300 39.09948300 0.96078431 0.61960784 0.04313725
v 3.85538400 108.57845300 39.09948300 0.96078431 0.61960784 0.04313725
v 1.93428500 108.57845300 39.24180600 0.96078431 0.61960784 0.04313725
v 1.93428500 108.57845300 39.24180600 0.96078431 0.61960784 0.04313725
v -7.65314000 108.57845300 38.53603000 0.96078431 0.61960784 0.04313725
v -7.65314000 108.57845300 38.53603000 0.96078431 0.61960784 0.04313725
v -5.75486400 108.57845300 38.86539100 0.96078431 0.61960784 0.04313725
v -5.75486400 108.57845300 38.86539100 0.96078431 0.61960784 0.04313725
v -3.84858000 108.57845300 39.10065100 0.96078431 0.61960784 0.04313725
v -3.84858000 108.57845300 39.10065100 0.96078431 0.61960784 0.04313725
v -13.22457100 108.57845300 36.99623500 0.96078431 0.61960784 0.04313725
v -13.22457100 108.57845300 36.99623500 0.96078431 0.61960784 0.04313725
v -11.39833000 108.57845300 37.59967800 0.96078431 0.61960784 0.04313725
v -11.39833000 108.57845300 37.59967800 0.96078431 0.61960784 0.04313725
v -9.54340600 108.57845300 38.11256000 0.96078431 0.61960784 0.04313725
v -9.54340600 108.57845300 38.11256000 0.96078431 0.61960784 0.04313725
v -16.79555100 108.57845300 35.51873400 0.96078431 0.61960784 0.04313725
v -16.79555100 108.57845300 35.51873400 0.96078431 0.61960784 0.04313725
v -18.51141500 108.57845300 34.65487700 0.96078431 0.61960784 0.04313725
v -18.51141500 108.57845300 34.65487700 0.96078431 0.61960784 0.04313725
v -15.02701600 108.57845300 36.30139900 0.96078431 0.61960784 0.04313725
v -15.02701600 108.57845300 36.30139900 0.96078431 0.61960784 0.04313725
v -23.39846200 108.57845300 31.56210500 0.96078431 0.61960784 0.04313725
v -23.39846200 108.57845300 31.56210500 0.96078431 0.61960784 0.04313725
v -21.82643900 108.57845300 32.66898300 0.96078431 0.61960784 0.04313725
v -21.82643900 108.57845300 32.66898300 0.96078431 0.61960784 0.04313725
v -20.18837700 108.57845300 33.70496000 0.96078431 0.61960784 0.04313725
v -20.18837700 108.57845300 33.70496000 0.96078431 0.61960784 0.04313725
v -27.77912700 108.57845300 27.78469800 0.96078431 0.61960784 0.04313725
v -27.77912700 108.57845300 27.78469800 0.96078431 0.61960784 0.04313725
v -24.91506600 108.57845300 30.37839500 0.96078431 0.61960784 0.04313725
v -24.91506600 108.57845300 30.37839500 0.96078431 0.61960784 0.04313725
v -26.37878400 108.57845300 29.11643600 0.96078431 0.61960784 0.04313725
v -26.37878400 108.57845300 29.11643600 0.96078431 0.61960784 0.04313725
v -30.36331000 108.57845300 24.93318700 0.96078431 0.61960784 0.04313725
v -30.36331000 108.57845300 24.93318700 0.96078431 0.61960784 0.04313725
v -31.55737700 108.57845300 23.40515700 0.96078431 0.61960784 0.04313725
v -31.55737700 108.57845300 23.40515700 0.96078431 0.61960784 0.04313725
v -29.10389300 108.57845300 26.39303600 0.96078431 0.61960784 0.04313725
v -29.10389300 108.57845300 26.39303600 0.96078431 0.61960784 0.04313725
v -34.64629000 108.57845300 18.52693400 0.96078431 0.61960784 0.04313725
v -34.64629000 108.57845300 18.52693400 0.96078431 0.61960784 0.04313725
v -33.69274900 108.57845300 20.20898200 0.96078431 0.61960784 0.04313725
v -33.69274900 108.57845300 20.20898200 0.96078431 0.61960784 0.04313725
v -32.66327300 108.57845300 21.83486900 0.96078431 0.61960784 0.04313725
v -32.66327300 108.57845300 21.83486900 0.96078431 0.61960784 0.04313725
v -36.98827000 108.57845300 13.24622700 0.96078431 0.61960784 0.04313725
v -36.98827000 108.57845300 13.24622700 0.96078431 0.61960784 0.04313725
v -35.51533100 108.57845300 16.80264100 0.96078431 0.61960784 0.04313725
v -35.51533100 108.57845300 16.80264100 0.96078431 0.61960784 0.04313725
v -36.29396400 108.57845300 15.04569300 0.96078431 0.61960784 0.04313725
v -36.29396400 108.57845300 15.04569300 0.96078431 0.61960784 0.04313725
v -38.53137600 108.57845300 7.67688000 0.96078431 0.61960784 0.04313725
v -38.53137600 108.57845300 7.67688000 0.96078431 0.61960784 0.04313725
v -38.10968000 108.57845300 9.55509500 0.96078431 0.61960784 0.04313725
v -38.10968000 108.57845300 9.55509500 0.96078431 0.61960784 0.04313725
v -37.59767500 108.57845300 11.40565300 0.96078431 0.61960784 0.04313725
v -37.59767500 108.57845300 11.40565300 0.96078431 0.61960784 0.04313725
v -39.24104300 108.57845300 1.93940500 0.96078431 0.61960784 0.04313725
v -39.24104300 108.57845300 1.93940500 0.96078431 0.61960784 0.04313725
v -39.09979200 108.57845300 3.85635900 0.96078431 0.61960784 0.04313725
v -39.09979200 108.57845300 3.85635900 0.96078431 0.61960784 0.04313725
v -38.86277000 108.57845300 5.77101000 0.96078431 0.61960784 0.04313725
v -38.86277000 108.57845300 5.77101000 0.96078431 0.61960784 0.04313725
v -39.10096000 108.57845300 -3.84169600 0.96078431 0.61960784 0.04313725
v -39.10096000 108.57845300 -3.84169600 0.96078431 0.61960784 0.04313725
v -39.24235200 108.57845300 -1.92660300 0.96078431 0.61960784 0.04313725
v -39.24235200 108.57845300 -1.92660300 0.96078431 0.61960784 0.04313725
v -38.11347600 108.57845300 -9.54073000 0.96078431 0.61960784 0.04313725
v -38.11347600 108.57845300 -9.54073000 0.96078431 0.61960784 0.04313725
v -38.53510300 108.57845300 -7.65985800 0.96078431 0.61960784 0.04313725
v -38.53510300 108.57845300 -7.65985800 0.96078431 0.61960784 0.04313725
v -38.86520800 108.57845300 -5.75278100 0.96078431 0.61960784 0.04313725
v -38.86520800 108.57845300 -5.75278100 0.96078431 0.61960784 0.04313725
v -35.52121000 108.57845300 -16.78937900 0.96078431 0.61960784 0.04313725
v -35.52121000 108.57845300 -16.78937900 0.96078431 0.61960784 0.04313725
v -36.29962500 108.57845300 -15.03363900 0.96078431 0.61960784 0.04313725
v -36.29962500 108.57845300 -15.03363900 0.96078431 0.61960784 0.04313725
v -36.99532300 108.57845300 -13.22662400 0.96078431 0.61960784 0.04313725
v -36.99532300 108.57845300 -13.22662400 0.96078431 0.61960784 0.04313725
v -33.70148500 108.57845300 -20.19521900 0.96078431 0.61960784 0.04313725
v -33.70148500 108.57845300 -20.19521900 0.96078431 0.61960784 0.04313725
v -34.65516300 108.57845300 -18.50990700 0.96078431 0.61960784 0.04313725
v -34.65516300 108.57845300 -18.50990700 0.96078431 0.61960784 0.04313725
v -29.11350100 108.57845300 -26.38325300 0.96078431 0.61960784 0.04313725
v -29.11350100 108.57845300 -26.38325300 0.96078431 0.61960784 0.04313725
v -30.37643400 108.57845300 -24.91731300 0.96078431 0.61960784 0.04313725
v -30.37643400 108.57845300 -24.91731300 0.96078431 0.61960784 0.04313725
v -31.56426600 108.57845300 -23.39466500 0.96078431 0.61960784 0.04313725
v -31.56426600 108.57845300 -23.39466500 0.96078431 0.61960784 0.04313725
v -26.39339600 108.57845300 -29.10299300 0.96078431 0.61960784 0.04313725
v -26.39339600 108.57845300 -29.10299300 0.96078431 0.61960784 0.04313725
v -27.78889700 108.57845300 -27.77432100 0.96078431 0.61960784 0.04313725
v -27.78889700 108.57845300 -27.77432100 0.96078431 0.61960784 0.04313725
v -24.92700000 108.57845300 -30.36926800 0.96078431 0.61960784 0.04313725
v -24.92700000 108.57845300 -30.36926800 0.96078431 0.61960784 0.04313725
v -23.41052600 108.57845300 -31.55319200 0.96078431 0.61960784 0.04313725
v -23.41052600 108.57845300 -31.55319200 0.96078431 0.61960784 0.04313725
v -21.83781200 108.57845300 -32.66067100 0.96078431 0.61960784 0.04313725
v -21.83781200 108.57845300 -32.66067100 0.96078431 0.61960784 0.04313725
v -20.20576900 108.57845300 -33.69467200 0.96078431 0.61960784 0.04313725
v -20.20576900 108.57845300 -33.69467200 0.96078431 0.61960784 0.04313725
v -18.52402900 108.57845300 -34.64867800 0.96078431 0.61960784 0.04313725
v -18.52402900 108.57845300 -34.64867800 0.96078431 0.61960784 0.04313725
v -16.80793400 108.57845300 -35.51232100 0.96078431 0.61960784 0.04313725
v -16.80793400 108.57845300 -35.51232100 0.96078431 0.61960784 0.04313725
v -15.04578000 108.57845300 -36.29351400 0.96078431 0.61960784 0.04313725
v -15.04578000 108.57845300 -36.29351400 0.96078431 0.61960784 0.04313725
v -13.23756700 108.57845300 -36.99225600 0.96078431 0.61960784 0.04313725
v -13.23756700 108.57845300 -36.99225600 0.96078431 0.61960784 0.04313725
v -11.41265800 108.57845300 -37.59527200 0.96078431 0.61960784 0.04313725
v -11.41265800 108.57845300 -37.59527200 0.96078431 0.61960784 0.04313725
v -9.55828500 108.57845300 -38.10833700 0.96078431 0.61960784 0.04313725
v -9.55828500 108.57845300 -38.10833700 0.96078431 0.61960784 0.04313725
v -7.67244900 108.57845300 -38.53235600 0.96078431 0.61960784 0.04313725
v -7.67244900 108.57845300 -38.53235600 0.96078431 0.61960784 0.04313725
v -5.76910600 108.57845300 -38.86368600 0.96078431 0.61960784 0.04313725
v -5.76910600 108.57845300 -38.86368600 0.96078431 0.61960784 0.04313725
v -3.86203200 108.57845300 -39.09875100 0.96078431 0.61960784 0.04313725
v -3.86203200 108.57845300 -39.09875100 0.96078431 0.61960784 0.04313725
v -1.93899700 108.57845300 -39.24073000 0.96078431 0.61960784 0.04313725
v -1.93899700 108.57845300 -39.24073000 0.96078431 0.61960784 0.04313725
v -32.67167700 108.57845300 -21.82249800 0.96078431 0.61960784 0.04313725
v -32.67167700 108.57845300 -21.82249800 0.96078431 0.61960784 0.04313725
v -37.60056300 108.57845300 -11.39362500 0.96078431 0.61960784 0.04313725
v -37.60056300 108.57845300 -11.39362500 0.96078431 0.61960784 0.04313725
v -39.28862000 108.57845300 0.01045600 0.96078431 0.61960784 0.04313725
v -39.28862000 108.57845300 0.01045600 0.96078431 0.61960784 0.04313725
v -3.86276300 106.49060100 -39.11708100 0.96078431 0.61960784 0.04313725
v -3.86276300 106.49060100 -39.11708100 0.96078431 0.61960784 0.04313725
v 0.00000000 106.49060100 -39.30784200 0.96078431 0.61960784 0.04313725
v 0.00000000 106.49060100 -39.30784200 0.96078431 0.61960784 0.04313725
v -1.93915800 106.49060100 -39.25906400 0.96078431 0.61960784 0.04313725
v -1.93915800 106.49060100 -39.25906400 0.96078431 0.61960784 0.04313725
v -9.56168800 106.49060100 -38.12642700 0.96078431 0.61960784 0.04313725
v -9.56168800 106.49060100 -38.12642700 0.96078431 0.61960784 0.04313725
v -7.67638500 106.49060100 -38.55016300 0.96078431 0.61960784 0.04313725
v -7.67638500 106.49060100 -38.55016300 0.96078431 0.61960784 0.04313725
v -5.77081300 106.49060100 -38.88188200 0.96078431 0.61960784 0.04313725
v -5.77081300 106.49060100 -38.88188200 0.96078431 0.61960784 0.04313725
v -15.05249900 106.49060100 -36.31060800 0.96078431 0.61960784 0.04313725
v -15.05249900 106.49060100 -36.31060800 0.96078431 0.61960784 0.04313725
v -13.24608300 106.49060100 -37.00825500 0.96078431 0.61960784 0.04313725
v -13.24608300 106.49060100 -37.00825500 0.96078431 0.61960784 0.04313725
v -11.41630800 106.49060100 -37.61331200 0.96078431 0.61960784 0.04313725
v -11.41630800 106.49060100 -37.61331200 0.96078431 0.61960784 0.04313725
v -20.21634700 106.49060100 -33.70956000 0.96078431 0.61960784 0.04313725
v -20.21634700 106.49060100 -33.70956000 0.96078431 0.61960784 0.04313725
v -16.81393800 106.49060100 -35.52985000 0.96078431 0.61960784 0.04313725
v -16.81393800 106.49060100 -35.52985000 0.96078431 0.61960784 0.04313725
v -18.53040100 106.49060100 -34.66598100 0.96078431 0.61960784 0.04313725
v -18.53040100 106.49060100 -34.66598100 0.96078431 0.61960784 0.04313725
v -24.94167900 106.49060100 -30.38025900 0.96078431 0.61960784 0.04313725
v -24.94167900 106.49060100 -30.38025900 0.96078431 0.61960784 0.04313725
v -21.84663800 106.49060100 -32.67700200 0.96078431 0.61960784 0.04313725
v -21.84663800 106.49060100 -32.67700200 0.96078431 0.61960784 0.04313725
v -23.41888600 106.49060100 -31.56987000 0.96078431 0.61960784 0.04313725
v -23.41888600 106.49060100 -31.56987000 0.96078431 0.61960784 0.04313725
v -29.12668400 106.49060100 -26.39543200 0.96078431 0.61960784 0.04313725
v -29.12668400 106.49060100 -26.39543200 0.96078431 0.61960784 0.04313725
v -27.79958700 106.49060100 -27.78979100 0.96078431 0.61960784 0.04313725
v -27.79958700 106.49060100 -27.78979100 0.96078431 0.61960784 0.04313725
v -26.40539600 106.49060100 -29.11702500 0.96078431 0.61960784 0.04313725
v -26.40539600 106.49060100 -29.11702500 0.96078431 0.61960784 0.04313725
v -32.68428800 106.49060100 -21.83672700 0.96078431 0.61960784 0.04313725
v -32.68428800 106.49060100 -21.83672700 0.96078431 0.61960784 0.04313725
v -30.39166300 106.49060100 -24.92754900 0.96078431 0.61960784 0.04313725
v -30.39166300 106.49060100 -24.92754900 0.96078431 0.61960784 0.04313725
v -31.57753200 106.49060100 -23.40798200 0.96078431 0.61960784 0.04313725
v -31.57753200 106.49060100 -23.40798200 0.96078431 0.61960784 0.04313725
v -35.53588100 106.49060100 -16.80176500 0.96078431 0.61960784 0.04313725
v -35.53588100 106.49060100 -16.80176500 0.96078431 0.61960784 0.04313725
v -33.71949400 106.49060100 -20.19981400 0.96078431 0.61960784 0.04313725
v -33.71949400 106.49060100 -20.19981400 0.96078431 0.61960784 0.04313725
v -34.67095600 106.49060100 -18.51977000 0.96078431 0.61960784 0.04313725
v -34.67095600 106.49060100 -18.51977000 0.96078431 0.61960784 0.04313725
v -37.61722600 106.49060100 -11.40306100 0.96078431 0.61960784 0.04313725
v -37.61722600 106.49060100 -11.40306100 0.96078431 0.61960784 0.04313725
v -37.01312300 106.49060100 -13.23145000 0.96078431 0.61960784 0.04313725
v -37.01312300 106.49060100 -13.23145000 0.96078431 0.61960784 0.04313725
v -36.31741000 106.49060100 -15.03664000 0.96078431 0.61960784 0.04313725
v -36.31741000 106.49060100 -15.03664000 0.96078431 0.61960784 0.04313725
v -38.88335800 106.49060100 -5.75791700 0.96078431 0.61960784 0.04313725
v -38.88335800 106.49060100 -5.75791700 0.96078431 0.61960784 0.04313725
v -38.12994400 106.49060100 -9.55013100 0.96078431 0.61960784 0.04313725
v -38.12994400 106.49060100 -9.55013100 0.96078431 0.61960784 0.04313725
v -38.55374100 106.49060100 -7.65792600 0.96078431 0.61960784 0.04313725
v -38.55374100 106.49060100 -7.65792600 0.96078431 0.61960784 0.04313725
v -39.30715600 106.49060100 0.01106800 0.96078431 0.61960784 0.04313725
v -39.30715600 106.49060100 0.01106800 0.96078431 0.61960784 0.04313725
v -39.11880100 106.49060100 -3.85010400 0.96078431 0.61960784 0.04313725
v -39.11880100 106.49060100 -3.85010400 0.96078431 0.61960784 0.04313725
v -39.26006700 106.49060100 -1.92015600 0.96078431 0.61960784 0.04313725
v -39.26006700 106.49060100 -1.92015600 0.96078431 0.61960784 0.04313725
v -38.87989000 106.49060100 5.77870600 0.96078431 0.61960784 0.04313725
v -38.87989000 106.49060100 5.77870600 0.96078431 0.61960784 0.04313725
v -39.11756100 106.49060100 3.85752400 0.96078431 0.61960784 0.04313725
v -39.11756100 106.49060100 3.85752400 0.96078431 0.61960784 0.04313725
v -39.26006700 106.49060100 1.93448800 0.96078431 0.61960784 0.04313725
v -39.26006700 106.49060100 1.93448800 0.96078431 0.61960784 0.04313725
v -37.61141200 106.49060100 11.41999100 0.96078431 0.61960784 0.04313725
v -37.61141200 106.49060100 11.41999100 0.96078431 0.61960784 0.04313725
v -38.55061000 106.49060100 7.67668900 0.96078431 0.61960784 0.04313725
v -38.55061000 106.49060100 7.67668900 0.96078431 0.61960784 0.04313725
v -38.12972300 106.49060100 9.55147500 0.96078431 0.61960784 0.04313725
v -38.12972300 106.49060100 9.55147500 0.96078431 0.61960784 0.04313725
v -35.52988400 106.49060100 16.81284900 0.96078431 0.61960784 0.04313725
v -35.52988400 106.49060100 16.81284900 0.96078431 0.61960784 0.04313725
v -37.00611100 106.49060100 13.25187500 0.96078431 0.61960784 0.04313725
v -37.00611100 106.49060100 13.25187500 0.96078431 0.61960784 0.04313725
v -36.31426600 106.49060100 15.04580000 0.96078431 0.61960784 0.04313725
v -36.31426600 106.49060100 15.04580000 0.96078431 0.61960784 0.04313725
v -32.68109900 106.49060100 21.84082200 0.96078431 0.61960784 0.04313725
v -32.68109900 106.49060100 21.84082200 0.96078431 0.61960784 0.04313725
v -33.71192900 106.49060100 20.21378700 0.96078431 0.61960784 0.04313725
v -33.71192900 106.49060100 20.21378700 0.96078431 0.61960784 0.04313725
v -34.66046100 106.49060100 18.53916200 0.96078431 0.61960784 0.04313725
v -34.66046100 106.49060100 18.53916200 0.96078431 0.61960784 0.04313725
v -29.12425400 106.49060100 26.39855200 0.96078431 0.61960784 0.04313725
v -29.12425400 106.49060100 26.39855200 0.96078431 0.61960784 0.04313725
v -31.56501000 106.49060100 23.42406800 0.96078431 0.61960784 0.04313725
v -31.56501000 106.49060100 23.42406800 0.96078431 0.61960784 0.04313725
v -30.37939500 106.49060100 24.94331200 0.96078431 0.61960784 0.04313725
v -30.37939500 106.49060100 24.94331200 0.96078431 0.61960784 0.04313725
v -24.93309000 106.49060100 30.38816500 0.96078431 0.61960784 0.04313725
v -24.93309000 106.49060100 30.38816500 0.96078431 0.61960784 0.04313725
v -27.78737400 106.49060100 27.80103500 0.96078431 0.61960784 0.04313725
v -27.78737400 106.49060100 27.80103500 0.96078431 0.61960784 0.04313725
v -26.38925400 106.49060100 29.13188600 0.96078431 0.61960784 0.04313725
v -26.38925400 106.49060100 29.13188600 0.96078431 0.61960784 0.04313725
v -20.20188700 106.49060100 33.71900600 0.96078431 0.61960784 0.04313725
v -20.20188700 106.49060100 33.71900600 0.96078431 0.61960784 0.04313725
v -21.82839600 106.49060100 32.68891900 0.96078431 0.61960784 0.04313725
v -21.82839600 106.49060100 32.68891900 0.96078431 0.61960784 0.04313725
v -23.40992700 106.49060100 31.57572200 0.96078431 0.61960784 0.04313725
v -23.40992700 106.49060100 31.57572200 0.96078431 0.61960784 0.04313725
v -15.03349500 106.49060100 36.31894300 0.96078431 0.61960784 0.04313725
v -15.03349500 106.49060100 36.31894300 0.96078431 0.61960784 0.04313725
v -18.52794600 106.49060100 34.66706100 0.96078431 0.61960784 0.04313725
v -18.52794600 106.49060100 34.66706100 0.96078431 0.61960784 0.04313725
v -16.79606200 106.49060100 35.53769300 0.96078431 0.61960784 0.04313725
v -16.79606200 106.49060100 35.53769300 0.96078431 0.61960784 0.04313725
v -9.54025100 106.49060100 38.13185500 0.96078431 0.61960784 0.04313725
v -9.54025100 106.49060100 38.13185500 0.96078431 0.61960784 0.04313725
v -13.24024300 106.49060100 37.01081800 0.96078431 0.61960784 0.04313725
v -13.24024300 106.49060100 37.01081800 0.96078431 0.61960784 0.04313725
v -11.40163900 106.49060100 37.61702700 0.96078431 0.61960784 0.04313725
v -11.40163900 106.49060100 37.61702700 0.96078431 0.61960784 0.04313725
v -3.86276300 106.49060100 39.11708100 0.96078431 0.61960784 0.04313725
v -3.86276300 106.49060100 39.11708100 0.96078431 0.61960784 0.04313725
v -5.77081300 106.49060100 38.88188200 0.96078431 0.61960784 0.04313725
v -5.77081300 106.49060100 38.88188200 0.96078431 0.61960784 0.04313725
v -7.66330900 106.49060100 38.55347400 0.96078431 0.61960784 0.04313725
v -7.66330900 106.49060100 38.55347400 0.96078431 0.61960784 0.04313725
v 1.93785900 106.49060100 39.25930000 0.96078431 0.61960784 0.04313725
v 1.93785900 106.49060100 39.25930000 0.96078431 0.61960784 0.04313725
v -1.93915800 106.49060100 39.25906400 0.96078431 0.61960784 0.04313725
v -1.93915800 106.49060100 39.25906400 0.96078431 0.61960784 0.04313725
v 0.00000000 106.49060100 39.30784200 0.96078431 0.61960784 0.04313725
v 0.00000000 106.49060100 39.30784200 0.96078431 0.61960784 0.04313725
v 7.67656400 106.49060100 38.55021700 0.96078431 0.61960784 0.04313725
v 7.67656400 106.49060100 38.55021700 0.96078431 0.61960784 0.04313725
v 3.86093200 106.49060100 39.11740500 0.96078431 0.61960784 0.04313725
v 3.86093200 106.49060100 39.11740500 0.96078431 0.61960784 0.04313725
v 5.76921800 106.49060100 38.88214900 0.96078431 0.61960784 0.04313725
v 5.76921800 106.49060100 38.88214900 0.96078431 0.61960784 0.04313725
v 13.24874900 106.49060100 37.00708800 0.96078431 0.61960784 0.04313725
v 13.24874900 106.49060100 37.00708800 0.96078431 0.61960784 0.04313725
v 11.41343700 106.49060100 37.61430700 0.96078431 0.61960784 0.04313725
v 11.41343700 106.49060100 37.61430700 0.96078431 0.61960784 0.04313725
v 9.55960500 106.49060100 38.12720900 0.96078431 0.61960784 0.04313725
v 9.55960500 106.49060100 38.12720900 0.96078431 0.61960784 0.04313725
v 18.53389700 106.49060100 34.66351300 0.96078431 0.61960784 0.04313725
v 18.53389700 106.49060100 34.66351300 0.96078431 0.61960784 0.04313725
v 15.05101500 106.49060100 36.31156200 0.96078431 0.61960784 0.04313725
v 15.05101500 106.49060100 36.31156200 0.96078431 0.61960784 0.04313725
v 16.81037100 106.49060100 35.53181500 0.96078431 0.61960784 0.04313725
v 16.81037100 106.49060100 35.53181500 0.96078431 0.61960784 0.04313725
v 23.41437900 106.49060100 31.57328600 0.96078431 0.61960784 0.04313725
v 23.41437900 106.49060100 31.57328600 0.96078431 0.61960784 0.04313725
v 20.21628200 106.49060100 33.70990400 0.96078431 0.61960784 0.04313725
v 20.21628200 106.49060100 33.70990400 0.96078431 0.61960784 0.04313725
v 21.84310900 106.49060100 32.67982900 0.96078431 0.61960784 0.04313725
v 21.84310900 106.49060100 32.67982900 0.96078431 0.61960784 0.04313725
v 27.79484200 106.49060100 27.79484200 0.96078431 0.61960784 0.04313725
v 27.79484200 106.49060100 27.79484200 0.96078431 0.61960784 0.04313725
v 26.39024500 106.49060100 29.13079100 0.96078431 0.61960784 0.04313725
v 26.39024500 106.49060100 29.13079100 0.96078431 0.61960784 0.04313725
v 24.93009000 106.49060100 30.39027200 0.96078431 0.61960784 0.04313725
v 24.93009000 106.49060100 30.39027200 0.96078431 0.61960784 0.04313725
v 31.57459100 106.49060100 23.41253700 0.96078431 0.61960784 0.04313725
v 31.57459100 106.49060100 23.41253700 0.96078431 0.61960784 0.04313725
v 29.13182100 106.49060100 26.38875200 0.96078431 0.61960784 0.04313725
v 29.13182100 106.49060100 26.38875200 0.96078431 0.61960784 0.04313725
v 30.39173900 106.49060100 24.92798400 0.96078431 0.61960784 0.04313725
v 30.39173900 106.49060100 24.92798400 0.96078431 0.61960784 0.04313725
v 34.66966200 106.49060100 18.52303700 0.96078431 0.61960784 0.04313725
v 34.66966200 106.49060100 18.52303700 0.96078431 0.61960784 0.04313725
v 32.68697000 106.49060100 21.83124000 0.96078431 0.61960784 0.04313725
v 32.68697000 106.49060100 21.83124000 0.96078431 0.61960784 0.04313725
v 33.72088200 106.49060100 20.19763800 0.96078431 0.61960784 0.04313725
v 33.72088200 106.49060100 20.19763800 0.96078431 0.61960784 0.04313725
v 37.01300000 106.49060100 13.23280100 0.96078431 0.61960784 0.04313725
v 37.01300000 106.49060100 13.23280100 0.96078431 0.61960784 0.04313725
v 36.31921800 106.49060100 15.03145700 0.96078431 0.61960784 0.04313725
v 36.31921800 106.49060100 15.03145700 0.96078431 0.61960784 0.04313725
v 35.53463700 106.49060100 16.80395500 0.96078431 0.61960784 0.04313725
v 35.53463700 106.49060100 16.80395500 0.96078431 0.61960784 0.04313725
v 38.55410400 106.49060100 7.65699000 0.96078431 0.61960784 0.04313725
v 38.55410400 106.49060100 7.65699000 0.96078431 0.61960784 0.04313725
v 37.61598200 106.49060100 11.40798700 0.96078431 0.61960784 0.04313725
v 37.61598200 106.49060100 11.40798700 0.96078431 0.61960784 0.04313725
v 38.13117200 106.49060100 9.54191100 0.96078431 0.61960784 0.04313725
v 38.13117200 106.49060100 9.54191100 0.96078431 0.61960784 0.04313725
v 39.26013900 106.49060100 1.91687500 0.96078431 0.61960784 0.04313725
v 39.26013900 106.49060100 1.91687500 0.96078431 0.61960784 0.04313725
v 38.88314400 106.49060100 5.76148800 0.96078431 0.61960784 0.04313725
v 38.88314400 106.49060100 5.76148800 0.96078431 0.61960784 0.04313725
v 39.11848400 106.49060100 3.84827900 0.96078431 0.61960784 0.04313725
v 39.11848400 106.49060100 3.84827900 0.96078431 0.61960784 0.04313725
v 39.30745300 106.49060100 -0.00923200 0.96078431 0.61960784 0.04313725
v 39.30745300 106.49060100 -0.00923200 0.96078431 0.61960784 0.04313725
v 39.26042200 106.49060100 -1.93004000 0.96078431 0.61960784 0.04313725
v 39.26042200 106.49060100 -1.93004000 0.96078431 0.61960784 0.04313725
v 39.11660400 106.49060100 -3.86288300 0.96078431 0.61960784 0.04313725
v 39.11660400 106.49060100 -3.86288300 0.96078431 0.61960784 0.04313725
v 38.88009300 106.49060100 -5.77871100 0.96078431 0.61960784 0.04313725
v 38.88009300 106.49060100 -5.77871100 0.96078431 0.61960784 0.04313725
v 38.55146400 106.49060100 -7.67351400 0.96078431 0.61960784 0.04313725
v 38.55146400 106.49060100 -7.67351400 0.96078431 0.61960784 0.04313725
v 38.12760500 106.49060100 -9.55701900 0.96078431 0.61960784 0.04313725
v 38.12760500 106.49060100 -9.55701900 0.96078431 0.61960784 0.04313725
v 37.61093900 106.49060100 -11.42165900 0.96078431 0.61960784 0.04313725
v 37.61093900 106.49060100 -11.42165900 0.96078431 0.61960784 0.04313725
v 37.00697300 106.49060100 -13.25014000 0.96078431 0.61960784 0.04313725
v 37.00697300 106.49060100 -13.25014000 0.96078431 0.61960784 0.04313725
v 36.31571200 106.49060100 -15.04245900 0.96078431 0.61960784 0.04313725
v 36.31571200 106.49060100 -15.04245900 0.96078431 0.61960784 0.04313725
v 35.52829400 106.49060100 -16.81575600 0.96078431 0.61960784 0.04313725
v 35.52829400 106.49060100 -16.81575600 0.96078431 0.61960784 0.04313725
v 34.66087000 106.49060100 -18.53877800 0.96078431 0.61960784 0.04313725
v 34.66087000 106.49060100 -18.53877800 0.96078431 0.61960784 0.04313725
v 33.71343600 106.49060100 -20.21152900 0.96078431 0.61960784 0.04313725
v 33.71343600 106.49060100 -20.21152900 0.96078431 0.61960784 0.04313725
v 32.67819600 106.49060100 -21.84436800 0.96078431 0.61960784 0.04313725
v 32.67819600 106.49060100 -21.84436800 0.96078431 0.61960784 0.04313725
v 31.56460800 106.49060100 -23.42473200 0.96078431 0.61960784 0.04313725
v 31.56460800 106.49060100 -23.42473200 0.96078431 0.61960784 0.04313725
v 30.38056000 106.49060100 -24.94213100 0.96078431 0.61960784 0.04313725
v 30.38056000 106.49060100 -24.94213100 0.96078431 0.61960784 0.04313725
v 29.12334600 106.49060100 -26.39912800 0.96078431 0.61960784 0.04313725
v 29.12334600 106.49060100 -26.39912800 0.96078431 0.61960784 0.04313725
v 27.78601800 106.49060100 -27.80229200 0.96078431 0.61960784 0.04313725
v 27.78601800 106.49060100 -27.80229200 0.96078431 0.61960784 0.04313725
v 26.38977600 106.49060100 -29.13157800 0.96078431 0.61960784 0.04313725
v 26.38977600 106.49060100 -29.13157800 0.96078431 0.61960784 0.04313725
v 24.93461800 106.49060100 -30.38698800 0.96078431 0.61960784 0.04313725
v 24.93461800 106.49060100 -30.38698800 0.96078431 0.61960784 0.04313725
v 23.40774300 106.49060100 -31.57707600 0.96078431 0.61960784 0.04313725
v 23.40774300 106.49060100 -31.57707600 0.96078431 0.61960784 0.04313725
v 21.82815400 106.49060100 -32.68914400 0.96078431 0.61960784 0.04313725
v 21.82815400 106.49060100 -32.68914400 0.96078431 0.61960784 0.04313725
v 20.20285600 106.49060100 -33.71851300 0.96078431 0.61960784 0.04313725
v 20.20285600 106.49060100 -33.71851300 0.96078431 0.61960784 0.04313725
v 18.52534100 106.49060100 -34.66809500 0.96078431 0.61960784 0.04313725
v 18.52534100 106.49060100 -34.66809500 0.96078431 0.61960784 0.04313725
v 16.79516600 106.49060100 -35.53808200 0.96078431 0.61960784 0.04313725
v 16.79516600 106.49060100 -35.53808200 0.96078431 0.61960784 0.04313725
v 15.03378200 106.49060100 -36.31888600 0.96078431 0.61960784 0.04313725
v 15.03378200 106.49060100 -36.31888600 0.96078431 0.61960784 0.04313725
v 13.24118900 106.49060100 -37.01049400 0.96078431 0.61960784 0.04313725
v 13.24118900 106.49060100 -37.01049400 0.96078431 0.61960784 0.04313725
v 11.40043700 106.49060100 -37.61729000 0.96078431 0.61960784 0.04313725
v 11.40043700 106.49060100 -37.61729000 0.96078431 0.61960784 0.04313725
v 9.53993500 106.49060100 -38.13193900 0.96078431 0.61960784 0.04313725
v 9.53993500 106.49060100 -38.13193900 0.96078431 0.61960784 0.04313725
v 7.66360400 106.49060100 -38.55343200 0.96078431 0.61960784 0.04313725
v 7.66360400 106.49060100 -38.55343200 0.96078431 0.61960784 0.04313725
v 5.77144500 106.49060100 -38.88177100 0.96078431 0.61960784 0.04313725
v 5.77144500 106.49060100 -38.88177100 0.96078431 0.61960784 0.04313725
v 3.86345800 106.49060100 -39.11695100 0.96078431 0.61960784 0.04313725
v 3.86345800 106.49060100 -39.11695100 0.96078431 0.61960784 0.04313725
v 1.93964300 106.49060100 -39.25897600 0.96078431 0.61960784 0.04313725
v 1.93964300 106.49060100 -39.25897600 0.96078431 0.61960784 0.04313725
v 11.16184400 103.94950100 47.49685300 0.96078431 0.61960784 0.04313725
v 11.16184400 103.94950100 47.49685300 0.96078431 0.61960784 0.04313725
v 13.18058600 103.94950100 46.97674200 0.96078431 0.61960784 0.04313725
v 13.18058600 103.94950100 46.97674200 0.96078431 0.61960784 0.04313725
v -42.97180900 105.50618700 -0.92221700 0.96078431 0.61960784 0.04313725
v -2.72387200 105.18769800 44.08625800 0.96078431 0.61960784 0.04313725
v -2.72387200 105.18769800 44.08625800 0.96078431 0.61960784 0.04313725
v -2.84085000 105.10850500 44.37504200 0.96078431 0.61960784 0.04313725
v -2.84085000 105.10850500 44.37504200 0.96078431 0.61960784 0.04313725
v -44.98840300 104.94287100 2.93490600 0.96078431 0.61960784 0.04313725
v -44.98840300 104.94287100 2.93490600 0.96078431 0.61960784 0.04313725
v -44.67883700 105.02604700 2.91172200 0.96078431 0.61960784 0.04313725
v -44.67883700 105.02604700 2.91172200 0.96078431 0.61960784 0.04313725
v -1.24286500 105.49716200 42.99744000 0.96078431 0.61960784 0.04313725
v -1.24286500 105.49716200 42.99744000 0.96078431 0.61960784 0.04313725
v -1.55522700 105.47396100 43.07389500 0.96078431 0.61960784 0.04313725
v -1.55522700 105.47396100 43.07389500 0.96078431 0.61960784 0.04313725
v -0.92221700 105.50618700 42.97180900 0.96078431 0.61960784 0.04313725
v -0.92221700 105.50618700 42.97180900 0.96078431 0.61960784 0.04313725
v -1.85118800 105.43746200 43.19854000 0.96078431 0.61960784 0.04313725
v -1.85118800 105.43746200 43.19854000 0.96078431 0.61960784 0.04313725
v -2.12111700 105.38899200 43.36725600 0.96078431 0.61960784 0.04313725
v -2.12111700 105.38899200 43.36725600 0.96078431 0.61960784 0.04313725
v -2.56244600 105.26232900 43.81695600 0.96078431 0.61960784 0.04313725
v -2.56244600 105.26232900 43.81695600 0.96078431 0.61960784 0.04313725
v -2.36068000 105.32987200 43.57584000 0.96078431 0.61960784 0.04313725
v -2.36068000 105.32987200 43.57584000 0.96078431 0.61960784 0.04313725
v -2.93490600 104.94287100 44.98840300 0.96078431 0.61960784 0.04313725
v -2.93490600 104.94287100 44.98840300 0.96078431 0.61960784 0.04313725
v -2.91152700 105.02615400 44.67846700 0.96078431 0.61960784 0.04313725
v -2.91152700 105.02615400 44.67846700 0.96078431 0.61960784 0.04313725
v 0.92221700 105.50618700 42.97180900 0.96078431 0.61960784 0.04313725
v 0.92221700 105.50618700 42.97180900 0.96078431 0.61960784 0.04313725
v 2.93490600 104.94287100 44.98840300 0.96078431 0.61960784 0.04313725
v 2.92556900 103.94950100 48.70355200 0.96078431 0.61960784 0.04313725
v 2.92556900 103.94950100 48.70355200 0.96078431 0.61960784 0.04313725
v 2.92556900 103.94950100 48.70355200 0.96078431 0.61960784 0.04313725
v 5.00913100 103.94950100 48.53285600 0.96078431 0.61960784 0.04313725
v 5.00913100 103.94950100 48.53285600 0.96078431 0.61960784 0.04313725
v 1.24391700 105.49704700 42.99781400 0.96078431 0.61960784 0.04313725
v 1.24391700 105.49704700 42.99781400 0.96078431 0.61960784 0.04313725
v 2.84127000 105.10813100 44.37641100 0.96078431 0.61960784 0.04313725
v 2.84127000 105.10813100 44.37641100 0.96078431 0.61960784 0.04313725
v 2.72411700 105.18757600 44.08672000 0.96078431 0.61960784 0.04313725
v 2.72411700 105.18757600 44.08672000 0.96078431 0.61960784 0.04313725
v 17.13055200 103.94950100 45.68492900 0.96078431 0.61960784 0.04313725
v 17.13055200 103.94950100 45.68492900 0.96078431 0.61960784 0.04313725
v 15.16890400 103.94950100 46.37332900 0.96078431 0.61960784 0.04313725
v 15.16890400 103.94950100 46.37332900 0.96078431 0.61960784 0.04313725
v 19.06975200 103.94950100 44.90964100 0.96078431 0.61960784 0.04313725
v 19.06975200 103.94950100 44.90964100 0.96078431 0.61960784 0.04313725
v 26.42069200 103.94950100 41.01825000 0.96078431 0.61960784 0.04313725
v 26.42069200 103.94950100 41.01825000 0.96078431 0.61960784 0.04313725
v 24.64574200 103.94950100 42.10841800 0.96078431 0.61960784 0.04313725
v 24.64574200 103.94950100 42.10841800 0.96078431 0.61960784 0.04313725
v 20.96680300 103.94950100 44.05632400 0.96078431 0.61960784 0.04313725
v 20.96680300 103.94950100 44.05632400 0.96078431 0.61960784 0.04313725
v 9.12207600 103.94950100 47.93098400 0.96078431 0.61960784 0.04313725
v 9.12207600 103.94950100 47.93098400 0.96078431 0.61960784 0.04313725
v 7.07463300 103.94950100 48.27533300 0.96078431 0.61960784 0.04313725
v 7.07463300 103.94950100 48.27533300 0.96078431 0.61960784 0.04313725
v 2.91172200 105.02604700 44.67883700 0.96078431 0.61960784 0.04313725
v 2.91172200 105.02604700 44.67883700 0.96078431 0.61960784 0.04313725
v 22.82171100 103.94950100 43.12497700 0.96078431 0.61960784 0.04313725
v 22.82171100 103.94950100 43.12497700 0.96078431 0.61960784 0.04313725
v 28.14265800 103.94950100 39.85696800 0.96078431 0.61960784 0.04313725
v 28.14265800 103.94950100 39.85696800 0.96078431 0.61960784 0.04313725
v 29.81164200 103.94950100 38.62457300 0.96078431 0.61960784 0.04313725
v 29.81164200 103.94950100 38.62457300 0.96078431 0.61960784 0.04313725
v 31.42764100 103.94950100 37.32106000 0.96078431 0.61960784 0.04313725
v 31.42764100 103.94950100 37.32106000 0.96078431 0.61960784 0.04313725
v 32.99065800 103.94950100 35.94643000 0.96078431 0.61960784 0.04313725
v 32.99065800 103.94950100 35.94643000 0.96078431 0.61960784 0.04313725
v 34.50069000 103.94950100 34.50069000 0.96078431 0.61960784 0.04313725
v 34.50069000 103.94950100 34.50069000 0.96078431 0.61960784 0.04313725
v 2.56340500 105.26199300 43.81815000 0.96078431 0.61960784 0.04313725
v 2.56340500 105.26199300 43.81815000 0.96078431 0.61960784 0.04313725
v 2.36109400 105.32972700 43.57634000 0.96078431 0.61960784 0.04313725
v 2.36109400 105.32972700 43.57634000 0.96078431 0.61960784 0.04313725
v 1.85194800 105.43730900 43.19908900 0.96078431 0.61960784 0.04313725
v 1.85194800 105.43730900 43.19908900 0.96078431 0.61960784 0.04313725
v 2.12254100 105.38874800 43.36809500 0.96078431 0.61960784 0.04313725
v 2.12254100 105.38874800 43.36809500 0.96078431 0.61960784 0.04313725
v 1.55682800 105.47386900 43.07420000 0.96078431 0.61960784 0.04313725
v 1.55682800 105.47386900 43.07420000 0.96078431 0.61960784 0.04313725
v -44.37641100 105.10813100 2.84127000 0.96078431 0.61960784 0.04313725
v -44.37641100 105.10813100 2.84127000 0.96078431 0.61960784 0.04313725
v -44.08672000 105.18757600 2.72411700 0.96078431 0.61960784 0.04313725
v -44.08672000 105.18757600 2.72411700 0.96078431 0.61960784 0.04313725
v -43.57634000 105.32972700 2.36109400 0.96078431 0.61960784 0.04313725
v -43.57634000 105.32972700 2.36109400 0.96078431 0.61960784 0.04313725
v -43.81815000 105.26199300 2.56340500 0.96078431 0.61960784 0.04313725
v -43.81815000 105.26199300 2.56340500 0.96078431 0.61960784 0.04313725
v -43.36809500 105.38874800 2.12254100 0.96078431 0.61960784 0.04313725
v -43.36809500 105.38874800 2.12254100 0.96078431 0.61960784 0.04313725
v -43.19908900 105.43730900 1.85194800 0.96078431 0.61960784 0.04313725
v -43.19908900 105.43730900 1.85194800 0.96078431 0.61960784 0.04313725
v -42.99781400 105.49704700 1.24391700 0.96078431 0.61960784 0.04313725
v -42.99781400 105.49704700 1.24391700 0.96078431 0.61960784 0.04313725
v -43.07420000 105.47386900 1.55682800 0.96078431 0.61960784 0.04313725
v -43.07420000 105.47386900 1.55682800 0.96078431 0.61960784 0.04313725
v -42.97180900 105.50618700 0.92221700 0.96078431 0.61960784 0.04313725
v -42.97180900 105.50618700 0.92221700 0.96078431 0.61960784 0.04313725
v -44.98840300 104.94287100 -2.93490600 0.96078431 0.61960784 0.04313725
v -44.98840300 104.94287100 -2.93490600 0.96078431 0.61960784 0.04313725
v -1.55682800 105.47386900 -43.07420000 0.96078431 0.61960784 0.04313725
v -1.55682800 105.47386900 -43.07420000 0.96078431 0.61960784 0.04313725
v -1.24391700 105.49704700 -42.99781400 0.96078431 0.61960784 0.04313725
v -1.24391700 105.49704700 -42.99781400 0.96078431 0.61960784 0.04313725
v -2.84127000 105.10813100 -44.37641100 0.96078431 0.61960784 0.04313725
v -2.84127000 105.10813100 -44.37641100 0.96078431 0.61960784 0.04313725
v -2.91172200 105.02604700 -44.67883700 0.96078431 0.61960784 0.04313725
v -2.91172200 105.02604700 -44.67883700 0.96078431 0.61960784 0.04313725
v 2.56244600 105.26232900 -43.81695600 0.96078431 0.61960784 0.04313725
v 2.56244600 105.26232900 -43.81695600 0.96078431 0.61960784 0.04313725
v 2.36068000 105.32987200 -43.57584000 0.96078431 0.61960784 0.04313725
v 2.36068000 105.32987200 -43.57584000 0.96078431 0.61960784 0.04313725
v 44.37641100 105.10813100 -2.84127000 0.96078431 0.61960784 0.04313725
v 44.37641100 105.10813100 -2.84127000 0.96078431 0.61960784 0.04313725
v 44.67883700 105.02604700 -2.91172200 0.96078431 0.61960784 0.04313725
v 44.67883700 105.02604700 -2.91172200 0.96078431 0.61960784 0.04313725
v 44.98840300 104.94287100 -2.93490600 0.96078431 0.61960784 0.04313725
v 44.98840300 104.94287100 -2.93490600 0.96078431 0.61960784 0.04313725
v 43.36809500 105.38874800 -2.12254100 0.96078431 0.61960784 0.04313725
v 43.36809500 105.38874800 -2.12254100 0.96078431 0.61960784 0.04313725
v 43.19908900 105.43730900 -1.85194800 0.96078431 0.61960784 0.04313725
v 43.19908900 105.43730900 -1.85194800 0.96078431 0.61960784 0.04313725
v 43.81815000 105.26199300 -2.56340500 0.96078431 0.61960784 0.04313725
v 43.81815000 105.26199300 -2.56340500 0.96078431 0.61960784 0.04313725
v 44.08672000 105.18757600 -2.72411700 0.96078431 0.61960784 0.04313725
v 44.08672000 105.18757600 -2.72411700 0.96078431 0.61960784 0.04313725
v 43.07420000 105.47386900 -1.55682800 0.96078431 0.61960784 0.04313725
v 43.07420000 105.47386900 -1.55682800 0.96078431 0.61960784 0.04313725
v 42.99781400 105.49704700 -1.24391700 0.96078431 0.61960784 0.04313725
v 42.99781400 105.49704700 -1.24391700 0.96078431 0.61960784 0.04313725
v 43.81695600 105.26232900 2.56244600 0.96078431 0.61960784 0.04313725
v 43.81695600 105.26232900 2.56244600 0.96078431 0.61960784 0.04313725
v 43.57584000 105.32987200 2.36068000 0.96078431 0.61960784 0.04313725
v 43.57584000 105.32987200 2.36068000 0.96078431 0.61960784 0.04313725
v 42.97180900 105.50618700 0.92221700 0.96078431 0.61960784 0.04313725
v 42.97180900 105.50618700 0.92221700 0.96078431 0.61960784 0.04313725
v 48.70355200 103.94950100 2.92556800 0.96078431 0.61960784 0.04313725
v 48.70355200 103.94950100 2.92556800 0.96078431 0.61960784 0.04313725
v 48.70355200 103.94950100 2.92556800 0.96078431 0.61960784 0.04313725
v 44.98840300 104.94287100 2.93490600 0.96078431 0.61960784 0.04313725
v 44.98840300 104.94287100 2.93490600 0.96078431 0.61960784 0.04313725
v 48.53285600 103.94950100 5.00913100 0.96078431 0.61960784 0.04313725
v 48.53285600 103.94950100 5.00913100 0.96078431 0.61960784 0.04313725
v 48.27533300 103.94950100 7.07463300 0.96078431 0.61960784 0.04313725
v 48.27533300 103.94950100 7.07463300 0.96078431 0.61960784 0.04313725
v 47.93098400 103.94950100 9.12207600 0.96078431 0.61960784 0.04313725
v 47.93098400 103.94950100 9.12207600 0.96078431 0.61960784 0.04313725
v 47.49981300 103.94950100 11.15146000 0.96078431 0.61960784 0.04313725
v 47.49981300 103.94950100 11.15146000 0.96078431 0.61960784 0.04313725
v 46.98181500 103.94950100 13.16278400 0.96078431 0.61960784 0.04313725
v 46.98181500 103.94950100 13.16278400 0.96078431 0.61960784 0.04313725
v 46.37699500 103.94950100 15.15604800 0.96078431 0.61960784 0.04313725
v 46.37699500 103.94950100 15.15604800 0.96078431 0.61960784 0.04313725
v 45.68661500 103.94950100 17.12680100 0.96078431 0.61960784 0.04313725
v 45.68661500 103.94950100 17.12680100 0.96078431 0.61960784 0.04313725
v 44.91659900 103.94950100 19.05427600 0.96078431 0.61960784 0.04313725
v 44.91659900 103.94950100 19.05427600 0.96078431 0.61960784 0.04313725
v 44.06328600 103.94950100 20.95132800 0.96078431 0.61960784 0.04313725
v 44.06328600 103.94950100 20.95132800 0.96078431 0.61960784 0.04313725
v 42.11560400 103.94950100 24.63447000 0.96078431 0.61960784 0.04313725
v 42.11560400 103.94950100 24.63447000 0.96078431 0.61960784 0.04313725
v 43.12666700 103.94950100 22.81795900 0.96078431 0.61960784 0.04313725
v 43.12666700 103.94950100 22.81795900 0.96078431 0.61960784 0.04313725
v 41.02820600 103.94950100 26.40508700 0.96078431 0.61960784 0.04313725
v 41.02820600 103.94950100 26.40508700 0.96078431 0.61960784 0.04313725
v 39.86277400 103.94950100 28.13355400 0.96078431 0.61960784 0.04313725
v 39.86277400 103.94950100 28.13355400 0.96078431 0.61960784 0.04313725
v 38.62457300 103.94950100 29.81164200 0.96078431 0.61960784 0.04313725
v 38.62457300 103.94950100 29.81164200 0.96078431 0.61960784 0.04313725
v 37.32106000 103.94950100 31.42764100 0.96078431 0.61960784 0.04313725
v 37.32106000 103.94950100 31.42764100 0.96078431 0.61960784 0.04313725
v 35.94643000 103.94950100 32.99065800 0.96078431 0.61960784 0.04313725
v 35.94643000 103.94950100 32.99065800 0.96078431 0.61960784 0.04313725
v 44.37504200 105.10850500 2.84085000 0.96078431 0.61960784 0.04313725
v 44.37504200 105.10850500 2.84085000 0.96078431 0.61960784 0.04313725
v 44.08625800 105.18769800 2.72387200 0.96078431 0.61960784 0.04313725
v 44.08625800 105.18769800 2.72387200 0.96078431 0.61960784 0.04313725
v 44.67846700 105.02615400 2.91152700 0.96078431 0.61960784 0.04313725
v 44.67846700 105.02615400 2.91152700 0.96078431 0.61960784 0.04313725
v 43.36725600 105.38899200 2.12111700 0.96078431 0.61960784 0.04313725
v 43.36725600 105.38899200 2.12111700 0.96078431 0.61960784 0.04313725
v 43.19854000 105.43746200 1.85118800 0.96078431 0.61960784 0.04313725
v 43.19854000 105.43746200 1.85118800 0.96078431 0.61960784 0.04313725
v 43.07389500 105.47396100 1.55522700 0.96078431 0.61960784 0.04313725
v 43.07389500 105.47396100 1.55522700 0.96078431 0.61960784 0.04313725
v 42.99744000 105.49716200 1.24286500 0.96078431 0.61960784 0.04313725
v 42.99744000 105.49716200 1.24286500 0.96078431 0.61960784 0.04313725
v 42.97180900 105.50618700 -0.92221700 0.96078431 0.61960784 0.04313725
v 42.97180900 105.50618700 -0.92221700 0.96078431 0.61960784 0.04313725
v 43.57634000 105.32972700 -2.36109400 0.96078431 0.61960784 0.04313725
v 43.57634000 105.32972700 -2.36109400 0.96078431 0.61960784 0.04313725
v 2.93490600 104.94287100 -44.98840300 0.96078431 0.61960784 0.04313725
v 2.93490600 104.94287100 -44.98840300 0.96078431 0.61960784 0.04313725
v 0.92221700 105.50618700 -42.97180900 0.96078431 0.61960784 0.04313725
v 0.92221700 105.50618700 -42.97180900 0.96078431 0.61960784 0.04313725
v -2.56340500 105.26199300 -43.81815000 0.96078431 0.61960784 0.04313725
v -2.56340500 105.26199300 -43.81815000 0.96078431 0.61960784 0.04313725
v -2.72411700 105.18757600 -44.08672000 0.96078431 0.61960784 0.04313725
v -2.72411700 105.18757600 -44.08672000 0.96078431 0.61960784 0.04313725
v -1.85194800 105.43730900 -43.19908900 0.96078431 0.61960784 0.04313725
v -1.85194800 105.43730900 -43.19908900 0.96078431 0.61960784 0.04313725
v -2.12254100 105.38874800 -43.36809500 0.96078431 0.61960784 0.04313725
v -2.12254100 105.38874800 -43.36809500 0.96078431 0.61960784 0.04313725
v -2.93490600 104.94287100 -44.98840300 0.96078431 0.61960784 0.04313725
v -2.93490600 104.94287100 -44.98840300 0.96078431 0.61960784 0.04313725
v 2.84085000 105.10850500 -44.37504200 0.96078431 0.61960784 0.04313725
v 2.84085000 105.10850500 -44.37504200 0.96078431 0.61960784 0.04313725
v 2.72387200 105.18769800 -44.08625800 0.96078431 0.61960784 0.04313725
v 2.72387200 105.18769800 -44.08625800 0.96078431 0.61960784 0.04313725
v 2.91152700 105.02615400 -44.67846700 0.96078431 0.61960784 0.04313725
v 2.91152700 105.02615400 -44.67846700 0.96078431 0.61960784 0.04313725
v 2.12111700 105.38899200 -43.36725600 0.96078431 0.61960784 0.04313725
v 2.12111700 105.38899200 -43.36725600 0.96078431 0.61960784 0.04313725
v 1.85118800 105.43746200 -43.19854000 0.96078431 0.61960784 0.04313725
v 1.85118800 105.43746200 -43.19854000 0.96078431 0.61960784 0.04313725
v 1.55522700 105.47396100 -43.07389500 0.96078431 0.61960784 0.04313725
v 1.55522700 105.47396100 -43.07389500 0.96078431 0.61960784 0.04313725
v 1.24286500 105.49716200 -42.99744000 0.96078431 0.61960784 0.04313725
v 1.24286500 105.49716200 -42.99744000 0.96078431 0.61960784 0.04313725
v -0.92221700 105.50618700 -42.97180900 0.96078431 0.61960784 0.04313725
v -0.92221700 105.50618700 -42.97180900 0.96078431 0.61960784 0.04313725
v -2.36109400 105.32972700 -43.57634000 0.96078431 0.61960784 0.04313725
v -2.36109400 105.32972700 -43.57634000 0.96078431 0.61960784 0.04313725
v -44.37504200 105.10850500 -2.84085000 0.96078431 0.61960784 0.04313725
v -44.37504200 105.10850500 -2.84085000 0.96078431 0.61960784 0.04313725
v -44.08625800 105.18769800 -2.72387200 0.96078431 0.61960784 0.04313725
v -44.08625800 105.18769800 -2.72387200 0.96078431 0.61960784 0.04313725
v -44.67846700 105.02615400 -2.91152700 0.96078431 0.61960784 0.04313725
v -44.67846700 105.02615400 -2.91152700 0.96078431 0.61960784 0.04313725
v -43.81695600 105.26232900 -2.56244600 0.96078431 0.61960784 0.04313725
v -43.81695600 105.26232900 -2.56244600 0.96078431 0.61960784 0.04313725
v -43.36725600 105.38899200 -2.12111700 0.96078431 0.61960784 0.04313725
v -43.36725600 105.38899200 -2.12111700 0.96078431 0.61960784 0.04313725
v -43.57584000 105.32987200 -2.36068000 0.96078431 0.61960784 0.04313725
v -43.57584000 105.32987200 -2.36068000 0.96078431 0.61960784 0.04313725
v -43.07389500 105.47396100 -1.55522700 0.96078431 0.61960784 0.04313725
v -43.07389500 105.47396100 -1.55522700 0.96078431 0.61960784 0.04313725
v -43.19854000 105.43746200 -1.85118800 0.96078431 0.61960784 0.04313725
v -43.19854000 105.43746200 -1.85118800 0.96078431 0.61960784 0.04313725
v -42.99744000 105.49716200 -1.24286500 0.96078431 0.61960784 0.04313725
v -42.99744000 105.49716200 -1.24286500 0.96078431 0.61960784 0.04313725
v 23.72993700 103.06546000 43.47866100 0.96078431 0.61960784 0.04313725
v 23.72993700 103.06546000 43.47866100 0.96078431 0.61960784 0.04313725
v 25.59899100 103.21689600 42.37626300 0.96078431 0.61960784 0.04313725
v 21.79848500 103.06546000 44.47776800 0.96078431 0.61960784 0.04313725
v 21.79848500 103.06546000 44.47776800 0.96078431 0.61960784 0.04313725
v 5.12718200 103.06546000 49.26602600 0.96078431 0.61960784 0.04313725
v 5.12718200 103.06546000 49.26602600 0.96078431 0.61960784 0.04313725
v 7.28973000 103.06546000 48.99310300 0.96078431 0.61960784 0.04313725
v 7.28973000 103.06546000 48.99310300 0.96078431 0.61960784 0.04313725
v 2.94361500 103.21668200 49.42059700 0.96078431 0.61960784 0.04313725
v 2.94361500 103.21668200 49.42059700 0.96078431 0.61960784 0.04313725
v 2.94368400 103.06546000 49.44559500 0.96078431 0.61960784 0.04313725
v 2.94368400 103.06546000 49.44559500 0.96078431 0.61960784 0.04313725
v 2.94368400 103.06546000 49.44559500 0.96078431 0.61960784 0.04313725
v 11.56014800 103.06546000 48.16467300 0.96078431 0.61960784 0.04313725
v 11.56014800 103.06546000 48.16467300 0.96078431 0.61960784 0.04313725
v 10.84194100 103.21689600 48.30640000 0.96078431 0.61960784 0.04313725
v 9.43132500 103.06546000 48.62683500 0.96078431 0.61960784 0.04313725
v 9.43132500 103.06546000 48.62683500 0.96078431 0.61960784 0.04313725
v 13.67456300 103.06546000 47.60713200 0.96078431 0.61960784 0.04313725
v 13.67456300 103.06546000 47.60713200 0.96078431 0.61960784 0.04313725
v 15.75330500 103.06546000 46.96081500 0.96078431 0.61960784 0.04313725
v 15.75330500 103.06546000 46.96081500 0.96078431 0.61960784 0.04313725
v 17.79637300 103.06546000 46.22572700 0.96078431 0.61960784 0.04313725
v 17.79637300 103.06546000 46.22572700 0.96078431 0.61960784 0.04313725
v 18.46014800 103.21689600 45.93777500 0.96078431 0.61960784 0.04313725
v 10.83148400 103.36276200 48.25981100 0.96078431 0.61960784 0.04313725
v 2.94285200 103.36238100 49.37285200 0.96078431 0.61960784 0.04313725
v 2.94285200 103.36238100 49.37285200 0.96078431 0.61960784 0.04313725
v 19.81756600 103.06546000 45.39498500 0.96078431 0.61960784 0.04313725
v 19.81756600 103.06546000 45.39498500 0.96078431 0.61960784 0.04313725
v 27.46111700 103.06546000 41.22276300 0.96078431 0.61960784 0.04313725
v 27.46111700 103.06546000 41.22276300 0.96078431 0.61960784 0.04313725
v 25.61191900 103.06546000 42.39766300 0.96078431 0.61960784 0.04313725
v 25.61191900 103.06546000 42.39766300 0.96078431 0.61960784 0.04313725
v 34.25506600 103.06546000 35.77740900 0.96078431 0.61960784 0.04313725
v 34.25506600 103.06546000 35.77740900 0.96078431 0.61960784 0.04313725
v 32.07309700 103.21689600 37.71435200 0.96078431 0.61960784 0.04313725
v 32.64288700 103.06546000 37.25473000 0.96078431 0.61960784 0.04313725
v 32.64288700 103.06546000 37.25473000 0.96078431 0.61960784 0.04313725
v 35.79436500 103.06546000 34.23811000 0.96078431 0.61960784 0.04313725
v 35.79436500 103.06546000 34.23811000 0.96078431 0.61960784 0.04313725
v 10.81629000 103.49966400 48.19211600 0.96078431 0.61960784 0.04313725
v 2.94140600 103.49968000 49.30326800 0.96078431 0.61960784 0.04313725
v 2.94140600 103.49968000 49.30326800 0.96078431 0.61960784 0.04313725
v 25.57430500 103.36276200 42.33539200 0.96078431 0.61960784 0.04313725
v 25.53842900 103.49966400 42.27600500 0.96078431 0.61960784 0.04313725
v 18.41647300 103.49966400 45.82909000 0.96078431 0.61960784 0.04313725
v 37.27860600 103.89858200 31.70253400 0.96078431 0.61960784 0.04313725
v 31.70253400 103.89858200 37.27860600 0.96078431 0.61960784 0.04313725
v 25.37321700 103.82623300 42.00251800 0.96078431 0.61960784 0.04313725
v 25.43670100 103.73413100 42.10760900 0.96078431 0.61960784 0.04313725
v 31.86976400 103.73413100 37.47525400 0.96078431 0.61960784 0.04313725
v 43.48783500 103.06546000 23.71154200 0.96078431 0.61960784 0.04313725
v 43.48783500 103.06546000 23.71154200 0.96078431 0.61960784 0.04313725
v 44.48923900 103.06546000 21.77549400 0.96078431 0.61960784 0.04313725
v 44.48923900 103.06546000 21.77549400 0.96078431 0.61960784 0.04313725
v 42.37626300 103.21689600 25.59899100 0.96078431 0.61960784 0.04313725
v 42.00251800 103.82623300 25.37321700 0.96078431 0.61960784 0.04313725
v 37.38172100 103.82623300 31.79022400 0.96078431 0.61960784 0.04313725
v 25.49220300 103.62442800 42.19948600 0.96078431 0.61960784 0.04313725
v 18.38313900 103.62442800 45.74614000 0.96078431 0.61960784 0.04313725
v 31.99721900 103.49966400 37.62512600 0.96078431 0.61960784 0.04313725
v 37.71435200 103.21689600 32.07309700 0.96078431 0.61960784 0.04313725
v 45.40186700 103.06546000 19.80377000 0.96078431 0.61960784 0.04313725
v 45.40186700 103.06546000 19.80377000 0.96078431 0.61960784 0.04313725
v 45.93777500 103.21689600 18.46014800 0.96078431 0.61960784 0.04313725
v 46.96793400 103.06546000 15.73040500 0.96078431 0.61960784 0.04313725
v 46.96793400 103.06546000 15.73040500 0.96078431 0.61960784 0.04313725
v 46.22827100 103.06546000 17.78819500 0.96078431 0.61960784 0.04313725
v 46.22827100 103.06546000 17.78819500 0.96078431 0.61960784 0.04313725
v 39.99000200 103.06546000 29.22748200 0.96078431 0.61960784 0.04313725
v 39.99000200 103.06546000 29.22748200 0.96078431 0.61960784 0.04313725
v 42.27600500 103.49966400 25.53842900 0.96078431 0.61960784 0.04313725
v 45.82909000 103.49966400 18.41647300 0.96078431 0.61960784 0.04313725
v 42.19948600 103.62442800 25.49220300 0.96078431 0.61960784 0.04313725
v 49.42041800 103.21703300 2.94361200 0.96078431 0.61960784 0.04313725
v 49.42041800 103.21703300 2.94361200 0.96078431 0.61960784 0.04313725
v 48.25981100 103.36276200 10.83148400 0.96078431 0.61960784 0.04313725
v 48.30640000 103.21689600 10.84194100 0.96078431 0.61960784 0.04313725
v 47.61425000 103.06546000 13.65166300 0.96078431 0.61960784 0.04313725
v 47.61425000 103.06546000 13.65166300 0.96078431 0.61960784 0.04313725
v 45.89347100 103.36276200 18.44234300 0.96078431 0.61960784 0.04313725
v 31.79022400 103.82623300 37.38172100 0.96078431 0.61960784 0.04313725
v 49.37256600 103.36321300 2.94284800 0.96078431 0.61960784 0.04313725
v 49.37256600 103.36321300 2.94284800 0.96078431 0.61960784 0.04313725
v 48.16721700 103.06546000 11.55197000 0.96078431 0.61960784 0.04313725
v 48.16721700 103.06546000 11.55197000 0.96078431 0.61960784 0.04313725
v 48.62683500 103.06546000 9.43132500 0.96078431 0.61960784 0.04313725
v 48.62683500 103.06546000 9.43132500 0.96078431 0.61960784 0.04313725
v 48.99310300 103.06546000 7.28973000 0.96078431 0.61960784 0.04313725
v 48.99310300 103.06546000 7.28973000 0.96078431 0.61960784 0.04313725
v 49.26602600 103.06546000 5.12718200 0.96078431 0.61960784 0.04313725
v 49.26602600 103.06546000 5.12718200 0.96078431 0.61960784 0.04313725
v 49.44559500 103.06546000 2.94368300 0.96078431 0.61960784 0.04313725
v 49.44559500 103.06546000 2.94368300 0.96078431 0.61960784 0.04313725
v 49.44559500 103.06546000 2.94368300 0.96078431 0.61960784 0.04313725
v 41.88665400 103.89858200 25.30322600 0.96078431 0.61960784 0.04313725
v 45.53261600 103.82623300 18.29733500 0.96078431 0.61960784 0.04313725
v 45.40701700 103.89858200 18.24686200 0.96078431 0.61960784 0.04313725
v 37.47525400 103.73413100 31.86976400 0.96078431 0.61960784 0.04313725
v 47.74828000 103.89858200 10.71667500 0.96078431 0.61960784 0.04313725
v 48.84794200 103.89875800 2.92965600 0.96078431 0.61960784 0.04313725
v 48.84794200 103.89875800 2.92965600 0.96078431 0.61960784 0.04313725
v 42.10760900 103.73413100 25.43670100 0.96078431 0.61960784 0.04313725
v 31.93930200 103.62442800 37.55702200 0.96078431 0.61960784 0.04313725
v 10.79671200 103.62442800 48.10488500 0.96078431 0.61960784 0.04313725
v 32.04216800 103.36276200 37.67797900 0.96078431 0.61960784 0.04313725
v 18.29733500 103.82623300 45.53261600 0.96078431 0.61960784 0.04313725
v 18.34311500 103.73413100 45.64654200 0.96078431 0.61960784 0.04313725
v 25.30322600 103.89858200 41.88665400 0.96078431 0.61960784 0.04313725
v 29.24833300 103.06546000 39.97498700 0.96078431 0.61960784 0.04313725
v 29.24833300 103.06546000 39.97498700 0.96078431 0.61960784 0.04313725
v 38.66333400 103.06546000 30.96106000 0.96078431 0.61960784 0.04313725
v 38.66333400 103.06546000 30.96106000 0.96078431 0.61960784 0.04313725
v 41.23477600 103.06546000 27.44443500 0.96078431 0.61960784 0.04313725
v 41.23477600 103.06546000 27.44443500 0.96078431 0.61960784 0.04313725
v 2.93931700 103.62427500 49.21398500 0.96078431 0.61960784 0.04313725
v 2.93931700 103.62427500 49.21398500 0.96078431 0.61960784 0.04313725
v 18.24686200 103.89858200 45.40701700 0.96078431 0.61960784 0.04313725
v 18.44234300 103.36276200 45.89347100 0.96078431 0.61960784 0.04313725
v 10.77320600 103.73413100 48.00015300 0.96078431 0.61960784 0.04313725
v 2.93338100 103.82619500 48.98377600 0.96078431 0.61960784 0.04313725
v 2.93338100 103.82619500 48.98377600 0.96078431 0.61960784 0.04313725
v 2.93661500 103.73416900 49.10636900 0.96078431 0.61960784 0.04313725
v 2.93661500 103.73416900 49.10636900 0.96078431 0.61960784 0.04313725
v 10.71667500 103.89858200 47.74828000 0.96078431 0.61960784 0.04313725
v 10.74631800 103.82623300 47.88035200 0.96078431 0.61960784 0.04313725
v 2.92966400 103.89852900 48.84824400 0.96078431 0.61960784 0.04313725
v 2.92966400 103.89852900 48.84824400 0.96078431 0.61960784 0.04313725
v 30.97357000 103.06546000 38.65432700 0.96078431 0.61960784 0.04313725
v 30.97357000 103.06546000 38.65432700 0.96078431 0.61960784 0.04313725
v 37.26078800 103.06546000 32.63682900 0.96078431 0.61960784 0.04313725
v 37.26078800 103.06546000 32.63682900 0.96078431 0.61960784 0.04313725
v 42.39766300 103.06546000 25.61191900 0.96078431 0.61960784 0.04313725
v 42.39766300 103.06546000 25.61191900 0.96078431 0.61960784 0.04313725
v 37.62512600 103.49966400 31.99721900 0.96078431 0.61960784 0.04313725
v 37.67797900 103.36276200 32.04216800 0.96078431 0.61960784 0.04313725
v 37.55702200 103.62442800 31.93930200 0.96078431 0.61960784 0.04313725
v 42.33539200 103.36276200 25.57430500 0.96078431 0.61960784 0.04313725
v 45.74614000 103.62442800 18.38313900 0.96078431 0.61960784 0.04313725
v 45.64654200 103.73413100 18.34311500 0.96078431 0.61960784 0.04313725
v 47.88035200 103.82623300 10.74631800 0.96078431 0.61960784 0.04313725
v 48.19211600 103.49966400 10.81629000 0.96078431 0.61960784 0.04313725
v 48.10488500 103.62442800 10.79671200 0.96078431 0.61960784 0.04313725
v 48.00015300 103.73413100 10.77320600 0.96078431 0.61960784 0.04313725
v 49.30306200 103.49997700 2.94140100 0.96078431 0.61960784 0.04313725
v 49.30306200 103.49997700 2.94140100 0.96078431 0.61960784 0.04313725
v 49.21339400 103.62498500 2.93930300 0.96078431 0.61960784 0.04313725
v 49.21339400 103.62498500 2.93930300 0.96078431 0.61960784 0.04313725
v 49.10611700 103.73442100 2.93660800 0.96078431 0.61960784 0.04313725
v 49.10611700 103.73442100 2.93660800 0.96078431 0.61960784 0.04313725
v 48.98301300 103.82661400 2.93336000 0.96078431 0.61960784 0.04313725
v 48.98301300 103.82661400 2.93336000 0.96078431 0.61960784 0.04313725
v 2.48581500 51.37099100 53.99865300 0.96078431 0.61960784 0.04313725
v 2.48581500 51.37099100 53.99865300 0.96078431 0.61960784 0.04313725
v 53.99865300 51.37099100 2.48581500 0.96078431 0.61960784 0.04313725
v 53.99865300 51.37099100 2.48581500 0.96078431 0.61960784 0.04313725
v 2.42345000 104.46140300 44.85849400 0.96078431 0.61960784 0.04313725
v 2.42345000 104.46140300 44.85849400 0.96078431 0.61960784 0.04313725
v 2.42345000 104.46140300 44.85849400 0.96078431 0.61960784 0.04313725
v 2.42345000 104.46140300 44.85849400 0.96078431 0.61960784 0.04313725
v 2.41478100 103.46803300 48.57360100 0.96078431 0.61960784 0.04313725
v 2.41478100 103.46803300 48.57360100 0.96078431 0.61960784 0.04313725
v 2.41478100 103.46803300 48.57360100 0.96078431 0.61960784 0.04313725
v 1.95996500 51.35126500 53.49636100 0.96078431 0.61960784 0.04313725
v 1.95996500 51.35126500 53.49636100 0.96078431 0.61960784 0.04313725
v 2.41281800 103.24311800 48.87405000 0.96078431 0.61960784 0.04313725
v 2.41281800 103.24311800 48.87405000 0.96078431 0.61960784 0.04313725
v 2.41092300 103.02600900 48.94539600 0.96078431 0.61960784 0.04313725
v 2.41092300 103.02600900 48.94539600 0.96078431 0.61960784 0.04313725
v 2.41092300 103.02600900 48.94539600 0.96078431 0.61960784 0.04313725
v 2.41221900 103.17446900 48.90892000 0.96078431 0.61960784 0.04313725
v 2.41221900 103.17446900 48.90892000 0.96078431 0.61960784 0.04313725
v 2.41158300 103.10162400 48.93285400 0.96078431 0.61960784 0.04313725
v 2.41158300 103.10162400 48.93285400 0.96078431 0.61960784 0.04313725
v 2.41336200 103.30542000 48.82931500 0.96078431 0.61960784 0.04313725
v 2.41336200 103.30542000 48.82931500 0.96078431 0.61960784 0.04313725
v 2.41384100 103.36036700 48.77539800 0.96078431 0.61960784 0.04313725
v 2.41384100 103.36036700 48.77539800 0.96078431 0.61960784 0.04313725
v 2.41424300 103.40638000 48.71398200 0.96078431 0.61960784 0.04313725
v 2.41424300 103.40638000 48.71398200 0.96078431 0.61960784 0.04313725
v 2.41455900 103.44254300 48.64608400 0.96078431 0.61960784 0.04313725
v 2.41455900 103.44254300 48.64608400 0.96078431 0.61960784 0.04313725
v 0.91942400 105.02471900 43.34463500 0.96078431 0.61960784 0.04313725
v 0.91942400 105.02471900 43.34463500 0.96078431 0.61960784 0.04313725
v 0.91942400 105.02471900 43.34463500 0.96078431 0.61960784 0.04313725
v 0.91942400 105.02471900 43.34463500 0.96078431 0.61960784 0.04313725
v -0.91942400 105.02471900 43.34463500 0.96078431 0.61960784 0.04313725
v -0.91942400 105.02471900 43.34463500 0.96078431 0.61960784 0.04313725
v -0.91942400 105.02471900 43.34463500 0.96078431 0.61960784 0.04313725
v -0.91942400 105.02471900 43.34463500 0.96078431 0.61960784 0.04313725
v -2.41092300 103.02600900 48.94539600 0.96078431 0.61960784 0.04313725
v -2.41092300 103.02600900 48.94539600 0.96078431 0.61960784 0.04313725
v -2.41092300 103.02600900 48.94539600 0.96078431 0.61960784 0.04313725
v -2.41222300 103.17488900 48.90877900 0.96078431 0.61960784 0.04313725
v -2.41222300 103.17488900 48.90877900 0.96078431 0.61960784 0.04313725
v -2.41158500 103.10179900 48.93276600 0.96078431 0.61960784 0.04313725
v -2.41158500 103.10179900 48.93276600 0.96078431 0.61960784 0.04313725
v -2.41384300 103.36048900 48.77527200 0.96078431 0.61960784 0.04313725
v -2.41384300 103.36048900 48.77527200 0.96078431 0.61960784 0.04313725
v -2.41336500 103.30577100 48.82901800 0.96078431 0.61960784 0.04313725
v -2.41336500 103.30577100 48.82901800 0.96078431 0.61960784 0.04313725
v -1.95996500 51.35126500 53.49636100 0.96078431 0.61960784 0.04313725
v -1.95996500 51.35126500 53.49636100 0.96078431 0.61960784 0.04313725
v -2.41282000 103.24326300 48.87394700 0.96078431 0.61960784 0.04313725
v -2.41282000 103.24326300 48.87394700 0.96078431 0.61960784 0.04313725
v -2.41456000 103.44265700 48.64593100 0.96078431 0.61960784 0.04313725
v -2.41456000 103.44265700 48.64593100 0.96078431 0.61960784 0.04313725
v -2.41424500 103.40658600 48.71359600 0.96078431 0.61960784 0.04313725
v -2.41424500 103.40658600 48.71359600 0.96078431 0.61960784 0.04313725
v -2.41478100 103.46803300 48.57360100 0.96078431 0.61960784 0.04313725
v -2.41478100 103.46803300 48.57360100 0.96078431 0.61960784 0.04313725
v -2.41478100 103.46803300 48.57360100 0.96078431 0.61960784 0.04313725
v -2.42345000 104.46140300 44.85849400 0.96078431 0.61960784 0.04313725
v -2.42345000 104.46140300 44.85849400 0.96078431 0.61960784 0.04313725
v -2.42345000 104.46140300 44.85849400 0.96078431 0.61960784 0.04313725
v -2.42345000 104.46140300 44.85849400 0.96078431 0.61960784 0.04313725
v 1.15995600 105.01622000 43.36417000 0.96078431 0.61960784 0.04313725
v 1.15995600 105.01622000 43.36417000 0.96078431 0.61960784 0.04313725
v 1.81674800 104.90902700 43.64218500 0.96078431 0.61960784 0.04313725
v 1.81674800 104.90902700 43.64218500 0.96078431 0.61960784 0.04313725
v 1.61449800 104.95736700 43.51529700 0.96078431 0.61960784 0.04313725
v 1.61449800 104.95736700 43.51529700 0.96078431 0.61960784 0.04313725
v 1.39389000 104.99355300 43.42152800 0.96078431 0.61960784 0.04313725
v 1.39389000 104.99355300 43.42152800 0.96078431 0.61960784 0.04313725
v 2.26624000 104.70760300 44.18166400 0.96078431 0.61960784 0.04313725
v 2.26624000 104.70760300 44.18166400 0.96078431 0.61960784 0.04313725
v 2.14619000 104.78224900 43.98004900 0.96078431 0.61960784 0.04313725
v 2.14619000 104.78224900 43.98004900 0.96078431 0.61960784 0.04313725
v 1.99502500 104.85007500 43.79851900 0.96078431 0.61960784 0.04313725
v 1.99502500 104.85007500 43.79851900 0.96078431 0.61960784 0.04313725
v 2.35371100 104.62778500 44.39912400 0.96078431 0.61960784 0.04313725
v 2.35371100 104.62778500 44.39912400 0.96078431 0.61960784 0.04313725
v 2.40625500 104.54520400 44.62612900 0.96078431 0.61960784 0.04313725
v 2.40625500 104.54520400 44.62612900 0.96078431 0.61960784 0.04313725
v -2.40611000 104.54530300 44.62585100 0.96078431 0.61960784 0.04313725
v -2.40611000 104.54530300 44.62585100 0.96078431 0.61960784 0.04313725
v -2.14547300 104.78258500 43.97915300 0.96078431 0.61960784 0.04313725
v -2.14547300 104.78258500 43.97915300 0.96078431 0.61960784 0.04313725
v -2.26605700 104.70773300 44.18131600 0.96078431 0.61960784 0.04313725
v -2.26605700 104.70773300 44.18131600 0.96078431 0.61960784 0.04313725
v -2.35339800 104.62815900 44.39809400 0.96078431 0.61960784 0.04313725
v -2.35339800 104.62815900 44.39809400 0.96078431 0.61960784 0.04313725
v -1.61393000 104.95752000 43.51488500 0.96078431 0.61960784 0.04313725
v -1.61393000 104.95752000 43.51488500 0.96078431 0.61960784 0.04313725
v -1.81568300 104.90926400 43.64155600 0.96078431 0.61960784 0.04313725
v -1.81568300 104.90926400 43.64155600 0.96078431 0.61960784 0.04313725
v -1.99471500 104.85022000 43.79814500 0.96078431 0.61960784 0.04313725
v -1.99471500 104.85022000 43.79814500 0.96078431 0.61960784 0.04313725
v -1.39269300 104.99364500 43.42129900 0.96078431 0.61960784 0.04313725
v -1.39269300 104.99364500 43.42129900 0.96078431 0.61960784 0.04313725
v -1.15917000 105.01633500 43.36388800 0.96078431 0.61960784 0.04313725
v -1.15917000 105.01633500 43.36388800 0.96078431 0.61960784 0.04313725
v 2.40467800 51.37125400 53.99576600 0.96078431 0.61960784 0.04313725
v 2.78138500 103.06538400 49.42864600 0.96078431 0.61960784 0.04313725
v 2.32505300 51.37055600 53.97992700 0.96078431 0.61960784 0.04313725
v 2.43751500 103.03991700 49.10579300 0.96078431 0.61960784 0.04313725
v 2.01793200 51.35138700 53.73159800 0.96078431 0.61960784 0.04313725
v 2.47001400 103.04623400 49.18066000 0.96078431 0.61960784 0.04313725
v 2.47001400 103.04623400 49.18066000 0.96078431 0.61960784 0.04313725
v 2.86184600 103.06601000 49.44370700 0.96078431 0.61960784 0.04313725
v 2.86184600 103.06601000 49.44370700 0.96078431 0.61960784 0.04313725
v 2.24902500 51.36872100 53.95150400 0.96078431 0.61960784 0.04313725
v 2.63303500 103.06069900 49.36084000 0.96078431 0.61960784 0.04313725
v 2.63303500 103.06069900 49.36084000 0.96078431 0.61960784 0.04313725
v 2.17855300 51.36579900 53.91129700 0.96078431 0.61960784 0.04313725
v 2.06147800 51.35701800 53.79988900 0.96078431 0.61960784 0.04313725
v 2.51424400 103.05190300 49.24931000 0.96078431 0.61960784 0.04313725
v 2.11550100 51.36186200 53.86030200 0.96078431 0.61960784 0.04313725
v 2.56908200 103.05676300 49.30989100 0.96078431 0.61960784 0.04313725
v 2.56908200 103.05676300 49.30989100 0.96078431 0.61960784 0.04313725
v 1.96641900 51.33838700 53.57872400 0.96078431 0.61960784 0.04313725
v 1.98595100 51.34512700 53.65723800 0.96078431 0.61960784 0.04313725
v 2.41766200 103.03311900 49.02666900 0.96078431 0.61960784 0.04313725
v 2.41766200 103.03311900 49.02666900 0.96078431 0.61960784 0.04313725
v 2.70444200 103.06359100 49.40076100 0.96078431 0.61960784 0.04313725
v 2.70444200 103.06359100 49.40076100 0.96078431 0.61960784 0.04313725
v 2.56763000 103.76946300 48.79019900 0.96078431 0.61960784 0.04313725
v 2.56638200 103.81152300 48.66581700 0.96078431 0.61960784 0.04313725
v 2.56638200 103.81152300 48.66581700 0.96078431 0.61960784 0.04313725
v 2.51418400 103.75390600 48.65028400 0.96078431 0.61960784 0.04313725
v 2.70001200 103.78537000 48.95652400 0.96078431 0.61960784 0.04313725
v 2.62911700 103.81584900 48.81080200 0.96078431 0.61960784 0.04313725
v 2.63068600 103.75156400 48.93465000 0.96078431 0.61960784 0.04313725
v 2.69786800 103.85273000 48.82725500 0.96078431 0.61960784 0.04313725
v 2.62729200 103.86051900 48.67906200 0.96078431 0.61960784 0.04313725
v 2.62729200 103.86051900 48.67906200 0.96078431 0.61960784 0.04313725
v 2.77212800 103.87921900 48.83916900 0.96078431 0.61960784 0.04313725
v 2.69543400 103.89963500 48.68968200 0.96078431 0.61960784 0.04313725
v 2.69543400 103.89963500 48.68968200 0.96078431 0.61960784 0.04313725
v 2.84644400 103.94468700 48.70208000 0.96078431 0.61960784 0.04313725
v 2.84644400 103.94468700 48.70208000 0.96078431 0.61960784 0.04313725
v 2.76908800 103.92794000 48.69742200 0.96078431 0.61960784 0.04313725
v 2.76908800 103.92794000 48.69742200 0.96078431 0.61960784 0.04313725
v 2.85005000 103.89459200 48.84621400 0.96078431 0.61960784 0.04313725
v 2.41911100 103.20555100 48.98395900 0.96078431 0.61960784 0.04313725
v 2.43900500 103.23570300 49.05703000 0.96078431 0.61960784 0.04313725
v 2.41976300 103.28515600 48.94323300 0.96078431 0.61960784 0.04313725
v 2.51491700 103.71476000 48.76598400 0.96078431 0.61960784 0.04313725
v 2.47203400 103.68905600 48.63284700 0.96078431 0.61960784 0.04313725
v 2.47203400 103.68905600 48.63284700 0.96078431 0.61960784 0.04313725
v 2.47234300 103.65309100 48.73874700 0.96078431 0.61960784 0.04313725
v 2.44093400 103.58603700 48.70918700 0.96078431 0.61960784 0.04313725
v 2.44093600 103.61862200 48.61393700 0.96078431 0.61960784 0.04313725
v 2.42170900 103.54432700 48.59402100 0.96078431 0.61960784 0.04313725
v 2.42170900 103.54432700 48.59402100 0.96078431 0.61960784 0.04313725
v 2.42152700 103.51525900 48.67803600 0.96078431 0.61960784 0.04313725
v 2.42123400 103.47375500 48.75685900 0.96078431 0.61960784 0.04313725
v 2.42034100 103.35727700 48.89106000 0.96078431 0.61960784 0.04313725
v 2.47247200 103.53502700 48.92862700 0.96078431 0.61960784 0.04313725
v 2.51579200 103.58599100 48.97354100 0.96078431 0.61960784 0.04313725
v 2.47249200 103.60137900 48.83828400 0.96078431 0.61960784 0.04313725
v 2.42083600 103.42074600 48.82827000 0.96078431 0.61960784 0.04313725
v 2.41840600 103.12097900 49.01195500 0.96078431 0.61960784 0.04313725
v 2.43829700 103.13970200 49.08897400 0.96078431 0.61960784 0.04313725
v 2.51545900 103.65838600 48.87476700 0.96078431 0.61960784 0.04313725
v 2.56865400 103.70887000 48.90715800 0.96078431 0.61960784 0.04313725
v 2.70321200 103.59531400 49.17709400 0.96078431 0.61960784 0.04313725
v 2.77904000 103.61313600 49.19908100 0.96078431 0.61960784 0.04313725
v 2.70180300 103.69900500 49.07382200 0.96078431 0.61960784 0.04313725
v 2.86136400 103.36216700 49.37062100 0.96078431 0.61960784 0.04313725
v 2.86019000 103.49892400 49.30086500 0.96078431 0.61960784 0.04313725
v 2.85843100 103.62286400 49.21147200 0.96078431 0.61960784 0.04313725
v 2.86191900 103.21689600 49.41854900 0.96078431 0.61960784 0.04313725
v 2.78042200 103.49139400 49.28735000 0.96078431 0.61960784 0.04313725
v 2.47143300 103.26413000 49.12620500 0.96078431 0.61960784 0.04313725
v 2.47078700 103.15731000 49.16186500 0.96078431 0.61960784 0.04313725
v 2.44079800 103.53931400 48.79864900 0.96078431 0.61960784 0.04313725
v 2.63195100 103.66905200 49.04708100 0.96078431 0.61960784 0.04313725
v 2.77484500 103.80945600 48.97225200 0.96078431 0.61960784 0.04313725
v 2.85330300 103.82316600 48.98140300 0.96078431 0.61960784 0.04313725
v 2.56942300 103.63104200 49.01335900 0.96078431 0.61960784 0.04313725
v 2.44053000 103.47947700 48.87979100 0.96078431 0.61960784 0.04313725
v 2.78128700 103.35691800 49.35628900 0.96078431 0.61960784 0.04313725
v 2.70419500 103.47725700 49.26302000 0.96078431 0.61960784 0.04313725
v 2.70473500 103.34674800 49.33018100 0.96078431 0.61960784 0.04313725
v 2.77716100 103.72018400 49.09291800 0.96078431 0.61960784 0.04313725
v 2.85611100 103.73198700 49.10384800 0.96078431 0.61960784 0.04313725
v 2.47228600 103.45531500 49.00820200 0.96078431 0.61960784 0.04313725
v 2.51591100 103.49897000 49.06056600 0.96078431 0.61960784 0.04313725
v 2.44013500 103.40767700 48.95121400 0.96078431 0.61960784 0.04313725
v 2.56992600 103.53748300 49.10693000 0.96078431 0.61960784 0.04313725
v 2.63289200 103.56988500 49.14612200 0.96078431 0.61960784 0.04313725
v 2.47193800 103.36452500 49.07442500 0.96078431 0.61960784 0.04313725
v 2.51581000 103.39979600 49.13301800 0.96078431 0.61960784 0.04313725
v 2.43962400 103.32598100 49.01061600 0.96078431 0.61960784 0.04313725
v 2.57014400 103.43085500 49.18483700 0.96078431 0.61960784 0.04313725
v 2.63347700 103.45690900 49.22856500 0.96078431 0.61960784 0.04313725
v 2.51549200 103.29009200 49.18968200 0.96078431 0.61960784 0.04313725
v 2.57007300 103.31288900 49.24577000 0.96078431 0.61960784 0.04313725
v 2.63369900 103.33194700 49.29303000 0.96078431 0.61960784 0.04313725
v 2.51496600 103.17333200 49.22872200 0.96078431 0.61960784 0.04313725
v 2.56971700 103.18734000 49.28775000 0.96078431 0.61960784 0.04313725
v 2.63355000 103.19898200 49.33743300 0.96078431 0.61960784 0.04313725
v 2.70481800 103.20792400 49.37641100 0.96078431 0.61960784 0.04313725
v 2.78161000 103.21395100 49.40370900 0.96078431 0.61960784 0.04313725
v 2.85570900 104.93814800 44.98695400 0.96078431 0.61960784 0.04313725
v 2.85570900 104.93814800 44.98695400 0.96078431 0.61960784 0.04313725
v 2.77826800 104.92147100 44.98231500 0.96078431 0.61960784 0.04313725
v 2.57529000 104.80513000 44.95074100 0.96078431 0.61960784 0.04313725
v 2.57529000 104.80513000 44.95074100 0.96078431 0.61960784 0.04313725
v 2.70452300 104.89321900 44.97459000 0.96078431 0.61960784 0.04313725
v 2.70452300 104.89321900 44.97459000 0.96078431 0.61960784 0.04313725
v 2.63628900 104.85412600 44.96398200 0.96078431 0.61960784 0.04313725
v 2.44964700 104.61212200 44.89884600 0.96078431 0.61960784 0.04313725
v 2.52301300 104.74749000 44.93520700 0.96078431 0.61960784 0.04313725
v 2.48079600 104.68260200 44.91776300 0.96078431 0.61960784 0.04313725
v 2.48079600 104.68260200 44.91776300 0.96078431 0.61960784 0.04313725
v 2.43038900 104.53776600 44.87892200 0.96078431 0.61960784 0.04313725
v 2.43038900 104.53776600 44.87892200 0.96078431 0.61960784 0.04313725
v 1.45514800 105.29840100 43.32783900 0.96078431 0.61960784 0.04313725
v 1.43850500 105.24420200 43.36179000 0.96078431 0.61960784 0.04313725
v 1.70241600 105.26426700 43.43563800 0.96078431 0.61960784 0.04313725
v 1.75809400 105.35547600 43.35531600 0.96078431 0.61960784 0.04313725
v 1.47346300 105.34725200 43.28727000 0.96078431 0.61960784 0.04313725
v 1.72921400 105.31308700 43.39840300 0.96078431 0.61960784 0.04313725
v 0.92086400 105.27405500 43.27596700 0.96078431 0.61960784 0.04313725
v 1.19207600 105.31994600 43.26181800 0.96078431 0.61960784 0.04313725
v 0.92117800 105.32827800 43.23935700 0.96078431 0.61960784 0.04313725
v 0.92117800 105.32827800 43.23935700 0.96078431 0.61960784 0.04313725
v 1.18348700 105.26581600 43.29772900 0.96078431 0.61960784 0.04313725
v 0.92146200 105.37716700 43.19613600 0.96078431 0.61960784 0.04313725
v 1.20148000 105.36885100 43.21922300 0.96078431 0.61960784 0.04313725
v 1.21154100 105.41167400 43.17065000 0.96078431 0.61960784 0.04313725
v 1.22208800 105.44770800 43.11694300 0.96078431 0.61960784 0.04313725
v 0.92171200 105.42009700 43.14690000 0.96078431 0.61960784 0.04313725
v 0.92171200 105.42009700 43.14690000 0.96078431 0.61960784 0.04313725
v 0.92192300 105.45631400 43.09247200 0.96078431 0.61960784 0.04313725
v 1.23294100 105.47631800 43.05900200 0.96078431 0.61960784 0.04313725
v 0.92209300 105.48517600 43.03377200 0.96078431 0.61960784 0.04313725
v 0.92209300 105.48517600 43.03377200 0.96078431 0.61960784 0.04313725
v 0.91980000 105.08996600 43.33980200 0.96078431 0.61960784 0.04313725
v 0.91980000 105.08996600 43.33980200 0.96078431 0.61960784 0.04313725
v 1.16932700 105.14556100 43.34716000 0.96078431 0.61960784 0.04313725
v 0.92016800 105.15377000 43.32661400 0.96078431 0.61960784 0.04313725
v 0.92016800 105.15377000 43.32661400 0.96078431 0.61960784 0.04313725
v 1.17586200 105.20735200 43.32633200 0.96078431 0.61960784 0.04313725
v 0.92052500 105.21554600 43.30521400 0.96078431 0.61960784 0.04313725
v 0.92052500 105.21554600 43.30521400 0.96078431 0.61960784 0.04313725
v 2.00869600 104.91817500 43.80435600 0.96078431 0.61960784 0.04313725
v 1.40132500 105.05915800 43.41865200 0.96078431 0.61960784 0.04313725
v 1.16399600 105.08148200 43.35983700 0.96078431 0.61960784 0.04313725
v 2.16017500 104.85163900 43.98947100 0.96078431 0.61960784 0.04313725
v 2.27959300 104.77848100 44.19456900 0.96078431 0.61960784 0.04313725
v 2.21161100 104.98448900 43.99004400 0.96078431 0.61960784 0.04313725
v 2.24802700 105.04526500 43.98117800 0.96078431 0.61960784 0.04313725
v 2.05553700 105.04881300 43.79543300 0.96078431 0.61960784 0.04313725
v 2.38788400 104.77115600 44.42745600 0.96078431 0.61960784 0.04313725
v 2.46924200 104.76104000 44.67479700 0.96078431 0.61960784 0.04313725
v 2.42017200 104.83863100 44.43568000 0.96078431 0.61960784 0.04313725
v 1.86952600 105.10487400 43.62712100 0.96078431 0.61960784 0.04313725
v 1.89671300 105.16429100 43.60753600 0.96078431 0.61960784 0.04313725
v 1.65691000 105.15096300 43.49005900 0.96078431 0.61960784 0.04313725
v 2.41591800 104.61959100 44.64474100 0.96078431 0.61960784 0.04313725
v 2.36557600 104.70034000 44.41517300 0.96078431 0.61960784 0.04313725
v 2.43706500 104.69211600 44.66109800 0.96078431 0.61960784 0.04313725
v 1.67816900 105.20990800 43.46637700 0.96078431 0.61960784 0.04313725
v 1.42382600 105.18557000 43.38851900 0.96078431 0.61960784 0.04313725
v 1.96262800 105.26770000 43.54845800 0.96078431 0.61960784 0.04313725
v 2.00014200 105.30978400 43.51004800 0.96078431 0.61960784 0.04313725
v 1.92794200 105.21889500 43.58114600 0.96078431 0.61960784 0.04313725
v 2.76939500 105.09819000 44.39636600 0.96078431 0.61960784 0.04313725
v 2.65812300 105.17527800 44.11607700 0.96078431 0.61960784 0.04313725
v 2.44663400 105.22366300 43.89018600 0.96078431 0.61960784 0.04313725
v 2.21236400 105.25430300 43.70024900 0.96078431 0.61960784 0.04313725
v 2.39096900 105.19072000 43.92044400 0.96078431 0.61960784 0.04313725
v 2.50450300 105.24757400 43.85585400 0.96078431 0.61960784 0.04313725
v 2.83539400 105.01863900 44.68848000 0.96078431 0.61960784 0.04313725
v 2.69893900 105.07761400 44.41296800 0.96078431 0.61960784 0.04313725
v 2.59335700 105.15294600 44.14206300 0.96078431 0.61960784 0.04313725
v 2.53120100 105.12102500 44.16411200 0.96078431 0.61960784 0.04313725
v 1.62479000 105.02356000 43.51474000 0.96078431 0.61960784 0.04313725
v 1.41135900 105.12353500 43.40759300 0.96078431 0.61960784 0.04313725
v 1.49313800 105.38989300 43.24077200 0.96078431 0.61960784 0.04313725
v 1.51382900 105.42560600 43.18915900 0.96078431 0.61960784 0.04313725
v 1.53518200 105.45375100 43.13331200 0.96078431 0.61960784 0.04313725
v 1.82917300 104.97605900 43.64460800 0.96078431 0.61960784 0.04313725
v 1.63900800 105.08847800 43.50628300 0.96078431 0.61960784 0.04313725
v 1.78853800 105.39070900 43.30715600 0.96078431 0.61960784 0.04313725
v 1.82001000 105.41814400 43.25476800 0.96078431 0.61960784 0.04313725
v 2.16698400 105.21258500 43.73279200 0.96078431 0.61960784 0.04313725
v 2.03978800 105.34439100 43.46664400 0.96078431 0.61960784 0.04313725
v 2.08084000 105.37086500 43.41903300 0.96078431 0.61960784 0.04313725
v 1.84686900 105.04174000 43.63956100 0.96078431 0.61960784 0.04313725
v 2.08780900 105.10884900 43.78084600 0.96078431 0.61960784 0.04313725
v 2.12520200 105.16378800 43.75982300 0.96078431 0.61960784 0.04313725
v 2.26046100 105.28813900 43.66284200 0.96078431 0.61960784 0.04313725
v 2.31035900 105.31343800 43.62126500 0.96078431 0.61960784 0.04313725
v 2.02899000 104.98484800 43.80332600 0.96078431 0.61960784 0.04313725
v 2.29065600 105.10061600 43.96640000 0.96078431 0.61960784 0.04313725
v 2.18212100 104.91951000 43.99283200 0.96078431 0.61960784 0.04313725
v 2.33862000 105.14943700 43.94602600 0.96078431 0.61960784 0.04313725
v 2.63148900 105.04682200 44.42583800 0.96078431 0.61960784 0.04313725
v 2.33359200 104.91388700 44.20508600 0.96078431 0.61960784 0.04313725
v 2.37309600 104.97554000 44.20247300 0.96078431 0.61960784 0.04313725
v 2.30219300 104.84773300 44.20243500 0.96078431 0.61960784 0.04313725
v 2.41989100 105.03137200 44.19463700 0.96078431 0.61960784 0.04313725
v 2.47296100 105.08022300 44.18176700 0.96078431 0.61960784 0.04313725
v 2.46168400 104.90127600 44.43967800 0.96078431 0.61960784 0.04313725
v 2.51152100 104.95765700 44.43934600 0.96078431 0.61960784 0.04313725
v 2.56854000 105.00655400 44.43470400 0.96078431 0.61960784 0.04313725
v 2.51164700 104.82476000 44.68553500 0.96078431 0.61960784 0.04313725
v 2.56331800 104.88175200 44.69303900 0.96078431 0.61960784 0.04313725
v 2.62299900 104.93069500 44.69714400 0.96078431 0.61960784 0.04313725
v 2.68931200 104.97039000 44.69774600 0.96078431 0.61960784 0.04313725
v 2.76066600 104.99995400 44.69483900 0.96078431 0.61960784 0.04313725
v -0.92209300 105.48517600 43.03377200 0.96078431 0.61960784 0.04313725
v -0.92209300 105.48517600 43.03377200 0.96078431 0.61960784 0.04313725
v -0.92192300 105.45631400 43.09247200 0.96078431 0.61960784 0.04313725
v -0.92117800 105.32827800 43.23935700 0.96078431 0.61960784 0.04313725
v -0.92117800 105.32827800 43.23935700 0.96078431 0.61960784 0.04313725
v -0.92171200 105.42009700 43.14690000 0.96078431 0.61960784 0.04313725
v -0.92171200 105.42009700 43.14690000 0.96078431 0.61960784 0.04313725
v -0.92146200 105.37716700 43.19613600 0.96078431 0.61960784 0.04313725
v -0.92146200 105.37716700 43.19613600 0.96078431 0.61960784 0.04313725
v -0.92016800 105.15377000 43.32661400 0.96078431 0.61960784 0.04313725
v -0.92086400 105.27405500 43.27596700 0.96078431 0.61960784 0.04313725
v -0.92052500 105.21554600 43.30521400 0.96078431 0.61960784 0.04313725
v -0.92052500 105.21554600 43.30521400 0.96078431 0.61960784 0.04313725
v -0.91980000 105.08996600 43.33980200 0.96078431 0.61960784 0.04313725
v -0.91980000 105.08996600 43.33980200 0.96078431 0.61960784 0.04313725
v -2.46909100 104.76113900 44.67449600 0.96078431 0.61960784 0.04313725
v -2.46137600 104.90162700 44.43856000 0.96078431 0.61960784 0.04313725
v -2.51149200 104.82486000 44.68522300 0.96078431 0.61960784 0.04313725
v -2.52301300 104.74749000 44.93520700 0.96078431 0.61960784 0.04313725
v -2.56315800 104.88185100 44.69271900 0.96078431 0.61960784 0.04313725
v -2.57529000 104.80513000 44.95074100 0.96078431 0.61960784 0.04313725
v -2.57529000 104.80513000 44.95074100 0.96078431 0.61960784 0.04313725
v -2.68913900 104.97049000 44.69740700 0.96078431 0.61960784 0.04313725
v -2.63628900 104.85412600 44.96398200 0.96078431 0.61960784 0.04313725
v -2.63628900 104.85412600 44.96398200 0.96078431 0.61960784 0.04313725
v -2.62283400 104.93078600 44.69681500 0.96078431 0.61960784 0.04313725
v -2.76048700 105.00005300 44.69448900 0.96078431 0.61960784 0.04313725
v -2.70452300 104.89321900 44.97459000 0.96078431 0.61960784 0.04313725
v -2.70452300 104.89321900 44.97459000 0.96078431 0.61960784 0.04313725
v -2.77826800 104.92147100 44.98231500 0.96078431 0.61960784 0.04313725
v -2.77826800 104.92147100 44.98231500 0.96078431 0.61960784 0.04313725
v -2.83520700 105.01874500 44.68812200 0.96078431 0.61960784 0.04313725
v -2.85570900 104.93814800 44.98695400 0.96078431 0.61960784 0.04313725
v -2.85570900 104.93814800 44.98695400 0.96078431 0.61960784 0.04313725
v -2.43691700 104.69221500 44.66080500 0.96078431 0.61960784 0.04313725
v -2.44964700 104.61212200 44.89884600 0.96078431 0.61960784 0.04313725
v -2.41577200 104.61969800 44.64445900 0.96078431 0.61960784 0.04313725
v -2.36527200 104.70071400 44.41413100 0.96078431 0.61960784 0.04313725
v -1.82809500 104.97629500 43.64396300 0.96078431 0.61960784 0.04313725
v -1.62421800 105.02371200 43.51431700 0.96078431 0.61960784 0.04313725
v -2.48079600 104.68260200 44.91776300 0.96078431 0.61960784 0.04313725
v -2.48079600 104.68260200 44.91776300 0.96078431 0.61960784 0.04313725
v -2.43038900 104.53776600 44.87892200 0.96078431 0.61960784 0.04313725
v -2.43038900 104.53776600 44.87892200 0.96078431 0.61960784 0.04313725
v -2.33340800 104.91400900 44.20471600 0.96078431 0.61960784 0.04313725
v -2.24726600 105.04558600 43.98019000 0.96078431 0.61960784 0.04313725
v -2.37290600 104.97566200 44.20209500 0.96078431 0.61960784 0.04313725
v -2.00838700 104.91831200 43.80397400 0.96078431 0.61960784 0.04313725
v -2.21087000 104.98480200 43.98908200 0.96078431 0.61960784 0.04313725
v -1.16851500 105.14566800 43.34685900 0.96078431 0.61960784 0.04313725
v -1.40010800 105.05925000 43.41841500 0.96078431 0.61960784 0.04313725
v -1.16319900 105.08159600 43.35954700 0.96078431 0.61960784 0.04313725
v -2.05522000 105.04895000 43.79503300 0.96078431 0.61960784 0.04313725
v -2.08748300 105.10897800 43.78043000 0.96078431 0.61960784 0.04313725
v -1.41011600 105.12362700 43.40735200 0.96078431 0.61960784 0.04313725
v -2.41987100 104.83898900 44.43459300 0.96078431 0.61960784 0.04313725
v -2.51120300 104.95800800 44.43819000 0.96078431 0.61960784 0.04313725
v -1.23192600 105.47643300 43.05863600 0.96078431 0.61960784 0.04313725
v -2.41969500 105.03149400 44.19424800 0.96078431 0.61960784 0.04313725
v -2.28987000 105.10092900 43.96538200 0.96078431 0.61960784 0.04313725
v -2.33780500 105.14975000 43.94497300 0.96078431 0.61960784 0.04313725
v -2.56820700 105.00689700 44.43351000 0.96078431 0.61960784 0.04313725
v -2.47275800 105.08034500 44.18136200 0.96078431 0.61960784 0.04313725
v -2.53098800 105.12114700 44.16369200 0.96078431 0.61960784 0.04313725
v -2.03846100 105.34462000 43.46585500 0.96078431 0.61960784 0.04313725
v -1.81927800 105.41829700 43.25423400 0.96078431 0.61960784 0.04313725
v -2.07946500 105.37110100 43.41822100 0.96078431 0.61960784 0.04313725
v -2.39012100 105.19104000 43.91935700 0.96078431 0.61960784 0.04313725
v -1.53363400 105.45384200 43.13301500 0.96078431 0.61960784 0.04313725
v -1.78783500 105.39086200 43.30663700 0.96078431 0.61960784 0.04313725
v -1.99886300 105.31000500 43.50928100 0.96078431 0.61960784 0.04313725
v -2.21200000 105.25443300 43.69979500 0.96078431 0.61960784 0.04313725
v -1.51233300 105.42569000 43.18887300 0.96078431 0.61960784 0.04313725
v -1.75741800 105.35562900 43.35480900 0.96078431 0.61960784 0.04313725
v -2.27941100 104.77861000 44.19421400 0.96078431 0.61960784 0.04313725
v -2.38758400 104.77151500 44.42639500 0.96078431 0.61960784 0.04313725
v -2.63113700 105.04717300 44.42460300 0.96078431 0.61960784 0.04313725
v -2.69856600 105.07796500 44.41169000 0.96078431 0.61960784 0.04313725
v -2.76899900 105.09854900 44.39503900 0.96078431 0.61960784 0.04313725
v -2.15945700 104.85197400 43.98856000 0.96078431 0.61960784 0.04313725
v -2.30201100 104.84785500 44.20207600 0.96078431 0.61960784 0.04313725
v -2.59313500 105.15306900 44.14163200 0.96078431 0.61960784 0.04313725
v -2.65789000 105.17540000 44.11563100 0.96078431 0.61960784 0.04313725
v -2.18139400 104.91983800 43.99189800 0.96078431 0.61960784 0.04313725
v -2.16663500 105.21271500 43.73234900 0.96078431 0.61960784 0.04313725
v -2.44575100 105.22398400 43.88906500 0.96078431 0.61960784 0.04313725
v -2.50358300 105.24789400 43.85469800 0.96078431 0.61960784 0.04313725
v -2.12486600 105.16391800 43.75939600 0.96078431 0.61960784 0.04313725
v -2.02867800 104.98498500 43.80293700 0.96078431 0.61960784 0.04313725
v -1.49169200 105.38997700 43.24049400 0.96078431 0.61960784 0.04313725
v -2.26008100 105.28827700 43.66236900 0.96078431 0.61960784 0.04313725
v -2.30996200 105.31357600 43.62078100 0.96078431 0.61960784 0.04313725
v -1.42255200 105.18566100 43.38827500 0.96078431 0.61960784 0.04313725
v -1.17503000 105.20745800 43.32602300 0.96078431 0.61960784 0.04313725
v -1.86840100 105.10510300 43.62644600 0.96078431 0.61960784 0.04313725
v -1.89555500 105.16452000 43.60683800 0.96078431 0.61960784 0.04313725
v -1.84577000 105.04197700 43.63890100 0.96078431 0.61960784 0.04313725
v -1.92674800 105.21912400 43.58042900 0.96078431 0.61960784 0.04313725
v -1.96139300 105.26792100 43.54771400 0.96078431 0.61960784 0.04313725
v -1.65631700 105.15110800 43.48961300 0.96078431 0.61960784 0.04313725
v -1.67755900 105.21006000 43.46591600 0.96078431 0.61960784 0.04313725
v -1.63842700 105.08863100 43.50584800 0.96078431 0.61960784 0.04313725
v -1.70178700 105.26442000 43.43516200 0.96078431 0.61960784 0.04313725
v -1.72856300 105.31323200 43.39791100 0.96078431 0.61960784 0.04313725
v -1.43719400 105.24428600 43.36153800 0.96078431 0.61960784 0.04313725
v -1.45379600 105.29848500 43.32757900 0.96078431 0.61960784 0.04313725
v -1.47206600 105.34733600 43.28700300 0.96078431 0.61960784 0.04313725
v -1.18263200 105.26592300 43.29740900 0.96078431 0.61960784 0.04313725
v -1.19119400 105.32005300 43.26148600 0.96078431 0.61960784 0.04313725
v -1.20056700 105.36895800 43.21888400 0.96078431 0.61960784 0.04313725
v -1.21059600 105.41178100 43.17030300 0.96078431 0.61960784 0.04313725
v -1.22110800 105.44781500 43.11658900 0.96078431 0.61960784 0.04313725
v -2.84644400 103.94468700 48.70208000 0.96078431 0.61960784 0.04313725
v -2.84644400 103.94468700 48.70208000 0.96078431 0.61960784 0.04313725
v -2.62729200 103.86051900 48.67906200 0.96078431 0.61960784 0.04313725
v -2.69543400 103.89963500 48.68968200 0.96078431 0.61960784 0.04313725
v -2.69543400 103.89963500 48.68968200 0.96078431 0.61960784 0.04313725
v -2.76908800 103.92794000 48.69742200 0.96078431 0.61960784 0.04313725
v -2.51418400 103.75390600 48.65028400 0.96078431 0.61960784 0.04313725
v -2.47203400 103.68905600 48.63284700 0.96078431 0.61960784 0.04313725
v -2.47203400 103.68905600 48.63284700 0.96078431 0.61960784 0.04313725
v -2.56638200 103.81152300 48.66581700 0.96078431 0.61960784 0.04313725
v -2.56638200 103.81152300 48.66581700 0.96078431 0.61960784 0.04313725
v -2.44093600 103.61862200 48.61393700 0.96078431 0.61960784 0.04313725
v -2.42170900 103.54432700 48.59402100 0.96078431 0.61960784 0.04313725
v -2.42170900 103.54432700 48.59402100 0.96078431 0.61960784 0.04313725
v -2.51424400 103.05190300 49.24931000 0.96078431 0.61960784 0.04313725
v -2.51424400 103.05190300 49.24931000 0.96078431 0.61960784 0.04313725
v -2.56971700 103.18763700 49.28759400 0.96078431 0.61960784 0.04313725
v -2.56908200 103.05676300 49.30989100 0.96078431 0.61960784 0.04313725
v -2.56908200 103.05676300 49.30989100 0.96078431 0.61960784 0.04313725
v -2.57007500 103.31360600 49.24552200 0.96078431 0.61960784 0.04313725
v -2.63370000 103.33271000 49.29276700 0.96078431 0.61960784 0.04313725
v -2.63303500 103.06069900 49.36084000 0.96078431 0.61960784 0.04313725
v -2.63355000 103.19929500 49.33726500 0.96078431 0.61960784 0.04313725
v -2.70481600 103.20825200 49.37624000 0.96078431 0.61960784 0.04313725
v -2.78160800 103.21429400 49.40353000 0.96078431 0.61960784 0.04313725
v -2.70444200 103.06359100 49.40076100 0.96078431 0.61960784 0.04313725
v -2.70444200 103.06359100 49.40076100 0.96078431 0.61960784 0.04313725
v -2.86184600 103.06601000 49.44370700 0.96078431 0.61960784 0.04313725
v -2.86184600 103.06601000 49.44370700 0.96078431 0.61960784 0.04313725
v -2.78138500 103.06538400 49.42864600 0.96078431 0.61960784 0.04313725
v -2.78138500 103.06538400 49.42864600 0.96078431 0.61960784 0.04313725
v -2.86191600 103.21723900 49.41836900 0.96078431 0.61960784 0.04313725
v -2.43751500 103.03991700 49.10579300 0.96078431 0.61960784 0.04313725
v -2.43751500 103.03991700 49.10579300 0.96078431 0.61960784 0.04313725
v -2.43829800 103.13993100 49.08885600 0.96078431 0.61960784 0.04313725
v -2.47078800 103.15756200 49.16173200 0.96078431 0.61960784 0.04313725
v -2.51496700 103.17360700 49.22857300 0.96078431 0.61960784 0.04313725
v -2.41766200 103.03311900 49.02666900 0.96078431 0.61960784 0.04313725
v -2.41766200 103.03311900 49.02666900 0.96078431 0.61960784 0.04313725
v -2.42083700 103.42089800 48.82812500 0.96078431 0.61960784 0.04313725
v -2.42123600 103.47399900 48.75641300 0.96078431 0.61960784 0.04313725
v -2.44079900 103.53958900 48.79814500 0.96078431 0.61960784 0.04313725
v -2.41911500 103.20603200 48.98379500 0.96078431 0.61960784 0.04313725
v -2.41840700 103.12117800 49.01185200 0.96078431 0.61960784 0.04313725
v -2.42034400 103.35768900 48.89071300 0.96078431 0.61960784 0.04313725
v -2.41976400 103.28532400 48.94311100 0.96078431 0.61960784 0.04313725
v -2.47228800 103.45583300 49.00775900 0.96078431 0.61960784 0.04313725
v -2.51591100 103.49953500 49.06008500 0.96078431 0.61960784 0.04313725
v -2.47193900 103.36473800 49.07427200 0.96078431 0.61960784 0.04313725
v -2.42152800 103.51538800 48.67786000 0.96078431 0.61960784 0.04313725
v -2.51549500 103.29075600 49.18945300 0.96078431 0.61960784 0.04313725
v -2.47143700 103.26474000 49.12599600 0.96078431 0.61960784 0.04313725
v -2.44093500 103.58618900 48.70898400 0.96078431 0.61960784 0.04313725
v -2.47234300 103.65325900 48.73852200 0.96078431 0.61960784 0.04313725
v -2.47249100 103.60167700 48.83772300 0.96078431 0.61960784 0.04313725
v -2.47001400 103.04623400 49.18066000 0.96078431 0.61960784 0.04313725
v -2.47001400 103.04623400 49.18066000 0.96078431 0.61960784 0.04313725
v -2.77903000 103.61383100 49.19849400 0.96078431 0.61960784 0.04313725
v -2.70419200 103.47753900 49.26282100 0.96078431 0.61960784 0.04313725
v -2.70320500 103.59598500 49.17652100 0.96078431 0.61960784 0.04313725
v -2.70473500 103.34754200 49.32990600 0.96078431 0.61960784 0.04313725
v -2.85328400 103.82357800 48.98064400 0.96078431 0.61960784 0.04313725
v -2.85610500 103.73223900 49.10359600 0.96078431 0.61960784 0.04313725
v -2.85841800 103.62357300 49.21087600 0.96078431 0.61960784 0.04313725
v -2.85004300 103.89482100 48.84591300 0.96078431 0.61960784 0.04313725
v -2.77715700 103.72042800 49.09266700 0.96078431 0.61960784 0.04313725
v -2.43900900 103.23625200 49.05684300 0.96078431 0.61960784 0.04313725
v -2.63347600 103.45717600 49.22837400 0.96078431 0.61960784 0.04313725
v -2.78128500 103.35772700 49.35600700 0.96078431 0.61960784 0.04313725
v -2.86136100 103.36299100 49.37033500 0.96078431 0.61960784 0.04313725
v -2.51581100 103.40003200 49.13285100 0.96078431 0.61960784 0.04313725
v -2.43962500 103.32617200 49.01047900 0.96078431 0.61960784 0.04313725
v -2.57014300 103.43110700 49.18465800 0.96078431 0.61960784 0.04313725
v -2.78041900 103.49168400 49.28714400 0.96078431 0.61960784 0.04313725
v -2.86018600 103.49921400 49.30065900 0.96078431 0.61960784 0.04313725
v -2.56992400 103.53808600 49.10641100 0.96078431 0.61960784 0.04313725
v -2.44013800 103.40814200 48.95081700 0.96078431 0.61960784 0.04313725
v -2.63288700 103.57052600 49.14557300 0.96078431 0.61960784 0.04313725
v -2.70000000 103.78575900 48.95579900 0.96078431 0.61960784 0.04313725
v -2.77483000 103.80986000 48.97150400 0.96078431 0.61960784 0.04313725
v -2.70180000 103.69924200 49.07357800 0.96078431 0.61960784 0.04313725
v -2.47247200 103.53521000 48.92844400 0.96078431 0.61960784 0.04313725
v -2.51579100 103.58618900 48.97333500 0.96078431 0.61960784 0.04313725
v -2.44053100 103.47963700 48.87962300 0.96078431 0.61960784 0.04313725
v -2.56942200 103.63125600 49.01313800 0.96078431 0.61960784 0.04313725
v -2.63194800 103.66928100 49.04685200 0.96078431 0.61960784 0.04313725
v -2.51545600 103.65871400 48.87415300 0.96078431 0.61960784 0.04313725
v -2.56864900 103.70922100 48.90649800 0.96078431 0.61960784 0.04313725
v -2.63067700 103.75194500 48.93395200 0.96078431 0.61960784 0.04313725
v -2.51491600 103.71494300 48.76573600 0.96078431 0.61960784 0.04313725
v -2.56762800 103.76965300 48.78993600 0.96078431 0.61960784 0.04313725
v -2.62911400 103.81606300 48.81052400 0.96078431 0.61960784 0.04313725
v -2.69786400 103.85295100 48.82696500 0.96078431 0.61960784 0.04313725
v -2.77212300 103.87944000 48.83887100 0.96078431 0.61960784 0.04313725
v -2.40467800 51.37125800 53.99576600 0.96078431 0.61960784 0.04313725
v -2.24902500 51.36872100 53.95150400 0.96078431 0.61960784 0.04313725
v -2.17855300 51.36579900 53.91129700 0.96078431 0.61960784 0.04313725
v -2.32505300 51.37055600 53.97992300 0.96078431 0.61960784 0.04313725
v -2.01793200 51.35139100 53.73159800 0.96078431 0.61960784 0.04313725
v -2.06147800 51.35701800 53.79988900 0.96078431 0.61960784 0.04313725
v -2.11550100 51.36186200 53.86030200 0.96078431 0.61960784 0.04313725
v -1.98595100 51.34512700 53.65723800 0.96078431 0.61960784 0.04313725
v -1.96641900 51.33839000 53.57872400 0.96078431 0.61960784 0.04313725
v 44.85849400 104.46140300 -2.42345000 0.96078431 0.61960784 0.04313725
v 44.85849400 104.46140300 -2.42345000 0.96078431 0.61960784 0.04313725
v 44.85849400 104.46140300 -2.42345000 0.96078431 0.61960784 0.04313725
v 44.85849400 104.46140300 -2.42345000 0.96078431 0.61960784 0.04313725
v 48.57360100 103.46803300 -2.41478100 0.96078431 0.61960784 0.04313725
v 48.57360100 103.46803300 -2.41478100 0.96078431 0.61960784 0.04313725
v 48.57360100 103.46803300 -2.41478100 0.96078431 0.61960784 0.04313725
v 53.49636100 51.35126500 -1.95996500 0.96078431 0.61960784 0.04313725
v 53.49636100 51.35126500 -1.95996500 0.96078431 0.61960784 0.04313725
v 48.87405000 103.24311800 -2.41281800 0.96078431 0.61960784 0.04313725
v 48.87405000 103.24311800 -2.41281800 0.96078431 0.61960784 0.04313725
v 48.94539600 103.02600900 -2.41092300 0.96078431 0.61960784 0.04313725
v 48.94539600 103.02600900 -2.41092300 0.96078431 0.61960784 0.04313725
v 48.94539600 103.02600900 -2.41092300 0.96078431 0.61960784 0.04313725
v 48.90892000 103.17446900 -2.41221900 0.96078431 0.61960784 0.04313725
v 48.90892000 103.17446900 -2.41221900 0.96078431 0.61960784 0.04313725
v 48.93285400 103.10162400 -2.41158300 0.96078431 0.61960784 0.04313725
v 48.93285400 103.10162400 -2.41158300 0.96078431 0.61960784 0.04313725
v 48.82931500 103.30542000 -2.41336200 0.96078431 0.61960784 0.04313725
v 48.82931500 103.30542000 -2.41336200 0.96078431 0.61960784 0.04313725
v 48.77539800 103.36036700 -2.41384100 0.96078431 0.61960784 0.04313725
v 48.77539800 103.36036700 -2.41384100 0.96078431 0.61960784 0.04313725
v 48.71398200 103.40638000 -2.41424300 0.96078431 0.61960784 0.04313725
v 48.71398200 103.40638000 -2.41424300 0.96078431 0.61960784 0.04313725
v 48.64608400 103.44254300 -2.41455900 0.96078431 0.61960784 0.04313725
v 48.64608400 103.44254300 -2.41455900 0.96078431 0.61960784 0.04313725
v 43.34463500 105.02471900 -0.91942400 0.96078431 0.61960784 0.04313725
v 43.34463500 105.02471900 -0.91942400 0.96078431 0.61960784 0.04313725
v 43.34463500 105.02471900 -0.91942400 0.96078431 0.61960784 0.04313725
v 43.34463500 105.02471900 -0.91942400 0.96078431 0.61960784 0.04313725
v 43.34463500 105.02471900 0.91942400 0.96078431 0.61960784 0.04313725
v 43.34463500 105.02471900 0.91942400 0.96078431 0.61960784 0.04313725
v 43.34463500 105.02471900 0.91942400 0.96078431 0.61960784 0.04313725
v 43.34463500 105.02471900 0.91942400 0.96078431 0.61960784 0.04313725
v 48.94539600 103.02600900 2.41092300 0.96078431 0.61960784 0.04313725
v 48.94539600 103.02600900 2.41092300 0.96078431 0.61960784 0.04313725
v 48.94539600 103.02600900 2.41092300 0.96078431 0.61960784 0.04313725
v 48.90877900 103.17488900 2.41222300 0.96078431 0.61960784 0.04313725
v 48.90877900 103.17488900 2.41222300 0.96078431 0.61960784 0.04313725
v 48.93276600 103.10179900 2.41158500 0.96078431 0.61960784 0.04313725
v 48.93276600 103.10179900 2.41158500 0.96078431 0.61960784 0.04313725
v 48.77527200 103.36048900 2.41384300 0.96078431 0.61960784 0.04313725
v 48.77527200 103.36048900 2.41384300 0.96078431 0.61960784 0.04313725
v 48.82901800 103.30577100 2.41336500 0.96078431 0.61960784 0.04313725
v 48.82901800 103.30577100 2.41336500 0.96078431 0.61960784 0.04313725
v 53.49636100 51.35126500 1.95996500 0.96078431 0.61960784 0.04313725
v 53.49636100 51.35126500 1.95996500 0.96078431 0.61960784 0.04313725
v 48.87394700 103.24326300 2.41282000 0.96078431 0.61960784 0.04313725
v 48.87394700 103.24326300 2.41282000 0.96078431 0.61960784 0.04313725
v 48.64593100 103.44265700 2.41456000 0.96078431 0.61960784 0.04313725
v 48.64593100 103.44265700 2.41456000 0.96078431 0.61960784 0.04313725
v 48.71359600 103.40658600 2.41424500 0.96078431 0.61960784 0.04313725
v 48.71359600 103.40658600 2.41424500 0.96078431 0.61960784 0.04313725
v 48.57360100 103.46803300 2.41478100 0.96078431 0.61960784 0.04313725
v 48.57360100 103.46803300 2.41478100 0.96078431 0.61960784 0.04313725
v 48.57360100 103.46803300 2.41478100 0.96078431 0.61960784 0.04313725
v 44.85849400 104.46140300 2.42345000 0.96078431 0.61960784 0.04313725
v 44.85849400 104.46140300 2.42345000 0.96078431 0.61960784 0.04313725
v 44.85849400 104.46140300 2.42345000 0.96078431 0.61960784 0.04313725
v 44.85849400 104.46140300 2.42345000 0.96078431 0.61960784 0.04313725
v -2.41478100 103.46803300 -48.57360100 0.96078431 0.61960784 0.04313725
v -2.41478100 103.46803300 -48.57360100 0.96078431 0.61960784 0.04313725
v -2.41478100 103.46803300 -48.57360100 0.96078431 0.61960784 0.04313725
v -2.42345000 104.46140300 -44.85849400 0.96078431 0.61960784 0.04313725
v -2.42345000 104.46140300 -44.85849400 0.96078431 0.61960784 0.04313725
v -2.42345000 104.46140300 -44.85849400 0.96078431 0.61960784 0.04313725
v -2.42345000 104.46140300 -44.85849400 0.96078431 0.61960784 0.04313725
v -2.41158300 103.10162400 -48.93285400 0.96078431 0.61960784 0.04313725
v -2.41158300 103.10162400 -48.93285400 0.96078431 0.61960784 0.04313725
v -2.41221900 103.17446900 -48.90892000 0.96078431 0.61960784 0.04313725
v -2.41221900 103.17446900 -48.90892000 0.96078431 0.61960784 0.04313725
v -2.41092300 103.02600900 -48.94539600 0.96078431 0.61960784 0.04313725
v -2.41092300 103.02600900 -48.94539600 0.96078431 0.61960784 0.04313725
v -2.41092300 103.02600900 -48.94539600 0.96078431 0.61960784 0.04313725
v -2.41336200 103.30542000 -48.82931500 0.96078431 0.61960784 0.04313725
v -2.41336200 103.30542000 -48.82931500 0.96078431 0.61960784 0.04313725
v -2.41281800 103.24311800 -48.87405000 0.96078431 0.61960784 0.04313725
v -2.41281800 103.24311800 -48.87405000 0.96078431 0.61960784 0.04313725
v -2.41384100 103.36036700 -48.77539800 0.96078431 0.61960784 0.04313725
v -2.41384100 103.36036700 -48.77539800 0.96078431 0.61960784 0.04313725
v -2.41424300 103.40638000 -48.71398200 0.96078431 0.61960784 0.04313725
v -2.41424300 103.40638000 -48.71398200 0.96078431 0.61960784 0.04313725
v -2.41455900 103.44254300 -48.64608400 0.96078431 0.61960784 0.04313725
v -2.41455900 103.44254300 -48.64608400 0.96078431 0.61960784 0.04313725
v -1.95996500 51.35126500 -53.49636100 0.96078431 0.61960784 0.04313725
v -1.95996500 51.35126500 -53.49636100 0.96078431 0.61960784 0.04313725
v -0.91942400 105.02471900 -43.34463500 0.96078431 0.61960784 0.04313725
v -0.91942400 105.02471900 -43.34463500 0.96078431 0.61960784 0.04313725
v -0.91942400 105.02471900 -43.34463500 0.96078431 0.61960784 0.04313725
v -0.91942400 105.02471900 -43.34463500 0.96078431 0.61960784 0.04313725
v 0.91942400 105.02471900 -43.34463500 0.96078431 0.61960784 0.04313725
v 0.91942400 105.02471900 -43.34463500 0.96078431 0.61960784 0.04313725
v 0.91942400 105.02471900 -43.34463500 0.96078431 0.61960784 0.04313725
v 0.91942400 105.02471900 -43.34463500 0.96078431 0.61960784 0.04313725
v 2.41092300 103.02600900 -48.94539600 0.96078431 0.61960784 0.04313725
v 2.41092300 103.02600900 -48.94539600 0.96078431 0.61960784 0.04313725
v 2.41092300 103.02600900 -48.94539600 0.96078431 0.61960784 0.04313725
v 2.41384300 103.36048900 -48.77527200 0.96078431 0.61960784 0.04313725
v 2.41384300 103.36048900 -48.77527200 0.96078431 0.61960784 0.04313725
v 2.41336500 103.30577100 -48.82901800 0.96078431 0.61960784 0.04313725
v 2.41336500 103.30577100 -48.82901800 0.96078431 0.61960784 0.04313725
v 1.95996500 51.35126500 -53.49636100 0.96078431 0.61960784 0.04313725
v 1.95996500 51.35126500 -53.49636100 0.96078431 0.61960784 0.04313725
v 2.41158500 103.10179900 -48.93276600 0.96078431 0.61960784 0.04313725
v 2.41158500 103.10179900 -48.93276600 0.96078431 0.61960784 0.04313725
v 2.41222300 103.17488900 -48.90877900 0.96078431 0.61960784 0.04313725
v 2.41222300 103.17488900 -48.90877900 0.96078431 0.61960784 0.04313725
v 2.41282000 103.24326300 -48.87394700 0.96078431 0.61960784 0.04313725
v 2.41282000 103.24326300 -48.87394700 0.96078431 0.61960784 0.04313725
v 2.41456000 103.44265700 -48.64593100 0.96078431 0.61960784 0.04313725
v 2.41456000 103.44265700 -48.64593100 0.96078431 0.61960784 0.04313725
v 2.41424500 103.40658600 -48.71359600 0.96078431 0.61960784 0.04313725
v 2.41424500 103.40658600 -48.71359600 0.96078431 0.61960784 0.04313725
v 2.41478100 103.46803300 -48.57360100 0.96078431 0.61960784 0.04313725
v 2.41478100 103.46803300 -48.57360100 0.96078431 0.61960784 0.04313725
v 2.41478100 103.46803300 -48.57360100 0.96078431 0.61960784 0.04313725
v 2.42345000 104.46140300 -44.85849400 0.96078431 0.61960784 0.04313725
v 2.42345000 104.46140300 -44.85849400 0.96078431 0.61960784 0.04313725
v 2.42345000 104.46140300 -44.85849400 0.96078431 0.61960784 0.04313725
v 2.42345000 104.46140300 -44.85849400 0.96078431 0.61960784 0.04313725
v -48.57360100 103.46803300 2.41478100 0.96078431 0.61960784 0.04313725
v -48.57360100 103.46803300 2.41478100 0.96078431 0.61960784 0.04313725
v -48.57360100 103.46803300 2.41478100 0.96078431 0.61960784 0.04313725
v -44.85849400 104.46140300 2.42345000 0.96078431 0.61960784 0.04313725
v -44.85849400 104.46140300 2.42345000 0.96078431 0.61960784 0.04313725
v -44.85849400 104.46140300 2.42345000 0.96078431 0.61960784 0.04313725
v -44.85849400 104.46140300 2.42345000 0.96078431 0.61960784 0.04313725
v -48.93285400 103.10162400 2.41158300 0.96078431 0.61960784 0.04313725
v -48.93285400 103.10162400 2.41158300 0.96078431 0.61960784 0.04313725
v -48.90892000 103.17446900 2.41221900 0.96078431 0.61960784 0.04313725
v -48.90892000 103.17446900 2.41221900 0.96078431 0.61960784 0.04313725
v -48.94539600 103.02600900 2.41092300 0.96078431 0.61960784 0.04313725
v -48.94539600 103.02600900 2.41092300 0.96078431 0.61960784 0.04313725
v -48.94539600 103.02600900 2.41092300 0.96078431 0.61960784 0.04313725
v -48.82931500 103.30542000 2.41336200 0.96078431 0.61960784 0.04313725
v -48.82931500 103.30542000 2.41336200 0.96078431 0.61960784 0.04313725
v -48.87405000 103.24311800 2.41281800 0.96078431 0.61960784 0.04313725
v -48.87405000 103.24311800 2.41281800 0.96078431 0.61960784 0.04313725
v -48.77539800 103.36036700 2.41384100 0.96078431 0.61960784 0.04313725
v -48.77539800 103.36036700 2.41384100 0.96078431 0.61960784 0.04313725
v -48.71398200 103.40638000 2.41424300 0.96078431 0.61960784 0.04313725
v -48.71398200 103.40638000 2.41424300 0.96078431 0.61960784 0.04313725
v -48.64608400 103.44254300 2.41455900 0.96078431 0.61960784 0.04313725
v -48.64608400 103.44254300 2.41455900 0.96078431 0.61960784 0.04313725
v -53.49636100 51.35126500 1.95996500 0.96078431 0.61960784 0.04313725
v -53.49636100 51.35126500 1.95996500 0.96078431 0.61960784 0.04313725
v -43.34463500 105.02471900 0.91942400 0.96078431 0.61960784 0.04313725
v -43.34463500 105.02471900 0.91942400 0.96078431 0.61960784 0.04313725
v -43.34463500 105.02471900 0.91942400 0.96078431 0.61960784 0.04313725
v -43.34463500 105.02471900 0.91942400 0.96078431 0.61960784 0.04313725
v -43.34463500 105.02471900 -0.91942400 0.96078431 0.61960784 0.04313725
v -43.34463500 105.02471900 -0.91942400 0.96078431 0.61960784 0.04313725
v -43.34463500 105.02471900 -0.91942400 0.96078431 0.61960784 0.04313725
v -43.34463500 105.02471900 -0.91942400 0.96078431 0.61960784 0.04313725
v -48.94539600 103.02600900 -2.41092300 0.96078431 0.61960784 0.04313725
v -48.94539600 103.02600900 -2.41092300 0.96078431 0.61960784 0.04313725
v -48.94539600 103.02600900 -2.41092300 0.96078431 0.61960784 0.04313725
v -48.77527200 103.36048900 -2.41384300 0.96078431 0.61960784 0.04313725
v -48.77527200 103.36048900 -2.41384300 0.96078431 0.61960784 0.04313725
v -48.82901800 103.30577100 -2.41336500 0.96078431 0.61960784 0.04313725
v -48.82901800 103.30577100 -2.41336500 0.96078431 0.61960784 0.04313725
v -53.49636100 51.35126500 -1.95996500 0.96078431 0.61960784 0.04313725
v -53.49636100 51.35126500 -1.95996500 0.96078431 0.61960784 0.04313725
v -48.93276600 103.10179900 -2.41158500 0.96078431 0.61960784 0.04313725
v -48.93276600 103.10179900 -2.41158500 0.96078431 0.61960784 0.04313725
v -48.90877900 103.17488900 -2.41222300 0.96078431 0.61960784 0.04313725
v -48.90877900 103.17488900 -2.41222300 0.96078431 0.61960784 0.04313725
v -48.87394700 103.24326300 -2.41282000 0.96078431 0.61960784 0.04313725
v -48.87394700 103.24326300 -2.41282000 0.96078431 0.61960784 0.04313725
v -48.64593100 103.44265700 -2.41456000 0.96078431 0.61960784 0.04313725
v -48.64593100 103.44265700 -2.41456000 0.96078431 0.61960784 0.04313725
v -48.71359600 103.40658600 -2.41424500 0.96078431 0.61960784 0.04313725
v -48.71359600 103.40658600 -2.41424500 0.96078431 0.61960784 0.04313725
v -48.57360100 103.46803300 -2.41478100 0.96078431 0.61960784 0.04313725
v -48.57360100 103.46803300 -2.41478100 0.96078431 0.61960784 0.04313725
v -48.57360100 103.46803300 -2.41478100 0.96078431 0.61960784 0.04313725
v -44.85849400 104.46140300 -2.42345000 0.96078431 0.61960784 0.04313725
v -44.85849400 104.46140300 -2.42345000 0.96078431 0.61960784 0.04313725
v -44.85849400 104.46140300 -2.42345000 0.96078431 0.61960784 0.04313725
v -44.85849400 104.46140300 -2.42345000 0.96078431 0.61960784 0.04313725
v 43.36417000 105.01622000 -1.15995600 0.96078431 0.61960784 0.04313725
v 43.36417000 105.01622000 -1.15995600 0.96078431 0.61960784 0.04313725
v 43.64218500 104.90902700 -1.81674800 0.96078431 0.61960784 0.04313725
v 43.64218500 104.90902700 -1.81674800 0.96078431 0.61960784 0.04313725
v 43.51529700 104.95736700 -1.61449800 0.96078431 0.61960784 0.04313725
v 43.51529700 104.95736700 -1.61449800 0.96078431 0.61960784 0.04313725
v 43.42152800 104.99355300 -1.39389000 0.96078431 0.61960784 0.04313725
v 43.42152800 104.99355300 -1.39389000 0.96078431 0.61960784 0.04313725
v 44.18166400 104.70760300 -2.26624000 0.96078431 0.61960784 0.04313725
v 44.18166400 104.70760300 -2.26624000 0.96078431 0.61960784 0.04313725
v 43.98004900 104.78224900 -2.14619000 0.96078431 0.61960784 0.04313725
v 43.98004900 104.78224900 -2.14619000 0.96078431 0.61960784 0.04313725
v 43.79851900 104.85007500 -1.99502500 0.96078431 0.61960784 0.04313725
v 43.79851900 104.85007500 -1.99502500 0.96078431 0.61960784 0.04313725
v 44.39912400 104.62778500 -2.35371100 0.96078431 0.61960784 0.04313725
v 44.39912400 104.62778500 -2.35371100 0.96078431 0.61960784 0.04313725
v 44.62612900 104.54520400 -2.40625500 0.96078431 0.61960784 0.04313725
v 44.62612900 104.54520400 -2.40625500 0.96078431 0.61960784 0.04313725
v 44.62585100 104.54530300 2.40611000 0.96078431 0.61960784 0.04313725
v 44.62585100 104.54530300 2.40611000 0.96078431 0.61960784 0.04313725
v 43.97915300 104.78258500 2.14547300 0.96078431 0.61960784 0.04313725
v 43.97915300 104.78258500 2.14547300 0.96078431 0.61960784 0.04313725
v 44.18131600 104.70773300 2.26605700 0.96078431 0.61960784 0.04313725
v 44.18131600 104.70773300 2.26605700 0.96078431 0.61960784 0.04313725
v 44.39809400 104.62815900 2.35339800 0.96078431 0.61960784 0.04313725
v 44.39809400 104.62815900 2.35339800 0.96078431 0.61960784 0.04313725
v 43.51488500 104.95752000 1.61393000 0.96078431 0.61960784 0.04313725
v 43.51488500 104.95752000 1.61393000 0.96078431 0.61960784 0.04313725
v 43.64155600 104.90926400 1.81568300 0.96078431 0.61960784 0.04313725
v 43.64155600 104.90926400 1.81568300 0.96078431 0.61960784 0.04313725
v 43.79814500 104.85022000 1.99471500 0.96078431 0.61960784 0.04313725
v 43.79814500 104.85022000 1.99471500 0.96078431 0.61960784 0.04313725
v 43.42129900 104.99364500 1.39269300 0.96078431 0.61960784 0.04313725
v 43.42129900 104.99364500 1.39269300 0.96078431 0.61960784 0.04313725
v 43.36388800 105.01633500 1.15917000 0.96078431 0.61960784 0.04313725
v 43.36388800 105.01633500 1.15917000 0.96078431 0.61960784 0.04313725
v -1.15995600 105.01622000 -43.36417000 0.96078431 0.61960784 0.04313725
v -1.15995600 105.01622000 -43.36417000 0.96078431 0.61960784 0.04313725
v -1.81674800 104.90902700 -43.64218500 0.96078431 0.61960784 0.04313725
v -1.81674800 104.90902700 -43.64218500 0.96078431 0.61960784 0.04313725
v -1.61449800 104.95736700 -43.51529700 0.96078431 0.61960784 0.04313725
v -1.61449800 104.95736700 -43.51529700 0.96078431 0.61960784 0.04313725
v -1.39389000 104.99355300 -43.42152800 0.96078431 0.61960784 0.04313725
v -1.39389000 104.99355300 -43.42152800 0.96078431 0.61960784 0.04313725
v -2.26624000 104.70760300 -44.18166400 0.96078431 0.61960784 0.04313725
v -2.26624000 104.70760300 -44.18166400 0.96078431 0.61960784 0.04313725
v -2.14619000 104.78224900 -43.98004900 0.96078431 0.61960784 0.04313725
v -2.14619000 104.78224900 -43.98004900 0.96078431 0.61960784 0.04313725
v -1.99502500 104.85007500 -43.79851900 0.96078431 0.61960784 0.04313725
v -1.99502500 104.85007500 -43.79851900 0.96078431 0.61960784 0.04313725
v -2.35371100 104.62778500 -44.39912400 0.96078431 0.61960784 0.04313725
v -2.35371100 104.62778500 -44.39912400 0.96078431 0.61960784 0.04313725
v -2.40625500 104.54520400 -44.62612900 0.96078431 0.61960784 0.04313725
v -2.40625500 104.54520400 -44.62612900 0.96078431 0.61960784 0.04313725
v 2.40611000 104.54530300 -44.62585100 0.96078431 0.61960784 0.04313725
v 2.40611000 104.54530300 -44.62585100 0.96078431 0.61960784 0.04313725
v 2.14547300 104.78258500 -43.97915300 0.96078431 0.61960784 0.04313725
v 2.14547300 104.78258500 -43.97915300 0.96078431 0.61960784 0.04313725
v 2.26605700 104.70773300 -44.18131600 0.96078431 0.61960784 0.04313725
v 2.26605700 104.70773300 -44.18131600 0.96078431 0.61960784 0.04313725
v 2.35339800 104.62815900 -44.39809400 0.96078431 0.61960784 0.04313725
v 2.35339800 104.62815900 -44.39809400 0.96078431 0.61960784 0.04313725
v 1.61393000 104.95752000 -43.51488500 0.96078431 0.61960784 0.04313725
v 1.61393000 104.95752000 -43.51488500 0.96078431 0.61960784 0.04313725
v 1.81568300 104.90926400 -43.64155600 0.96078431 0.61960784 0.04313725
v 1.81568300 104.90926400 -43.64155600 0.96078431 0.61960784 0.04313725
v 1.99471500 104.85022000 -43.79814500 0.96078431 0.61960784 0.04313725
v 1.99471500 104.85022000 -43.79814500 0.96078431 0.61960784 0.04313725
v 1.39269300 104.99364500 -43.42129900 0.96078431 0.61960784 0.04313725
v 1.39269300 104.99364500 -43.42129900 0.96078431 0.61960784 0.04313725
v 1.15917000 105.01633500 -43.36388800 0.96078431 0.61960784 0.04313725
v 1.15917000 105.01633500 -43.36388800 0.96078431 0.61960784 0.04313725
v -43.36417000 105.01622000 1.15995600 0.96078431 0.61960784 0.04313725
v -43.36417000 105.01622000 1.15995600 0.96078431 0.61960784 0.04313725
v -43.64218500 104.90902700 1.81674800 0.96078431 0.61960784 0.04313725
v -43.64218500 104.90902700 1.81674800 0.96078431 0.61960784 0.04313725
v -43.51529700 104.95736700 1.61449800 0.96078431 0.61960784 0.04313725
v -43.51529700 104.95736700 1.61449800 0.96078431 0.61960784 0.04313725
v -43.42152800 104.99355300 1.39389000 0.96078431 0.61960784 0.04313725
v -43.42152800 104.99355300 1.39389000 0.96078431 0.61960784 0.04313725
v -44.18166400 104.70760300 2.26624000 0.96078431 0.61960784 0.04313725
v -44.18166400 104.70760300 2.26624000 0.96078431 0.61960784 0.04313725
v -43.98004900 104.78224900 2.14619000 0.96078431 0.61960784 0.04313725
v -43.98004900 104.78224900 2.14619000 0.96078431 0.61960784 0.04313725
v -43.79851900 104.85007500 1.99502500 0.96078431 0.61960784 0.04313725
v -43.79851900 104.85007500 1.99502500 0.96078431 0.61960784 0.04313725
v -44.39912400 104.62778500 2.35371100 0.96078431 0.61960784 0.04313725
v -44.39912400 104.62778500 2.35371100 0.96078431 0.61960784 0.04313725
v -44.62612900 104.54520400 2.40625500 0.96078431 0.61960784 0.04313725
v -44.62612900 104.54520400 2.40625500 0.96078431 0.61960784 0.04313725
v -44.62585100 104.54530300 -2.40611000 0.96078431 0.61960784 0.04313725
v -44.62585100 104.54530300 -2.40611000 0.96078431 0.61960784 0.04313725
v -43.97915300 104.78258500 -2.14547300 0.96078431 0.61960784 0.04313725
v -43.97915300 104.78258500 -2.14547300 0.96078431 0.61960784 0.04313725
v -44.18131600 104.70773300 -2.26605700 0.96078431 0.61960784 0.04313725
v -44.18131600 104.70773300 -2.26605700 0.96078431 0.61960784 0.04313725
v -44.39809400 104.62815900 -2.35339800 0.96078431 0.61960784 0.04313725
v -44.39809400 104.62815900 -2.35339800 0.96078431 0.61960784 0.04313725
v -43.51488500 104.95752000 -1.61393000 0.96078431 0.61960784 0.04313725
v -43.51488500 104.95752000 -1.61393000 0.96078431 0.61960784 0.04313725
v -43.64155600 104.90926400 -1.81568300 0.96078431 0.61960784 0.04313725
v -43.64155600 104.90926400 -1.81568300 0.96078431 0.61960784 0.04313725
v -43.79814500 104.85022000 -1.99471500 0.96078431 0.61960784 0.04313725
v -43.79814500 104.85022000 -1.99471500 0.96078431 0.61960784 0.04313725
v -43.42129900 104.99364500 -1.39269300 0.96078431 0.61960784 0.04313725
v -43.42129900 104.99364500 -1.39269300 0.96078431 0.61960784 0.04313725
v -43.36388800 105.01633500 -1.15917000 0.96078431 0.61960784 0.04313725
v -43.36388800 105.01633500 -1.15917000 0.96078431 0.61960784 0.04313725
v 53.99576600 51.37125400 -2.40467800 0.96078431 0.61960784 0.04313725
v 49.42864600 103.06538400 -2.78138500 0.96078431 0.61960784 0.04313725
v 53.97992700 51.37055600 -2.32505300 0.96078431 0.61960784 0.04313725
v 49.10579300 103.03991700 -2.43751500 0.96078431 0.61960784 0.04313725
v 53.73159800 51.35138700 -2.01793200 0.96078431 0.61960784 0.04313725
v 49.18066000 103.04623400 -2.47001400 0.96078431 0.61960784 0.04313725
v 49.18066000 103.04623400 -2.47001400 0.96078431 0.61960784 0.04313725
v 49.44370700 103.06601000 -2.86184600 0.96078431 0.61960784 0.04313725
v 49.44370700 103.06601000 -2.86184600 0.96078431 0.61960784 0.04313725
v 53.95150400 51.36872100 -2.24902500 0.96078431 0.61960784 0.04313725
v 49.36084000 103.06069900 -2.63303500 0.96078431 0.61960784 0.04313725
v 49.36084000 103.06069900 -2.63303500 0.96078431 0.61960784 0.04313725
v 53.91129700 51.36579900 -2.17855300 0.96078431 0.61960784 0.04313725
v 53.79988900 51.35701800 -2.06147800 0.96078431 0.61960784 0.04313725
v 49.24931000 103.05190300 -2.51424400 0.96078431 0.61960784 0.04313725
v 53.86030200 51.36186200 -2.11550100 0.96078431 0.61960784 0.04313725
v 49.30989100 103.05676300 -2.56908200 0.96078431 0.61960784 0.04313725
v 49.30989100 103.05676300 -2.56908200 0.96078431 0.61960784 0.04313725
v 53.57872400 51.33838700 -1.96641900 0.96078431 0.61960784 0.04313725
v 53.65723800 51.34512700 -1.98595100 0.96078431 0.61960784 0.04313725
v 49.02666900 103.03311900 -2.41766200 0.96078431 0.61960784 0.04313725
v 49.02666900 103.03311900 -2.41766200 0.96078431 0.61960784 0.04313725
v 49.40076100 103.06359100 -2.70444200 0.96078431 0.61960784 0.04313725
v 49.40076100 103.06359100 -2.70444200 0.96078431 0.61960784 0.04313725
v 48.79019900 103.76946300 -2.56763000 0.96078431 0.61960784 0.04313725
v 48.66581700 103.81152300 -2.56638200 0.96078431 0.61960784 0.04313725
v 48.66581700 103.81152300 -2.56638200 0.96078431 0.61960784 0.04313725
v 48.65028400 103.75390600 -2.51418400 0.96078431 0.61960784 0.04313725
v 48.95652400 103.78537000 -2.70001200 0.96078431 0.61960784 0.04313725
v 48.81080200 103.81584900 -2.62911700 0.96078431 0.61960784 0.04313725
v 48.93465000 103.75156400 -2.63068600 0.96078431 0.61960784 0.04313725
v 48.82725500 103.85273000 -2.69786800 0.96078431 0.61960784 0.04313725
v 48.67906200 103.86051900 -2.62729200 0.96078431 0.61960784 0.04313725
v 48.67906200 103.86051900 -2.62729200 0.96078431 0.61960784 0.04313725
v 48.83916900 103.87921900 -2.77212800 0.96078431 0.61960784 0.04313725
v 48.68968200 103.89963500 -2.69543400 0.96078431 0.61960784 0.04313725
v 48.68968200 103.89963500 -2.69543400 0.96078431 0.61960784 0.04313725
v 48.70208000 103.94468700 -2.84644400 0.96078431 0.61960784 0.04313725
v 48.70208000 103.94468700 -2.84644400 0.96078431 0.61960784 0.04313725
v 48.69742200 103.92794000 -2.76908800 0.96078431 0.61960784 0.04313725
v 48.69742200 103.92794000 -2.76908800 0.96078431 0.61960784 0.04313725
v 48.84621400 103.89459200 -2.85005000 0.96078431 0.61960784 0.04313725
v 48.98395900 103.20555100 -2.41911100 0.96078431 0.61960784 0.04313725
v 49.05703000 103.23570300 -2.43900500 0.96078431 0.61960784 0.04313725
v 48.94323300 103.28515600 -2.41976300 0.96078431 0.61960784 0.04313725
v 48.76598400 103.71476000 -2.51491700 0.96078431 0.61960784 0.04313725
v 48.63284700 103.68905600 -2.47203400 0.96078431 0.61960784 0.04313725
v 48.63284700 103.68905600 -2.47203400 0.96078431 0.61960784 0.04313725
v 48.73874700 103.65309100 -2.47234300 0.96078431 0.61960784 0.04313725
v 48.70918700 103.58603700 -2.44093400 0.96078431 0.61960784 0.04313725
v 48.61393700 103.61862200 -2.44093600 0.96078431 0.61960784 0.04313725
v 48.59402100 103.54432700 -2.42170900 0.96078431 0.61960784 0.04313725
v 48.59402100 103.54432700 -2.42170900 0.96078431 0.61960784 0.04313725
v 48.67803600 103.51525900 -2.42152700 0.96078431 0.61960784 0.04313725
v 48.75685900 103.47375500 -2.42123400 0.96078431 0.61960784 0.04313725
v 48.89106000 103.35727700 -2.42034100 0.96078431 0.61960784 0.04313725
v 48.92862700 103.53502700 -2.47247200 0.96078431 0.61960784 0.04313725
v 48.97354100 103.58599100 -2.51579200 0.96078431 0.61960784 0.04313725
v 48.83828400 103.60137900 -2.47249200 0.96078431 0.61960784 0.04313725
v 48.82827000 103.42074600 -2.42083600 0.96078431 0.61960784 0.04313725
v 49.01195500 103.12097900 -2.41840600 0.96078431 0.61960784 0.04313725
v 49.08897400 103.13970200 -2.43829700 0.96078431 0.61960784 0.04313725
v 48.87476700 103.65838600 -2.51545900 0.96078431 0.61960784 0.04313725
v 48.90715800 103.70887000 -2.56865400 0.96078431 0.61960784 0.04313725
v 49.17709400 103.59531400 -2.70321200 0.96078431 0.61960784 0.04313725
v 49.19908100 103.61313600 -2.77904000 0.96078431 0.61960784 0.04313725
v 49.07382200 103.69900500 -2.70180300 0.96078431 0.61960784 0.04313725
v 49.37062100 103.36216700 -2.86136400 0.96078431 0.61960784 0.04313725
v 49.30086500 103.49892400 -2.86019000 0.96078431 0.61960784 0.04313725
v 49.21147200 103.62286400 -2.85843100 0.96078431 0.61960784 0.04313725
v 49.41854900 103.21689600 -2.86191900 0.96078431 0.61960784 0.04313725
v 49.28735000 103.49139400 -2.78042200 0.96078431 0.61960784 0.04313725
v 49.12620500 103.26413000 -2.47143300 0.96078431 0.61960784 0.04313725
v 49.16186500 103.15731000 -2.47078700 0.96078431 0.61960784 0.04313725
v 48.79864900 103.53931400 -2.44079800 0.96078431 0.61960784 0.04313725
v 49.04708100 103.66905200 -2.63195100 0.96078431 0.61960784 0.04313725
v 48.97225200 103.80945600 -2.77484500 0.96078431 0.61960784 0.04313725
v 48.98140300 103.82316600 -2.85330300 0.96078431 0.61960784 0.04313725
v 49.01335900 103.63104200 -2.56942300 0.96078431 0.61960784 0.04313725
v 48.87979100 103.47947700 -2.44053000 0.96078431 0.61960784 0.04313725
v 49.35628900 103.35691800 -2.78128700 0.96078431 0.61960784 0.04313725
v 49.26302000 103.47725700 -2.70419500 0.96078431 0.61960784 0.04313725
v 49.33018100 103.34674800 -2.70473500 0.96078431 0.61960784 0.04313725
v 49.09291800 103.72018400 -2.77716100 0.96078431 0.61960784 0.04313725
v 49.10384800 103.73198700 -2.85611100 0.96078431 0.61960784 0.04313725
v 49.00820200 103.45531500 -2.47228600 0.96078431 0.61960784 0.04313725
v 49.06056600 103.49897000 -2.51591100 0.96078431 0.61960784 0.04313725
v 48.95121400 103.40767700 -2.44013500 0.96078431 0.61960784 0.04313725
v 49.10693000 103.53748300 -2.56992600 0.96078431 0.61960784 0.04313725
v 49.14612200 103.56988500 -2.63289200 0.96078431 0.61960784 0.04313725
v 49.07442500 103.36452500 -2.47193800 0.96078431 0.61960784 0.04313725
v 49.13301800 103.39979600 -2.51581000 0.96078431 0.61960784 0.04313725
v 49.01061600 103.32598100 -2.43962400 0.96078431 0.61960784 0.04313725
v 49.18483700 103.43085500 -2.57014400 0.96078431 0.61960784 0.04313725
v 49.22856500 103.45690900 -2.63347700 0.96078431 0.61960784 0.04313725
v 49.18968200 103.29009200 -2.51549200 0.96078431 0.61960784 0.04313725
v 49.24577000 103.31288900 -2.57007300 0.96078431 0.61960784 0.04313725
v 49.29303000 103.33194700 -2.63369900 0.96078431 0.61960784 0.04313725
v 49.22872200 103.17333200 -2.51496600 0.96078431 0.61960784 0.04313725
v 49.28775000 103.18734000 -2.56971700 0.96078431 0.61960784 0.04313725
v 49.33743300 103.19898200 -2.63355000 0.96078431 0.61960784 0.04313725
v 49.37641100 103.20792400 -2.70481800 0.96078431 0.61960784 0.04313725
v 49.40370900 103.21395100 -2.78161000 0.96078431 0.61960784 0.04313725
v 44.98695400 104.93814800 -2.85570900 0.96078431 0.61960784 0.04313725
v 44.98695400 104.93814800 -2.85570900 0.96078431 0.61960784 0.04313725
v 44.98231500 104.92147100 -2.77826800 0.96078431 0.61960784 0.04313725
v 44.95074100 104.80513000 -2.57529000 0.96078431 0.61960784 0.04313725
v 44.95074100 104.80513000 -2.57529000 0.96078431 0.61960784 0.04313725
v 44.97459000 104.89321900 -2.70452300 0.96078431 0.61960784 0.04313725
v 44.97459000 104.89321900 -2.70452300 0.96078431 0.61960784 0.04313725
v 44.96398200 104.85412600 -2.63628900 0.96078431 0.61960784 0.04313725
v 44.89884600 104.61212200 -2.44964700 0.96078431 0.61960784 0.04313725
v 44.93520700 104.74749000 -2.52301300 0.96078431 0.61960784 0.04313725
v 44.91776300 104.68260200 -2.48079600 0.96078431 0.61960784 0.04313725
v 44.91776300 104.68260200 -2.48079600 0.96078431 0.61960784 0.04313725
v 44.87892200 104.53776600 -2.43038900 0.96078431 0.61960784 0.04313725
v 44.87892200 104.53776600 -2.43038900 0.96078431 0.61960784 0.04313725
v 43.32783900 105.29840100 -1.45514800 0.96078431 0.61960784 0.04313725
v 43.36179000 105.24420200 -1.43850500 0.96078431 0.61960784 0.04313725
v 43.43563800 105.26426700 -1.70241600 0.96078431 0.61960784 0.04313725
v 43.35531600 105.35547600 -1.75809400 0.96078431 0.61960784 0.04313725
v 43.28727000 105.34725200 -1.47346300 0.96078431 0.61960784 0.04313725
v 43.39840300 105.31308700 -1.72921400 0.96078431 0.61960784 0.04313725
v 43.27596700 105.27405500 -0.92086400 0.96078431 0.61960784 0.04313725
v 43.26181800 105.31994600 -1.19207600 0.96078431 0.61960784 0.04313725
v 43.23935700 105.32827800 -0.92117800 0.96078431 0.61960784 0.04313725
v 43.23935700 105.32827800 -0.92117800 0.96078431 0.61960784 0.04313725
v 43.29772900 105.26581600 -1.18348700 0.96078431 0.61960784 0.04313725
v 43.19613600 105.37716700 -0.92146200 0.96078431 0.61960784 0.04313725
v 43.21922300 105.36885100 -1.20148000 0.96078431 0.61960784 0.04313725
v 43.17065000 105.41167400 -1.21154100 0.96078431 0.61960784 0.04313725
v 43.11694300 105.44770800 -1.22208800 0.96078431 0.61960784 0.04313725
v 43.14690000 105.42009700 -0.92171200 0.96078431 0.61960784 0.04313725
v 43.14690000 105.42009700 -0.92171200 0.96078431 0.61960784 0.04313725
v 43.09247200 105.45631400 -0.92192300 0.96078431 0.61960784 0.04313725
v 43.05900200 105.47631800 -1.23294100 0.96078431 0.61960784 0.04313725
v 43.03377200 105.48517600 -0.92209300 0.96078431 0.61960784 0.04313725
v 43.03377200 105.48517600 -0.92209300 0.96078431 0.61960784 0.04313725
v 43.33980200 105.08996600 -0.91980000 0.96078431 0.61960784 0.04313725
v 43.33980200 105.08996600 -0.91980000 0.96078431 0.61960784 0.04313725
v 43.34716000 105.14556100 -1.16932700 0.96078431 0.61960784 0.04313725
v 43.32661400 105.15377000 -0.92016800 0.96078431 0.61960784 0.04313725
v 43.32661400 105.15377000 -0.92016800 0.96078431 0.61960784 0.04313725
v 43.32633200 105.20735200 -1.17586200 0.96078431 0.61960784 0.04313725
v 43.30521400 105.21554600 -0.92052500 0.96078431 0.61960784 0.04313725
v 43.30521400 105.21554600 -0.92052500 0.96078431 0.61960784 0.04313725
v 43.80435600 104.91817500 -2.00869600 0.96078431 0.61960784 0.04313725
v 43.41865200 105.05915800 -1.40132500 0.96078431 0.61960784 0.04313725
v 43.35983700 105.08148200 -1.16399600 0.96078431 0.61960784 0.04313725
v 43.98947100 104.85163900 -2.16017500 0.96078431 0.61960784 0.04313725
v 44.19456900 104.77848100 -2.27959300 0.96078431 0.61960784 0.04313725
v 43.99004400 104.98448900 -2.21161100 0.96078431 0.61960784 0.04313725
v 43.98117800 105.04526500 -2.24802700 0.96078431 0.61960784 0.04313725
v 43.79543300 105.04881300 -2.05553700 0.96078431 0.61960784 0.04313725
v 44.42745600 104.77115600 -2.38788400 0.96078431 0.61960784 0.04313725
v 44.67479700 104.76104000 -2.46924200 0.96078431 0.61960784 0.04313725
v 44.43568000 104.83863100 -2.42017200 0.96078431 0.61960784 0.04313725
v 43.62712100 105.10487400 -1.86952600 0.96078431 0.61960784 0.04313725
v 43.60753600 105.16429100 -1.89671300 0.96078431 0.61960784 0.04313725
v 43.49005900 105.15096300 -1.65691000 0.96078431 0.61960784 0.04313725
v 44.64474100 104.61959100 -2.41591800 0.96078431 0.61960784 0.04313725
v 44.41517300 104.70034000 -2.36557600 0.96078431 0.61960784 0.04313725
v 44.66109800 104.69211600 -2.43706500 0.96078431 0.61960784 0.04313725
v 43.46637700 105.20990800 -1.67816900 0.96078431 0.61960784 0.04313725
v 43.38851900 105.18557000 -1.42382600 0.96078431 0.61960784 0.04313725
v 43.54845800 105.26770000 -1.96262800 0.96078431 0.61960784 0.04313725
v 43.51004800 105.30978400 -2.00014200 0.96078431 0.61960784 0.04313725
v 43.58114600 105.21889500 -1.92794200 0.96078431 0.61960784 0.04313725
v 44.39636600 105.09819000 -2.76939500 0.96078431 0.61960784 0.04313725
v 44.11607700 105.17527800 -2.65812300 0.96078431 0.61960784 0.04313725
v 43.89018600 105.22366300 -2.44663400 0.96078431 0.61960784 0.04313725
v 43.70024900 105.25430300 -2.21236400 0.96078431 0.61960784 0.04313725
v 43.92044400 105.19072000 -2.39096900 0.96078431 0.61960784 0.04313725
v 43.85585400 105.24757400 -2.50450300 0.96078431 0.61960784 0.04313725
v 44.68848000 105.01863900 -2.83539400 0.96078431 0.61960784 0.04313725
v 44.41296800 105.07761400 -2.69893900 0.96078431 0.61960784 0.04313725
v 44.14206300 105.15294600 -2.59335700 0.96078431 0.61960784 0.04313725
v 44.16411200 105.12102500 -2.53120100 0.96078431 0.61960784 0.04313725
v 43.51474000 105.02356000 -1.62479000 0.96078431 0.61960784 0.04313725
v 43.40759300 105.12353500 -1.41135900 0.96078431 0.61960784 0.04313725
v 43.24077200 105.38989300 -1.49313800 0.96078431 0.61960784 0.04313725
v 43.18915900 105.42560600 -1.51382900 0.96078431 0.61960784 0.04313725
v 43.13331200 105.45375100 -1.53518200 0.96078431 0.61960784 0.04313725
v 43.64460800 104.97605900 -1.82917300 0.96078431 0.61960784 0.04313725
v 43.50628300 105.08847800 -1.63900800 0.96078431 0.61960784 0.04313725
v 43.30715600 105.39070900 -1.78853800 0.96078431 0.61960784 0.04313725
v 43.25476800 105.41814400 -1.82001000 0.96078431 0.61960784 0.04313725
v 43.73279200 105.21258500 -2.16698400 0.96078431 0.61960784 0.04313725
v 43.46664400 105.34439100 -2.03978800 0.96078431 0.61960784 0.04313725
v 43.41903300 105.37086500 -2.08084000 0.96078431 0.61960784 0.04313725
v 43.63956100 105.04174000 -1.84686900 0.96078431 0.61960784 0.04313725
v 43.78084600 105.10884900 -2.08780900 0.96078431 0.61960784 0.04313725
v 43.75982300 105.16378800 -2.12520200 0.96078431 0.61960784 0.04313725
v 43.66284200 105.28813900 -2.26046100 0.96078431 0.61960784 0.04313725
v 43.62126500 105.31343800 -2.31035900 0.96078431 0.61960784 0.04313725
v 43.80332600 104.98484800 -2.02899000 0.96078431 0.61960784 0.04313725
v 43.96640000 105.10061600 -2.29065600 0.96078431 0.61960784 0.04313725
v 43.99283200 104.91951000 -2.18212100 0.96078431 0.61960784 0.04313725
v 43.94602600 105.14943700 -2.33862000 0.96078431 0.61960784 0.04313725
v 44.42583800 105.04682200 -2.63148900 0.96078431 0.61960784 0.04313725
v 44.20508600 104.91388700 -2.33359200 0.96078431 0.61960784 0.04313725
v 44.20247300 104.97554000 -2.37309600 0.96078431 0.61960784 0.04313725
v 44.20243500 104.84773300 -2.30219300 0.96078431 0.61960784 0.04313725
v 44.19463700 105.03137200 -2.41989100 0.96078431 0.61960784 0.04313725
v 44.18176700 105.08022300 -2.47296100 0.96078431 0.61960784 0.04313725
v 44.43967800 104.90127600 -2.46168400 0.96078431 0.61960784 0.04313725
v 44.43934600 104.95765700 -2.51152100 0.96078431 0.61960784 0.04313725
v 44.43470400 105.00655400 -2.56854000 0.96078431 0.61960784 0.04313725
v 44.68553500 104.82476000 -2.51164700 0.96078431 0.61960784 0.04313725
v 44.69303900 104.88175200 -2.56331800 0.96078431 0.61960784 0.04313725
v 44.69714400 104.93069500 -2.62299900 0.96078431 0.61960784 0.04313725
v 44.69774600 104.97039000 -2.68931200 0.96078431 0.61960784 0.04313725
v 44.69483900 104.99995400 -2.76066600 0.96078431 0.61960784 0.04313725
v 43.03377200 105.48517600 0.92209300 0.96078431 0.61960784 0.04313725
v 43.03377200 105.48517600 0.92209300 0.96078431 0.61960784 0.04313725
v 43.09247200 105.45631400 0.92192300 0.96078431 0.61960784 0.04313725
v 43.23935700 105.32827800 0.92117800 0.96078431 0.61960784 0.04313725
v 43.23935700 105.32827800 0.92117800 0.96078431 0.61960784 0.04313725
v 43.14690000 105.42009700 0.92171200 0.96078431 0.61960784 0.04313725
v 43.14690000 105.42009700 0.92171200 0.96078431 0.61960784 0.04313725
v 43.19613600 105.37716700 0.92146200 0.96078431 0.61960784 0.04313725
v 43.19613600 105.37716700 0.92146200 0.96078431 0.61960784 0.04313725
v 43.32661400 105.15377000 0.92016800 0.96078431 0.61960784 0.04313725
v 43.27596700 105.27405500 0.92086400 0.96078431 0.61960784 0.04313725
v 43.30521400 105.21554600 0.92052500 0.96078431 0.61960784 0.04313725
v 43.30521400 105.21554600 0.92052500 0.96078431 0.61960784 0.04313725
v 43.33980200 105.08996600 0.91980000 0.96078431 0.61960784 0.04313725
v 43.33980200 105.08996600 0.91980000 0.96078431 0.61960784 0.04313725
v 44.67449600 104.76113900 2.46909100 0.96078431 0.61960784 0.04313725
v 44.43856000 104.90162700 2.46137600 0.96078431 0.61960784 0.04313725
v 44.68522300 104.82486000 2.51149200 0.96078431 0.61960784 0.04313725
v 44.93520700 104.74749000 2.52301300 0.96078431 0.61960784 0.04313725
v 44.69271900 104.88185100 2.56315800 0.96078431 0.61960784 0.04313725
v 44.95074100 104.80513000 2.57529000 0.96078431 0.61960784 0.04313725
v 44.95074100 104.80513000 2.57529000 0.96078431 0.61960784 0.04313725
v 44.69740700 104.97049000 2.68913900 0.96078431 0.61960784 0.04313725
v 44.96398200 104.85412600 2.63628900 0.96078431 0.61960784 0.04313725
v 44.96398200 104.85412600 2.63628900 0.96078431 0.61960784 0.04313725
v 44.69681500 104.93078600 2.62283400 0.96078431 0.61960784 0.04313725
v 44.69448900 105.00005300 2.76048700 0.96078431 0.61960784 0.04313725
v 44.97459000 104.89321900 2.70452300 0.96078431 0.61960784 0.04313725
v 44.97459000 104.89321900 2.70452300 0.96078431 0.61960784 0.04313725
v 44.98231500 104.92147100 2.77826800 0.96078431 0.61960784 0.04313725
v 44.98231500 104.92147100 2.77826800 0.96078431 0.61960784 0.04313725
v 44.68812200 105.01874500 2.83520700 0.96078431 0.61960784 0.04313725
v 44.98695400 104.93814800 2.85570900 0.96078431 0.61960784 0.04313725
v 44.98695400 104.93814800 2.85570900 0.96078431 0.61960784 0.04313725
v 44.66080500 104.69221500 2.43691700 0.96078431 0.61960784 0.04313725
v 44.89884600 104.61212200 2.44964700 0.96078431 0.61960784 0.04313725
v 44.64445900 104.61969800 2.41577200 0.96078431 0.61960784 0.04313725
v 44.41413100 104.70071400 2.36527200 0.96078431 0.61960784 0.04313725
v 43.64396300 104.97629500 1.82809500 0.96078431 0.61960784 0.04313725
v 43.51431700 105.02371200 1.62421800 0.96078431 0.61960784 0.04313725
v 44.91776300 104.68260200 2.48079600 0.96078431 0.61960784 0.04313725
v 44.91776300 104.68260200 2.48079600 0.96078431 0.61960784 0.04313725
v 44.87892200 104.53776600 2.43038900 0.96078431 0.61960784 0.04313725
v 44.87892200 104.53776600 2.43038900 0.96078431 0.61960784 0.04313725
v 44.20471600 104.91400900 2.33340800 0.96078431 0.61960784 0.04313725
v 43.98019000 105.04558600 2.24726600 0.96078431 0.61960784 0.04313725
v 44.20209500 104.97566200 2.37290600 0.96078431 0.61960784 0.04313725
v 43.80397400 104.91831200 2.00838700 0.96078431 0.61960784 0.04313725
v 43.98908200 104.98480200 2.21087000 0.96078431 0.61960784 0.04313725
v 43.34685900 105.14566800 1.16851500 0.96078431 0.61960784 0.04313725
v 43.41841500 105.05925000 1.40010800 0.96078431 0.61960784 0.04313725
v 43.35954700 105.08159600 1.16319900 0.96078431 0.61960784 0.04313725
v 43.79503300 105.04895000 2.05522000 0.96078431 0.61960784 0.04313725
v 43.78043000 105.10897800 2.08748300 0.96078431 0.61960784 0.04313725
v 43.40735200 105.12362700 1.41011600 0.96078431 0.61960784 0.04313725
v 44.43459300 104.83898900 2.41987100 0.96078431 0.61960784 0.04313725
v 44.43819000 104.95800800 2.51120300 0.96078431 0.61960784 0.04313725
v 43.05863600 105.47643300 1.23192600 0.96078431 0.61960784 0.04313725
v 44.19424800 105.03149400 2.41969500 0.96078431 0.61960784 0.04313725
v 43.96538200 105.10092900 2.28987000 0.96078431 0.61960784 0.04313725
v 43.94497300 105.14975000 2.33780500 0.96078431 0.61960784 0.04313725
v 44.43351000 105.00689700 2.56820700 0.96078431 0.61960784 0.04313725
v 44.18136200 105.08034500 2.47275800 0.96078431 0.61960784 0.04313725
v 44.16369200 105.12114700 2.53098800 0.96078431 0.61960784 0.04313725
v 43.46585500 105.34462000 2.03846100 0.96078431 0.61960784 0.04313725
v 43.25423400 105.41829700 1.81927800 0.96078431 0.61960784 0.04313725
v 43.41822100 105.37110100 2.07946500 0.96078431 0.61960784 0.04313725
v 43.91935700 105.19104000 2.39012100 0.96078431 0.61960784 0.04313725
v 43.13301500 105.45384200 1.53363400 0.96078431 0.61960784 0.04313725
v 43.30663700 105.39086200 1.78783500 0.96078431 0.61960784 0.04313725
v 43.50928100 105.31000500 1.99886300 0.96078431 0.61960784 0.04313725
v 43.69979500 105.25443300 2.21200000 0.96078431 0.61960784 0.04313725
v 43.18887300 105.42569000 1.51233300 0.96078431 0.61960784 0.04313725
v 43.35480900 105.35562900 1.75741800 0.96078431 0.61960784 0.04313725
v 44.19421400 104.77861000 2.27941100 0.96078431 0.61960784 0.04313725
v 44.42639500 104.77151500 2.38758400 0.96078431 0.61960784 0.04313725
v 44.42460300 105.04717300 2.63113700 0.96078431 0.61960784 0.04313725
v 44.41169000 105.07796500 2.69856600 0.96078431 0.61960784 0.04313725
v 44.39503900 105.09854900 2.76899900 0.96078431 0.61960784 0.04313725
v 43.98856000 104.85197400 2.15945700 0.96078431 0.61960784 0.04313725
v 44.20207600 104.84785500 2.30201100 0.96078431 0.61960784 0.04313725
v 44.14163200 105.15306900 2.59313500 0.96078431 0.61960784 0.04313725
v 44.11563100 105.17540000 2.65789000 0.96078431 0.61960784 0.04313725
v 43.99189800 104.91983800 2.18139400 0.96078431 0.61960784 0.04313725
v 43.73234900 105.21271500 2.16663500 0.96078431 0.61960784 0.04313725
v 43.88906500 105.22398400 2.44575100 0.96078431 0.61960784 0.04313725
v 43.85469800 105.24789400 2.50358300 0.96078431 0.61960784 0.04313725
v 43.75939600 105.16391800 2.12486600 0.96078431 0.61960784 0.04313725
v 43.80293700 104.98498500 2.02867800 0.96078431 0.61960784 0.04313725
v 43.24049400 105.38997700 1.49169200 0.96078431 0.61960784 0.04313725
v 43.66236900 105.28827700 2.26008100 0.96078431 0.61960784 0.04313725
v 43.62078100 105.31357600 2.30996200 0.96078431 0.61960784 0.04313725
v 43.38827500 105.18566100 1.42255200 0.96078431 0.61960784 0.04313725
v 43.32602300 105.20745800 1.17503000 0.96078431 0.61960784 0.04313725
v 43.62644600 105.10510300 1.86840100 0.96078431 0.61960784 0.04313725
v 43.60683800 105.16452000 1.89555500 0.96078431 0.61960784 0.04313725
v 43.63890100 105.04197700 1.84577000 0.96078431 0.61960784 0.04313725
v 43.58042900 105.21912400 1.92674800 0.96078431 0.61960784 0.04313725
v 43.54771400 105.26792100 1.96139300 0.96078431 0.61960784 0.04313725
v 43.48961300 105.15110800 1.65631700 0.96078431 0.61960784 0.04313725
v 43.46591600 105.21006000 1.67755900 0.96078431 0.61960784 0.04313725
v 43.50584800 105.08863100 1.63842700 0.96078431 0.61960784 0.04313725
v 43.43516200 105.26442000 1.70178700 0.96078431 0.61960784 0.04313725
v 43.39791100 105.31323200 1.72856300 0.96078431 0.61960784 0.04313725
v 43.36153800 105.24428600 1.43719400 0.96078431 0.61960784 0.04313725
v 43.32757900 105.29848500 1.45379600 0.96078431 0.61960784 0.04313725
v 43.28700300 105.34733600 1.47206600 0.96078431 0.61960784 0.04313725
v 43.29740900 105.26592300 1.18263200 0.96078431 0.61960784 0.04313725
v 43.26148600 105.32005300 1.19119400 0.96078431 0.61960784 0.04313725
v 43.21888400 105.36895800 1.20056700 0.96078431 0.61960784 0.04313725
v 43.17030300 105.41178100 1.21059600 0.96078431 0.61960784 0.04313725
v 43.11658900 105.44781500 1.22110800 0.96078431 0.61960784 0.04313725
v 48.70208000 103.94468700 2.84644400 0.96078431 0.61960784 0.04313725
v 48.70208000 103.94468700 2.84644400 0.96078431 0.61960784 0.04313725
v 48.67906200 103.86051900 2.62729200 0.96078431 0.61960784 0.04313725
v 48.68968200 103.89963500 2.69543400 0.96078431 0.61960784 0.04313725
v 48.68968200 103.89963500 2.69543400 0.96078431 0.61960784 0.04313725
v 48.69742200 103.92794000 2.76908800 0.96078431 0.61960784 0.04313725
v 48.65028400 103.75390600 2.51418400 0.96078431 0.61960784 0.04313725
v 48.63284700 103.68905600 2.47203400 0.96078431 0.61960784 0.04313725
v 48.63284700 103.68905600 2.47203400 0.96078431 0.61960784 0.04313725
v 48.66581700 103.81152300 2.56638200 0.96078431 0.61960784 0.04313725
v 48.66581700 103.81152300 2.56638200 0.96078431 0.61960784 0.04313725
v 48.61393700 103.61862200 2.44093600 0.96078431 0.61960784 0.04313725
v 48.59402100 103.54432700 2.42170900 0.96078431 0.61960784 0.04313725
v 48.59402100 103.54432700 2.42170900 0.96078431 0.61960784 0.04313725
v 49.24931000 103.05190300 2.51424400 0.96078431 0.61960784 0.04313725
v 49.24931000 103.05190300 2.51424400 0.96078431 0.61960784 0.04313725
v 49.28759400 103.18763700 2.56971700 0.96078431 0.61960784 0.04313725
v 49.30989100 103.05676300 2.56908200 0.96078431 0.61960784 0.04313725
v 49.30989100 103.05676300 2.56908200 0.96078431 0.61960784 0.04313725
v 49.24552200 103.31360600 2.57007500 0.96078431 0.61960784 0.04313725
v 49.29276700 103.33271000 2.63370000 0.96078431 0.61960784 0.04313725
v 49.36084000 103.06069900 2.63303500 0.96078431 0.61960784 0.04313725
v 49.33726500 103.19929500 2.63355000 0.96078431 0.61960784 0.04313725
v 49.37624000 103.20825200 2.70481600 0.96078431 0.61960784 0.04313725
v 49.40353000 103.21429400 2.78160800 0.96078431 0.61960784 0.04313725
v 49.40076100 103.06359100 2.70444200 0.96078431 0.61960784 0.04313725
v 49.40076100 103.06359100 2.70444200 0.96078431 0.61960784 0.04313725
v 49.44370700 103.06601000 2.86184600 0.96078431 0.61960784 0.04313725
v 49.44370700 103.06601000 2.86184600 0.96078431 0.61960784 0.04313725
v 49.42864600 103.06538400 2.78138500 0.96078431 0.61960784 0.04313725
v 49.42864600 103.06538400 2.78138500 0.96078431 0.61960784 0.04313725
v 49.41836900 103.21723900 2.86191600 0.96078431 0.61960784 0.04313725
v 49.10579300 103.03991700 2.43751500 0.96078431 0.61960784 0.04313725
v 49.10579300 103.03991700 2.43751500 0.96078431 0.61960784 0.04313725
v 49.08885600 103.13993100 2.43829800 0.96078431 0.61960784 0.04313725
v 49.16173200 103.15756200 2.47078800 0.96078431 0.61960784 0.04313725
v 49.22857300 103.17360700 2.51496700 0.96078431 0.61960784 0.04313725
v 49.02666900 103.03311900 2.41766200 0.96078431 0.61960784 0.04313725
v 49.02666900 103.03311900 2.41766200 0.96078431 0.61960784 0.04313725
v 48.82812500 103.42089800 2.42083700 0.96078431 0.61960784 0.04313725
v 48.75641300 103.47399900 2.42123600 0.96078431 0.61960784 0.04313725
v 48.79814500 103.53958900 2.44079900 0.96078431 0.61960784 0.04313725
v 48.98379500 103.20603200 2.41911500 0.96078431 0.61960784 0.04313725
v 49.01185200 103.12117800 2.41840700 0.96078431 0.61960784 0.04313725
v 48.89071300 103.35768900 2.42034400 0.96078431 0.61960784 0.04313725
v 48.94311100 103.28532400 2.41976400 0.96078431 0.61960784 0.04313725
v 49.00775900 103.45583300 2.47228800 0.96078431 0.61960784 0.04313725
v 49.06008500 103.49953500 2.51591100 0.96078431 0.61960784 0.04313725
v 49.07427200 103.36473800 2.47193900 0.96078431 0.61960784 0.04313725
v 48.67786000 103.51538800 2.42152800 0.96078431 0.61960784 0.04313725
v 49.18945300 103.29075600 2.51549500 0.96078431 0.61960784 0.04313725
v 49.12599600 103.26474000 2.47143700 0.96078431 0.61960784 0.04313725
v 48.70898400 103.58618900 2.44093500 0.96078431 0.61960784 0.04313725
v 48.73852200 103.65325900 2.47234300 0.96078431 0.61960784 0.04313725
v 48.83772300 103.60167700 2.47249100 0.96078431 0.61960784 0.04313725
v 49.18066000 103.04623400 2.47001400 0.96078431 0.61960784 0.04313725
v 49.18066000 103.04623400 2.47001400 0.96078431 0.61960784 0.04313725
v 49.19849400 103.61383100 2.77903000 0.96078431 0.61960784 0.04313725
v 49.26282100 103.47753900 2.70419200 0.96078431 0.61960784 0.04313725
v 49.17652100 103.59598500 2.70320500 0.96078431 0.61960784 0.04313725
v 49.32990600 103.34754200 2.70473500 0.96078431 0.61960784 0.04313725
v 48.98064400 103.82357800 2.85328400 0.96078431 0.61960784 0.04313725
v 49.10359600 103.73223900 2.85610500 0.96078431 0.61960784 0.04313725
v 49.21087600 103.62357300 2.85841800 0.96078431 0.61960784 0.04313725
v 48.84591300 103.89482100 2.85004300 0.96078431 0.61960784 0.04313725
v 49.09266700 103.72042800 2.77715700 0.96078431 0.61960784 0.04313725
v 49.05684300 103.23625200 2.43900900 0.96078431 0.61960784 0.04313725
v 49.22837400 103.45717600 2.63347600 0.96078431 0.61960784 0.04313725
v 49.35600700 103.35772700 2.78128500 0.96078431 0.61960784 0.04313725
v 49.37033500 103.36299100 2.86136100 0.96078431 0.61960784 0.04313725
v 49.13285100 103.40003200 2.51581100 0.96078431 0.61960784 0.04313725
v 49.01047900 103.32617200 2.43962500 0.96078431 0.61960784 0.04313725
v 49.18465800 103.43110700 2.57014300 0.96078431 0.61960784 0.04313725
v 49.28714400 103.49168400 2.78041900 0.96078431 0.61960784 0.04313725
v 49.30065900 103.49921400 2.86018600 0.96078431 0.61960784 0.04313725
v 49.10641100 103.53808600 2.56992400 0.96078431 0.61960784 0.04313725
v 48.95081700 103.40814200 2.44013800 0.96078431 0.61960784 0.04313725
v 49.14557300 103.57052600 2.63288700 0.96078431 0.61960784 0.04313725
v 48.95579900 103.78575900 2.70000000 0.96078431 0.61960784 0.04313725
v 48.97150400 103.80986000 2.77483000 0.96078431 0.61960784 0.04313725
v 49.07357800 103.69924200 2.70180000 0.96078431 0.61960784 0.04313725
v 48.92844400 103.53521000 2.47247200 0.96078431 0.61960784 0.04313725
v 48.97333500 103.58618900 2.51579100 0.96078431 0.61960784 0.04313725
v 48.87962300 103.47963700 2.44053100 0.96078431 0.61960784 0.04313725
v 49.01313800 103.63125600 2.56942200 0.96078431 0.61960784 0.04313725
v 49.04685200 103.66928100 2.63194800 0.96078431 0.61960784 0.04313725
v 48.87415300 103.65871400 2.51545600 0.96078431 0.61960784 0.04313725
v 48.90649800 103.70922100 2.56864900 0.96078431 0.61960784 0.04313725
v 48.93395200 103.75194500 2.63067700 0.96078431 0.61960784 0.04313725
v 48.76573600 103.71494300 2.51491600 0.96078431 0.61960784 0.04313725
v 48.78993600 103.76965300 2.56762800 0.96078431 0.61960784 0.04313725
v 48.81052400 103.81606300 2.62911400 0.96078431 0.61960784 0.04313725
v 48.82696500 103.85295100 2.69786400 0.96078431 0.61960784 0.04313725
v 48.83887100 103.87944000 2.77212300 0.96078431 0.61960784 0.04313725
v 53.97992300 51.37055600 2.32505300 0.96078431 0.61960784 0.04313725
v 53.99576600 51.37125800 2.40467800 0.96078431 0.61960784 0.04313725
v 53.95150400 51.36872100 2.24902500 0.96078431 0.61960784 0.04313725
v 53.91129700 51.36579900 2.17855300 0.96078431 0.61960784 0.04313725
v 53.73159800 51.35139100 2.01793200 0.96078431 0.61960784 0.04313725
v 53.79988900 51.35701800 2.06147800 0.96078431 0.61960784 0.04313725
v 53.86030200 51.36186200 2.11550100 0.96078431 0.61960784 0.04313725
v 53.65723800 51.34512700 1.98595100 0.96078431 0.61960784 0.04313725
v 53.57872400 51.33839000 1.96641900 0.96078431 0.61960784 0.04313725
v -2.40467800 51.37125400 -53.99576600 0.96078431 0.61960784 0.04313725
v -2.78138500 103.06538400 -49.42864600 0.96078431 0.61960784 0.04313725
v -2.32505300 51.37055600 -53.97992700 0.96078431 0.61960784 0.04313725
v -2.43751500 103.03991700 -49.10579300 0.96078431 0.61960784 0.04313725
v -2.01793200 51.35138700 -53.73159800 0.96078431 0.61960784 0.04313725
v -2.47001400 103.04623400 -49.18066000 0.96078431 0.61960784 0.04313725
v -2.47001400 103.04623400 -49.18066000 0.96078431 0.61960784 0.04313725
v -2.86184600 103.06601000 -49.44370700 0.96078431 0.61960784 0.04313725
v -2.86184600 103.06601000 -49.44370700 0.96078431 0.61960784 0.04313725
v -2.24902500 51.36872100 -53.95150400 0.96078431 0.61960784 0.04313725
v -2.63303500 103.06069900 -49.36084000 0.96078431 0.61960784 0.04313725
v -2.63303500 103.06069900 -49.36084000 0.96078431 0.61960784 0.04313725
v -2.17855300 51.36579900 -53.91129700 0.96078431 0.61960784 0.04313725
v -2.06147800 51.35701800 -53.79988900 0.96078431 0.61960784 0.04313725
v -2.51424400 103.05190300 -49.24931000 0.96078431 0.61960784 0.04313725
v -2.11550100 51.36186200 -53.86030200 0.96078431 0.61960784 0.04313725
v -2.56908200 103.05676300 -49.30989100 0.96078431 0.61960784 0.04313725
v -2.56908200 103.05676300 -49.30989100 0.96078431 0.61960784 0.04313725
v -1.96641900 51.33838700 -53.57872400 0.96078431 0.61960784 0.04313725
v -1.98595100 51.34512700 -53.65723800 0.96078431 0.61960784 0.04313725
v -2.41766200 103.03311900 -49.02666900 0.96078431 0.61960784 0.04313725
v -2.41766200 103.03311900 -49.02666900 0.96078431 0.61960784 0.04313725
v -2.70444200 103.06359100 -49.40076100 0.96078431 0.61960784 0.04313725
v -2.70444200 103.06359100 -49.40076100 0.96078431 0.61960784 0.04313725
v -2.56763000 103.76946300 -48.79019900 0.96078431 0.61960784 0.04313725
v -2.56638200 103.81152300 -48.66581700 0.96078431 0.61960784 0.04313725
v -2.56638200 103.81152300 -48.66581700 0.96078431 0.61960784 0.04313725
v -2.51418400 103.75390600 -48.65028400 0.96078431 0.61960784 0.04313725
v -2.70001200 103.78537000 -48.95652400 0.96078431 0.61960784 0.04313725
v -2.62911700 103.81584900 -48.81080200 0.96078431 0.61960784 0.04313725
v -2.63068600 103.75156400 -48.93465000 0.96078431 0.61960784 0.04313725
v -2.69786800 103.85273000 -48.82725500 0.96078431 0.61960784 0.04313725
v -2.62729200 103.86051900 -48.67906200 0.96078431 0.61960784 0.04313725
v -2.62729200 103.86051900 -48.67906200 0.96078431 0.61960784 0.04313725
v -2.77212800 103.87921900 -48.83916900 0.96078431 0.61960784 0.04313725
v -2.69543400 103.89963500 -48.68968200 0.96078431 0.61960784 0.04313725
v -2.69543400 103.89963500 -48.68968200 0.96078431 0.61960784 0.04313725
v -2.84644400 103.94468700 -48.70208000 0.96078431 0.61960784 0.04313725
v -2.84644400 103.94468700 -48.70208000 0.96078431 0.61960784 0.04313725
v -2.76908800 103.92794000 -48.69742200 0.96078431 0.61960784 0.04313725
v -2.76908800 103.92794000 -48.69742200 0.96078431 0.61960784 0.04313725
v -2.85005000 103.89459200 -48.84621400 0.96078431 0.61960784 0.04313725
v -2.41911100 103.20555100 -48.98395900 0.96078431 0.61960784 0.04313725
v -2.43900500 103.23570300 -49.05703000 0.96078431 0.61960784 0.04313725
v -2.41976300 103.28515600 -48.94323300 0.96078431 0.61960784 0.04313725
v -2.51491700 103.71476000 -48.76598400 0.96078431 0.61960784 0.04313725
v -2.47203400 103.68905600 -48.63284700 0.96078431 0.61960784 0.04313725
v -2.47203400 103.68905600 -48.63284700 0.96078431 0.61960784 0.04313725
v -2.47234300 103.65309100 -48.73874700 0.96078431 0.61960784 0.04313725
v -2.44093400 103.58603700 -48.70918700 0.96078431 0.61960784 0.04313725
v -2.44093600 103.61862200 -48.61393700 0.96078431 0.61960784 0.04313725
v -2.42170900 103.54432700 -48.59402100 0.96078431 0.61960784 0.04313725
v -2.42170900 103.54432700 -48.59402100 0.96078431 0.61960784 0.04313725
v -2.42152700 103.51525900 -48.67803600 0.96078431 0.61960784 0.04313725
v -2.42123400 103.47375500 -48.75685900 0.96078431 0.61960784 0.04313725
v -2.42034100 103.35727700 -48.89106000 0.96078431 0.61960784 0.04313725
v -2.47247200 103.53502700 -48.92862700 0.96078431 0.61960784 0.04313725
v -2.51579200 103.58599100 -48.97354100 0.96078431 0.61960784 0.04313725
v -2.47249200 103.60137900 -48.83828400 0.96078431 0.61960784 0.04313725
v -2.42083600 103.42074600 -48.82827000 0.96078431 0.61960784 0.04313725
v -2.41840600 103.12097900 -49.01195500 0.96078431 0.61960784 0.04313725
v -2.43829700 103.13970200 -49.08897400 0.96078431 0.61960784 0.04313725
v -2.51545900 103.65838600 -48.87476700 0.96078431 0.61960784 0.04313725
v -2.56865400 103.70887000 -48.90715800 0.96078431 0.61960784 0.04313725
v -2.70321200 103.59531400 -49.17709400 0.96078431 0.61960784 0.04313725
v -2.77904000 103.61313600 -49.19908100 0.96078431 0.61960784 0.04313725
v -2.70180300 103.69900500 -49.07382200 0.96078431 0.61960784 0.04313725
v -2.86136400 103.36216700 -49.37062100 0.96078431 0.61960784 0.04313725
v -2.86019000 103.49892400 -49.30086500 0.96078431 0.61960784 0.04313725
v -2.85843100 103.62286400 -49.21147200 0.96078431 0.61960784 0.04313725
v -2.86191900 103.21689600 -49.41854900 0.96078431 0.61960784 0.04313725
v -2.78042200 103.49139400 -49.28735000 0.96078431 0.61960784 0.04313725
v -2.47143300 103.26413000 -49.12620500 0.96078431 0.61960784 0.04313725
v -2.47078700 103.15731000 -49.16186500 0.96078431 0.61960784 0.04313725
v -2.44079800 103.53931400 -48.79864900 0.96078431 0.61960784 0.04313725
v -2.63195100 103.66905200 -49.04708100 0.96078431 0.61960784 0.04313725
v -2.77484500 103.80945600 -48.97225200 0.96078431 0.61960784 0.04313725
v -2.85330300 103.82316600 -48.98140300 0.96078431 0.61960784 0.04313725
v -2.56942300 103.63104200 -49.01335900 0.96078431 0.61960784 0.04313725
v -2.44053000 103.47947700 -48.87979100 0.96078431 0.61960784 0.04313725
v -2.78128700 103.35691800 -49.35628900 0.96078431 0.61960784 0.04313725
v -2.70419500 103.47725700 -49.26302000 0.96078431 0.61960784 0.04313725
v -2.70473500 103.34674800 -49.33018100 0.96078431 0.61960784 0.04313725
v -2.77716100 103.72018400 -49.09291800 0.96078431 0.61960784 0.04313725
v -2.85611100 103.73198700 -49.10384800 0.96078431 0.61960784 0.04313725
v -2.47228600 103.45531500 -49.00820200 0.96078431 0.61960784 0.04313725
v -2.51591100 103.49897000 -49.06056600 0.96078431 0.61960784 0.04313725
v -2.44013500 103.40767700 -48.95121400 0.96078431 0.61960784 0.04313725
v -2.56992600 103.53748300 -49.10693000 0.96078431 0.61960784 0.04313725
v -2.63289200 103.56988500 -49.14612200 0.96078431 0.61960784 0.04313725
v -2.47193800 103.36452500 -49.07442500 0.96078431 0.61960784 0.04313725
v -2.51581000 103.39979600 -49.13301800 0.96078431 0.61960784 0.04313725
v -2.43962400 103.32598100 -49.01061600 0.96078431 0.61960784 0.04313725
v -2.57014400 103.43085500 -49.18483700 0.96078431 0.61960784 0.04313725
v -2.63347700 103.45690900 -49.22856500 0.96078431 0.61960784 0.04313725
v -2.51549200 103.29009200 -49.18968200 0.96078431 0.61960784 0.04313725
v -2.57007300 103.31288900 -49.24577000 0.96078431 0.61960784 0.04313725
v -2.63369900 103.33194700 -49.29303000 0.96078431 0.61960784 0.04313725
v -2.51496600 103.17333200 -49.22872200 0.96078431 0.61960784 0.04313725
v -2.56971700 103.18734000 -49.28775000 0.96078431 0.61960784 0.04313725
v -2.63355000 103.19898200 -49.33743300 0.96078431 0.61960784 0.04313725
v -2.70481800 103.20792400 -49.37641100 0.96078431 0.61960784 0.04313725
v -2.78161000 103.21395100 -49.40370900 0.96078431 0.61960784 0.04313725
v -2.85570900 104.93814800 -44.98695400 0.96078431 0.61960784 0.04313725
v -2.85570900 104.93814800 -44.98695400 0.96078431 0.61960784 0.04313725
v -2.77826800 104.92147100 -44.98231500 0.96078431 0.61960784 0.04313725
v -2.57529000 104.80513000 -44.95074100 0.96078431 0.61960784 0.04313725
v -2.57529000 104.80513000 -44.95074100 0.96078431 0.61960784 0.04313725
v -2.70452300 104.89321900 -44.97459000 0.96078431 0.61960784 0.04313725
v -2.70452300 104.89321900 -44.97459000 0.96078431 0.61960784 0.04313725
v -2.63628900 104.85412600 -44.96398200 0.96078431 0.61960784 0.04313725
v -2.44964700 104.61212200 -44.89884600 0.96078431 0.61960784 0.04313725
v -2.52301300 104.74749000 -44.93520700 0.96078431 0.61960784 0.04313725
v -2.48079600 104.68260200 -44.91776300 0.96078431 0.61960784 0.04313725
v -2.48079600 104.68260200 -44.91776300 0.96078431 0.61960784 0.04313725
v -2.43038900 104.53776600 -44.87892200 0.96078431 0.61960784 0.04313725
v -2.43038900 104.53776600 -44.87892200 0.96078431 0.61960784 0.04313725
v -1.45514800 105.29840100 -43.32783900 0.96078431 0.61960784 0.04313725
v -1.43850500 105.24420200 -43.36179000 0.96078431 0.61960784 0.04313725
v -1.70241600 105.26426700 -43.43563800 0.96078431 0.61960784 0.04313725
v -1.75809400 105.35547600 -43.35531600 0.96078431 0.61960784 0.04313725
v -1.47346300 105.34725200 -43.28727000 0.96078431 0.61960784 0.04313725
v -1.72921400 105.31308700 -43.39840300 0.96078431 0.61960784 0.04313725
v -0.92086400 105.27405500 -43.27596700 0.96078431 0.61960784 0.04313725
v -1.19207600 105.31994600 -43.26181800 0.96078431 0.61960784 0.04313725
v -0.92117800 105.32827800 -43.23935700 0.96078431 0.61960784 0.04313725
v -0.92117800 105.32827800 -43.23935700 0.96078431 0.61960784 0.04313725
v -1.18348700 105.26581600 -43.29772900 0.96078431 0.61960784 0.04313725
v -0.92146200 105.37716700 -43.19613600 0.96078431 0.61960784 0.04313725
v -1.20148000 105.36885100 -43.21922300 0.96078431 0.61960784 0.04313725
v -1.21154100 105.41167400 -43.17065000 0.96078431 0.61960784 0.04313725
v -1.22208800 105.44770800 -43.11694300 0.96078431 0.61960784 0.04313725
v -0.92171200 105.42009700 -43.14690000 0.96078431 0.61960784 0.04313725
v -0.92171200 105.42009700 -43.14690000 0.96078431 0.61960784 0.04313725
v -0.92192300 105.45631400 -43.09247200 0.96078431 0.61960784 0.04313725
v -1.23294100 105.47631800 -43.05900200 0.96078431 0.61960784 0.04313725
v -0.92209300 105.48517600 -43.03377200 0.96078431 0.61960784 0.04313725
v -0.92209300 105.48517600 -43.03377200 0.96078431 0.61960784 0.04313725
v -0.91980000 105.08996600 -43.33980200 0.96078431 0.61960784 0.04313725
v -0.91980000 105.08996600 -43.33980200 0.96078431 0.61960784 0.04313725
v -1.16932700 105.14556100 -43.34716000 0.96078431 0.61960784 0.04313725
v -0.92016800 105.15377000 -43.32661400 0.96078431 0.61960784 0.04313725
v -0.92016800 105.15377000 -43.32661400 0.96078431 0.61960784 0.04313725
v -1.17586200 105.20735200 -43.32633200 0.96078431 0.61960784 0.04313725
v -0.92052500 105.21554600 -43.30521400 0.96078431 0.61960784 0.04313725
v -0.92052500 105.21554600 -43.30521400 0.96078431 0.61960784 0.04313725
v -2.00869600 104.91817500 -43.80435600 0.96078431 0.61960784 0.04313725
v -1.40132500 105.05915800 -43.41865200 0.96078431 0.61960784 0.04313725
v -1.16399600 105.08148200 -43.35983700 0.96078431 0.61960784 0.04313725
v -2.16017500 104.85163900 -43.98947100 0.96078431 0.61960784 0.04313725
v -2.27959300 104.77848100 -44.19456900 0.96078431 0.61960784 0.04313725
v -2.21161100 104.98448900 -43.99004400 0.96078431 0.61960784 0.04313725
v -2.24802700 105.04526500 -43.98117800 0.96078431 0.61960784 0.04313725
v -2.05553700 105.04881300 -43.79543300 0.96078431 0.61960784 0.04313725
v -2.38788400 104.77115600 -44.42745600 0.96078431 0.61960784 0.04313725
v -2.46924200 104.76104000 -44.67479700 0.96078431 0.61960784 0.04313725
v -2.42017200 104.83863100 -44.43568000 0.96078431 0.61960784 0.04313725
v -1.86952600 105.10487400 -43.62712100 0.96078431 0.61960784 0.04313725
v -1.89671300 105.16429100 -43.60753600 0.96078431 0.61960784 0.04313725
v -1.65691000 105.15096300 -43.49005900 0.96078431 0.61960784 0.04313725
v -2.41591800 104.61959100 -44.64474100 0.96078431 0.61960784 0.04313725
v -2.36557600 104.70034000 -44.41517300 0.96078431 0.61960784 0.04313725
v -2.43706500 104.69211600 -44.66109800 0.96078431 0.61960784 0.04313725
v -1.67816900 105.20990800 -43.46637700 0.96078431 0.61960784 0.04313725
v -1.42382600 105.18557000 -43.38851900 0.96078431 0.61960784 0.04313725
v -1.96262800 105.26770000 -43.54845800 0.96078431 0.61960784 0.04313725
v -2.00014200 105.30978400 -43.51004800 0.96078431 0.61960784 0.04313725
v -1.92794200 105.21889500 -43.58114600 0.96078431 0.61960784 0.04313725
v -2.76939500 105.09819000 -44.39636600 0.96078431 0.61960784 0.04313725
v -2.65812300 105.17527800 -44.11607700 0.96078431 0.61960784 0.04313725
v -2.44663400 105.22366300 -43.89018600 0.96078431 0.61960784 0.04313725
v -2.21236400 105.25430300 -43.70024900 0.96078431 0.61960784 0.04313725
v -2.39096900 105.19072000 -43.92044400 0.96078431 0.61960784 0.04313725
v -2.50450300 105.24757400 -43.85585400 0.96078431 0.61960784 0.04313725
v -2.83539400 105.01863900 -44.68848000 0.96078431 0.61960784 0.04313725
v -2.69893900 105.07761400 -44.41296800 0.96078431 0.61960784 0.04313725
v -2.59335700 105.15294600 -44.14206300 0.96078431 0.61960784 0.04313725
v -2.53120100 105.12102500 -44.16411200 0.96078431 0.61960784 0.04313725
v -1.62479000 105.02356000 -43.51474000 0.96078431 0.61960784 0.04313725
v -1.41135900 105.12353500 -43.40759300 0.96078431 0.61960784 0.04313725
v -1.49313800 105.38989300 -43.24077200 0.96078431 0.61960784 0.04313725
v -1.51382900 105.42560600 -43.18915900 0.96078431 0.61960784 0.04313725
v -1.53518200 105.45375100 -43.13331200 0.96078431 0.61960784 0.04313725
v -1.82917300 104.97605900 -43.64460800 0.96078431 0.61960784 0.04313725
v -1.63900800 105.08847800 -43.50628300 0.96078431 0.61960784 0.04313725
v -1.78853800 105.39070900 -43.30715600 0.96078431 0.61960784 0.04313725
v -1.82001000 105.41814400 -43.25476800 0.96078431 0.61960784 0.04313725
v -2.16698400 105.21258500 -43.73279200 0.96078431 0.61960784 0.04313725
v -2.03978800 105.34439100 -43.46664400 0.96078431 0.61960784 0.04313725
v -2.08084000 105.37086500 -43.41903300 0.96078431 0.61960784 0.04313725
v -1.84686900 105.04174000 -43.63956100 0.96078431 0.61960784 0.04313725
v -2.08780900 105.10884900 -43.78084600 0.96078431 0.61960784 0.04313725
v -2.12520200 105.16378800 -43.75982300 0.96078431 0.61960784 0.04313725
v -2.26046100 105.28813900 -43.66284200 0.96078431 0.61960784 0.04313725
v -2.31035900 105.31343800 -43.62126500 0.96078431 0.61960784 0.04313725
v -2.02899000 104.98484800 -43.80332600 0.96078431 0.61960784 0.04313725
v -2.29065600 105.10061600 -43.96640000 0.96078431 0.61960784 0.04313725
v -2.18212100 104.91951000 -43.99283200 0.96078431 0.61960784 0.04313725
v -2.33862000 105.14943700 -43.94602600 0.96078431 0.61960784 0.04313725
v -2.63148900 105.04682200 -44.42583800 0.96078431 0.61960784 0.04313725
v -2.33359200 104.91388700 -44.20508600 0.96078431 0.61960784 0.04313725
v -2.37309600 104.97554000 -44.20247300 0.96078431 0.61960784 0.04313725
v -2.30219300 104.84773300 -44.20243500 0.96078431 0.61960784 0.04313725
v -2.41989100 105.03137200 -44.19463700 0.96078431 0.61960784 0.04313725
v -2.47296100 105.08022300 -44.18176700 0.96078431 0.61960784 0.04313725
v -2.46168400 104.90127600 -44.43967800 0.96078431 0.61960784 0.04313725
v -2.51152100 104.95765700 -44.43934600 0.96078431 0.61960784 0.04313725
v -2.56854000 105.00655400 -44.43470400 0.96078431 0.61960784 0.04313725
v -2.51164700 104.82476000 -44.68553500 0.96078431 0.61960784 0.04313725
v -2.56331800 104.88175200 -44.69303900 0.96078431 0.61960784 0.04313725
v -2.62299900 104.93069500 -44.69714400 0.96078431 0.61960784 0.04313725
v -2.68931200 104.97039000 -44.69774600 0.96078431 0.61960784 0.04313725
v -2.76066600 104.99995400 -44.69483900 0.96078431 0.61960784 0.04313725
v 0.92209300 105.48517600 -43.03377200 0.96078431 0.61960784 0.04313725
v 0.92209300 105.48517600 -43.03377200 0.96078431 0.61960784 0.04313725
v 0.92192300 105.45631400 -43.09247200 0.96078431 0.61960784 0.04313725
v 0.92117800 105.32827800 -43.23935700 0.96078431 0.61960784 0.04313725
v 0.92117800 105.32827800 -43.23935700 0.96078431 0.61960784 0.04313725
v 0.92171200 105.42009700 -43.14690000 0.96078431 0.61960784 0.04313725
v 0.92171200 105.42009700 -43.14690000 0.96078431 0.61960784 0.04313725
v 0.92146200 105.37716700 -43.19613600 0.96078431 0.61960784 0.04313725
v 0.92146200 105.37716700 -43.19613600 0.96078431 0.61960784 0.04313725
v 0.92016800 105.15377000 -43.32661400 0.96078431 0.61960784 0.04313725
v 0.92086400 105.27405500 -43.27596700 0.96078431 0.61960784 0.04313725
v 0.92052500 105.21554600 -43.30521400 0.96078431 0.61960784 0.04313725
v 0.92052500 105.21554600 -43.30521400 0.96078431 0.61960784 0.04313725
v 0.91980000 105.08996600 -43.33980200 0.96078431 0.61960784 0.04313725
v 0.91980000 105.08996600 -43.33980200 0.96078431 0.61960784 0.04313725
v 2.46909100 104.76113900 -44.67449600 0.96078431 0.61960784 0.04313725
v 2.46137600 104.90162700 -44.43856000 0.96078431 0.61960784 0.04313725
v 2.51149200 104.82486000 -44.68522300 0.96078431 0.61960784 0.04313725
v 2.52301300 104.74749000 -44.93520700 0.96078431 0.61960784 0.04313725
v 2.56315800 104.88185100 -44.69271900 0.96078431 0.61960784 0.04313725
v 2.57529000 104.80513000 -44.95074100 0.96078431 0.61960784 0.04313725
v 2.57529000 104.80513000 -44.95074100 0.96078431 0.61960784 0.04313725
v 2.68913900 104.97049000 -44.69740700 0.96078431 0.61960784 0.04313725
v 2.63628900 104.85412600 -44.96398200 0.96078431 0.61960784 0.04313725
v 2.63628900 104.85412600 -44.96398200 0.96078431 0.61960784 0.04313725
v 2.62283400 104.93078600 -44.69681500 0.96078431 0.61960784 0.04313725
v 2.76048700 105.00005300 -44.69448900 0.96078431 0.61960784 0.04313725
v 2.70452300 104.89321900 -44.97459000 0.96078431 0.61960784 0.04313725
v 2.70452300 104.89321900 -44.97459000 0.96078431 0.61960784 0.04313725
v 2.77826800 104.92147100 -44.98231500 0.96078431 0.61960784 0.04313725
v 2.77826800 104.92147100 -44.98231500 0.96078431 0.61960784 0.04313725
v 2.83520700 105.01874500 -44.68812200 0.96078431 0.61960784 0.04313725
v 2.85570900 104.93814800 -44.98695400 0.96078431 0.61960784 0.04313725
v 2.85570900 104.93814800 -44.98695400 0.96078431 0.61960784 0.04313725
v 2.43691700 104.69221500 -44.66080500 0.96078431 0.61960784 0.04313725
v 2.44964700 104.61212200 -44.89884600 0.96078431 0.61960784 0.04313725
v 2.41577200 104.61969800 -44.64445900 0.96078431 0.61960784 0.04313725
v 2.36527200 104.70071400 -44.41413100 0.96078431 0.61960784 0.04313725
v 1.82809500 104.97629500 -43.64396300 0.96078431 0.61960784 0.04313725
v 1.62421800 105.02371200 -43.51431700 0.96078431 0.61960784 0.04313725
v 2.48079600 104.68260200 -44.91776300 0.96078431 0.61960784 0.04313725
v 2.48079600 104.68260200 -44.91776300 0.96078431 0.61960784 0.04313725
v 2.43038900 104.53776600 -44.87892200 0.96078431 0.61960784 0.04313725
v 2.43038900 104.53776600 -44.87892200 0.96078431 0.61960784 0.04313725
v 2.33340800 104.91400900 -44.20471600 0.96078431 0.61960784 0.04313725
v 2.24726600 105.04558600 -43.98019000 0.96078431 0.61960784 0.04313725
v 2.37290600 104.97566200 -44.20209500 0.96078431 0.61960784 0.04313725
v 2.00838700 104.91831200 -43.80397400 0.96078431 0.61960784 0.04313725
v 2.21087000 104.98480200 -43.98908200 0.96078431 0.61960784 0.04313725
v 1.16851500 105.14566800 -43.34685900 0.96078431 0.61960784 0.04313725
v 1.40010800 105.05925000 -43.41841500 0.96078431 0.61960784 0.04313725
v 1.16319900 105.08159600 -43.35954700 0.96078431 0.61960784 0.04313725
v 2.05522000 105.04895000 -43.79503300 0.96078431 0.61960784 0.04313725
v 2.08748300 105.10897800 -43.78043000 0.96078431 0.61960784 0.04313725
v 1.41011600 105.12362700 -43.40735200 0.96078431 0.61960784 0.04313725
v 2.41987100 104.83898900 -44.43459300 0.96078431 0.61960784 0.04313725
v 2.51120300 104.95800800 -44.43819000 0.96078431 0.61960784 0.04313725
v 1.23192600 105.47643300 -43.05863600 0.96078431 0.61960784 0.04313725
v 2.41969500 105.03149400 -44.19424800 0.96078431 0.61960784 0.04313725
v 2.28987000 105.10092900 -43.96538200 0.96078431 0.61960784 0.04313725
v 2.33780500 105.14975000 -43.94497300 0.96078431 0.61960784 0.04313725
v 2.56820700 105.00689700 -44.43351000 0.96078431 0.61960784 0.04313725
v 2.47275800 105.08034500 -44.18136200 0.96078431 0.61960784 0.04313725
v 2.53098800 105.12114700 -44.16369200 0.96078431 0.61960784 0.04313725
v 2.03846100 105.34462000 -43.46585500 0.96078431 0.61960784 0.04313725
v 1.81927800 105.41829700 -43.25423400 0.96078431 0.61960784 0.04313725
v 2.07946500 105.37110100 -43.41822100 0.96078431 0.61960784 0.04313725
v 2.39012100 105.19104000 -43.91935700 0.96078431 0.61960784 0.04313725
v 1.53363400 105.45384200 -43.13301500 0.96078431 0.61960784 0.04313725
v 1.78783500 105.39086200 -43.30663700 0.96078431 0.61960784 0.04313725
v 1.99886300 105.31000500 -43.50928100 0.96078431 0.61960784 0.04313725
v 2.21200000 105.25443300 -43.69979500 0.96078431 0.61960784 0.04313725
v 1.51233300 105.42569000 -43.18887300 0.96078431 0.61960784 0.04313725
v 1.75741800 105.35562900 -43.35480900 0.96078431 0.61960784 0.04313725
v 2.27941100 104.77861000 -44.19421400 0.96078431 0.61960784 0.04313725
v 2.38758400 104.77151500 -44.42639500 0.96078431 0.61960784 0.04313725
v 2.63113700 105.04717300 -44.42460300 0.96078431 0.61960784 0.04313725
v 2.69856600 105.07796500 -44.41169000 0.96078431 0.61960784 0.04313725
v 2.76899900 105.09854900 -44.39503900 0.96078431 0.61960784 0.04313725
v 2.15945700 104.85197400 -43.98856000 0.96078431 0.61960784 0.04313725
v 2.30201100 104.84785500 -44.20207600 0.96078431 0.61960784 0.04313725
v 2.59313500 105.15306900 -44.14163200 0.96078431 0.61960784 0.04313725
v 2.65789000 105.17540000 -44.11563100 0.96078431 0.61960784 0.04313725
v 2.18139400 104.91983800 -43.99189800 0.96078431 0.61960784 0.04313725
v 2.16663500 105.21271500 -43.73234900 0.96078431 0.61960784 0.04313725
v 2.44575100 105.22398400 -43.88906500 0.96078431 0.61960784 0.04313725
v 2.50358300 105.24789400 -43.85469800 0.96078431 0.61960784 0.04313725
v 2.12486600 105.16391800 -43.75939600 0.96078431 0.61960784 0.04313725
v 2.02867800 104.98498500 -43.80293700 0.96078431 0.61960784 0.04313725
v 1.49169200 105.38997700 -43.24049400 0.96078431 0.61960784 0.04313725
v 2.26008100 105.28827700 -43.66236900 0.96078431 0.61960784 0.04313725
v 2.30996200 105.31357600 -43.62078100 0.96078431 0.61960784 0.04313725
v 1.42255200 105.18566100 -43.38827500 0.96078431 0.61960784 0.04313725
v 1.17503000 105.20745800 -43.32602300 0.96078431 0.61960784 0.04313725
v 1.86840100 105.10510300 -43.62644600 0.96078431 0.61960784 0.04313725
v 1.89555500 105.16452000 -43.60683800 0.96078431 0.61960784 0.04313725
v 1.84577000 105.04197700 -43.63890100 0.96078431 0.61960784 0.04313725
v 1.92674800 105.21912400 -43.58042900 0.96078431 0.61960784 0.04313725
v 1.96139300 105.26792100 -43.54771400 0.96078431 0.61960784 0.04313725
v 1.65631700 105.15110800 -43.48961300 0.96078431 0.61960784 0.04313725
v 1.67755900 105.21006000 -43.46591600 0.96078431 0.61960784 0.04313725
v 1.63842700 105.08863100 -43.50584800 0.96078431 0.61960784 0.04313725
v 1.70178700 105.26442000 -43.43516200 0.96078431 0.61960784 0.04313725
v 1.72856300 105.31323200 -43.39791100 0.96078431 0.61960784 0.04313725
v 1.43719400 105.24428600 -43.36153800 0.96078431 0.61960784 0.04313725
v 1.45379600 105.29848500 -43.32757900 0.96078431 0.61960784 0.04313725
v 1.47206600 105.34733600 -43.28700300 0.96078431 0.61960784 0.04313725
v 1.18263200 105.26592300 -43.29740900 0.96078431 0.61960784 0.04313725
v 1.19119400 105.32005300 -43.26148600 0.96078431 0.61960784 0.04313725
v 1.20056700 105.36895800 -43.21888400 0.96078431 0.61960784 0.04313725
v 1.21059600 105.41178100 -43.17030300 0.96078431 0.61960784 0.04313725
v 1.22110800 105.44781500 -43.11658900 0.96078431 0.61960784 0.04313725
v 2.84644400 103.94468700 -48.70208000 0.96078431 0.61960784 0.04313725
v 2.84644400 103.94468700 -48.70208000 0.96078431 0.61960784 0.04313725
v 2.62729200 103.86051900 -48.67906200 0.96078431 0.61960784 0.04313725
v 2.69543400 103.89963500 -48.68968200 0.96078431 0.61960784 0.04313725
v 2.69543400 103.89963500 -48.68968200 0.96078431 0.61960784 0.04313725
v 2.76908800 103.92794000 -48.69742200 0.96078431 0.61960784 0.04313725
v 2.51418400 103.75390600 -48.65028400 0.96078431 0.61960784 0.04313725
v 2.47203400 103.68905600 -48.63284700 0.96078431 0.61960784 0.04313725
v 2.47203400 103.68905600 -48.63284700 0.96078431 0.61960784 0.04313725
v 2.56638200 103.81152300 -48.66581700 0.96078431 0.61960784 0.04313725
v 2.56638200 103.81152300 -48.66581700 0.96078431 0.61960784 0.04313725
v 2.44093600 103.61862200 -48.61393700 0.96078431 0.61960784 0.04313725
v 2.42170900 103.54432700 -48.59402100 0.96078431 0.61960784 0.04313725
v 2.42170900 103.54432700 -48.59402100 0.96078431 0.61960784 0.04313725
v 2.51424400 103.05190300 -49.24931000 0.96078431 0.61960784 0.04313725
v 2.51424400 103.05190300 -49.24931000 0.96078431 0.61960784 0.04313725
v 2.56971700 103.18763700 -49.28759400 0.96078431 0.61960784 0.04313725
v 2.56908200 103.05676300 -49.30989100 0.96078431 0.61960784 0.04313725
v 2.56908200 103.05676300 -49.30989100 0.96078431 0.61960784 0.04313725
v 2.57007500 103.31360600 -49.24552200 0.96078431 0.61960784 0.04313725
v 2.63370000 103.33271000 -49.29276700 0.96078431 0.61960784 0.04313725
v 2.63303500 103.06069900 -49.36084000 0.96078431 0.61960784 0.04313725
v 2.63355000 103.19929500 -49.33726500 0.96078431 0.61960784 0.04313725
v 2.70481600 103.20825200 -49.37624000 0.96078431 0.61960784 0.04313725
v 2.78160800 103.21429400 -49.40353000 0.96078431 0.61960784 0.04313725
v 2.70444200 103.06359100 -49.40076100 0.96078431 0.61960784 0.04313725
v 2.70444200 103.06359100 -49.40076100 0.96078431 0.61960784 0.04313725
v 2.86184600 103.06601000 -49.44370700 0.96078431 0.61960784 0.04313725
v 2.86184600 103.06601000 -49.44370700 0.96078431 0.61960784 0.04313725
v 2.78138500 103.06538400 -49.42864600 0.96078431 0.61960784 0.04313725
v 2.78138500 103.06538400 -49.42864600 0.96078431 0.61960784 0.04313725
v 2.86191600 103.21723900 -49.41836900 0.96078431 0.61960784 0.04313725
v 2.43751500 103.03991700 -49.10579300 0.96078431 0.61960784 0.04313725
v 2.43751500 103.03991700 -49.10579300 0.96078431 0.61960784 0.04313725
v 2.43829800 103.13993100 -49.08885600 0.96078431 0.61960784 0.04313725
v 2.47078800 103.15756200 -49.16173200 0.96078431 0.61960784 0.04313725
v 2.51496700 103.17360700 -49.22857300 0.96078431 0.61960784 0.04313725
v 2.41766200 103.03311900 -49.02666900 0.96078431 0.61960784 0.04313725
v 2.41766200 103.03311900 -49.02666900 0.96078431 0.61960784 0.04313725
v 2.42083700 103.42089800 -48.82812500 0.96078431 0.61960784 0.04313725
v 2.42123600 103.47399900 -48.75641300 0.96078431 0.61960784 0.04313725
v 2.44079900 103.53958900 -48.79814500 0.96078431 0.61960784 0.04313725
v 2.41911500 103.20603200 -48.98379500 0.96078431 0.61960784 0.04313725
v 2.41840700 103.12117800 -49.01185200 0.96078431 0.61960784 0.04313725
v 2.42034400 103.35768900 -48.89071300 0.96078431 0.61960784 0.04313725
v 2.41976400 103.28532400 -48.94311100 0.96078431 0.61960784 0.04313725
v 2.47228800 103.45583300 -49.00775900 0.96078431 0.61960784 0.04313725
v 2.51591100 103.49953500 -49.06008500 0.96078431 0.61960784 0.04313725
v 2.47193900 103.36473800 -49.07427200 0.96078431 0.61960784 0.04313725
v 2.42152800 103.51538800 -48.67786000 0.96078431 0.61960784 0.04313725
v 2.51549500 103.29075600 -49.18945300 0.96078431 0.61960784 0.04313725
v 2.47143700 103.26474000 -49.12599600 0.96078431 0.61960784 0.04313725
v 2.44093500 103.58618900 -48.70898400 0.96078431 0.61960784 0.04313725
v 2.47234300 103.65325900 -48.73852200 0.96078431 0.61960784 0.04313725
v 2.47249100 103.60167700 -48.83772300 0.96078431 0.61960784 0.04313725
v 2.47001400 103.04623400 -49.18066000 0.96078431 0.61960784 0.04313725
v 2.47001400 103.04623400 -49.18066000 0.96078431 0.61960784 0.04313725
v 2.77903000 103.61383100 -49.19849400 0.96078431 0.61960784 0.04313725
v 2.70419200 103.47753900 -49.26282100 0.96078431 0.61960784 0.04313725
v 2.70320500 103.59598500 -49.17652100 0.96078431 0.61960784 0.04313725
v 2.70473500 103.34754200 -49.32990600 0.96078431 0.61960784 0.04313725
v 2.85328400 103.82357800 -48.98064400 0.96078431 0.61960784 0.04313725
v 2.85610500 103.73223900 -49.10359600 0.96078431 0.61960784 0.04313725
v 2.85841800 103.62357300 -49.21087600 0.96078431 0.61960784 0.04313725
v 2.85004300 103.89482100 -48.84591300 0.96078431 0.61960784 0.04313725
v 2.77715700 103.72042800 -49.09266700 0.96078431 0.61960784 0.04313725
v 2.43900900 103.23625200 -49.05684300 0.96078431 0.61960784 0.04313725
v 2.63347600 103.45717600 -49.22837400 0.96078431 0.61960784 0.04313725
v 2.78128500 103.35772700 -49.35600700 0.96078431 0.61960784 0.04313725
v 2.86136100 103.36299100 -49.37033500 0.96078431 0.61960784 0.04313725
v 2.51581100 103.40003200 -49.13285100 0.96078431 0.61960784 0.04313725
v 2.43962500 103.32617200 -49.01047900 0.96078431 0.61960784 0.04313725
v 2.57014300 103.43110700 -49.18465800 0.96078431 0.61960784 0.04313725
v 2.78041900 103.49168400 -49.28714400 0.96078431 0.61960784 0.04313725
v 2.86018600 103.49921400 -49.30065900 0.96078431 0.61960784 0.04313725
v 2.56992400 103.53808600 -49.10641100 0.96078431 0.61960784 0.04313725
v 2.44013800 103.40814200 -48.95081700 0.96078431 0.61960784 0.04313725
v 2.63288700 103.57052600 -49.14557300 0.96078431 0.61960784 0.04313725
v 2.70000000 103.78575900 -48.95579900 0.96078431 0.61960784 0.04313725
v 2.77483000 103.80986000 -48.97150400 0.96078431 0.61960784 0.04313725
v 2.70180000 103.69924200 -49.07357800 0.96078431 0.61960784 0.04313725
v 2.47247200 103.53521000 -48.92844400 0.96078431 0.61960784 0.04313725
v 2.51579100 103.58618900 -48.97333500 0.96078431 0.61960784 0.04313725
v 2.44053100 103.47963700 -48.87962300 0.96078431 0.61960784 0.04313725
v 2.56942200 103.63125600 -49.01313800 0.96078431 0.61960784 0.04313725
v 2.63194800 103.66928100 -49.04685200 0.96078431 0.61960784 0.04313725
v 2.51545600 103.65871400 -48.87415300 0.96078431 0.61960784 0.04313725
v 2.56864900 103.70922100 -48.90649800 0.96078431 0.61960784 0.04313725
v 2.63067700 103.75194500 -48.93395200 0.96078431 0.61960784 0.04313725
v 2.51491600 103.71494300 -48.76573600 0.96078431 0.61960784 0.04313725
v 2.56762800 103.76965300 -48.78993600 0.96078431 0.61960784 0.04313725
v 2.62911400 103.81606300 -48.81052400 0.96078431 0.61960784 0.04313725
v 2.69786400 103.85295100 -48.82696500 0.96078431 0.61960784 0.04313725
v 2.77212300 103.87944000 -48.83887100 0.96078431 0.61960784 0.04313725
v 2.40467800 51.37125800 -53.99576600 0.96078431 0.61960784 0.04313725
v 2.24902500 51.36872100 -53.95150400 0.96078431 0.61960784 0.04313725
v 2.17855300 51.36579900 -53.91129700 0.96078431 0.61960784 0.04313725
v 2.32505300 51.37055600 -53.97992300 0.96078431 0.61960784 0.04313725
v 2.01793200 51.35139100 -53.73159800 0.96078431 0.61960784 0.04313725
v 2.06147800 51.35701800 -53.79988900 0.96078431 0.61960784 0.04313725
v 2.11550100 51.36186200 -53.86030200 0.96078431 0.61960784 0.04313725
v 1.98595100 51.34512700 -53.65723800 0.96078431 0.61960784 0.04313725
v 1.96641900 51.33839000 -53.57872400 0.96078431 0.61960784 0.04313725
v -53.99576600 51.37125400 2.40467800 0.96078431 0.61960784 0.04313725
v -49.42864600 103.06538400 2.78138500 0.96078431 0.61960784 0.04313725
v -53.97992700 51.37055600 2.32505300 0.96078431 0.61960784 0.04313725
v -49.10579300 103.03991700 2.43751500 0.96078431 0.61960784 0.04313725
v -53.73159800 51.35138700 2.01793200 0.96078431 0.61960784 0.04313725
v -49.18066000 103.04623400 2.47001400 0.96078431 0.61960784 0.04313725
v -49.18066000 103.04623400 2.47001400 0.96078431 0.61960784 0.04313725
v -49.44370700 103.06601000 2.86184600 0.96078431 0.61960784 0.04313725
v -49.44370700 103.06601000 2.86184600 0.96078431 0.61960784 0.04313725
v -53.95150400 51.36872100 2.24902500 0.96078431 0.61960784 0.04313725
v -49.36084000 103.06069900 2.63303500 0.96078431 0.61960784 0.04313725
v -49.36084000 103.06069900 2.63303500 0.96078431 0.61960784 0.04313725
v -53.91129700 51.36579900 2.17855300 0.96078431 0.61960784 0.04313725
v -53.79988900 51.35701800 2.06147800 0.96078431 0.61960784 0.04313725
v -49.24931000 103.05190300 2.51424400 0.96078431 0.61960784 0.04313725
v -53.86030200 51.36186200 2.11550100 0.96078431 0.61960784 0.04313725
v -49.30989100 103.05676300 2.56908200 0.96078431 0.61960784 0.04313725
v -49.30989100 103.05676300 2.56908200 0.96078431 0.61960784 0.04313725
v -53.57872400 51.33838700 1.96641900 0.96078431 0.61960784 0.04313725
v -53.65723800 51.34512700 1.98595100 0.96078431 0.61960784 0.04313725
v -49.02666900 103.03311900 2.41766200 0.96078431 0.61960784 0.04313725
v -49.02666900 103.03311900 2.41766200 0.96078431 0.61960784 0.04313725
v -49.40076100 103.06359100 2.70444200 0.96078431 0.61960784 0.04313725
v -49.40076100 103.06359100 2.70444200 0.96078431 0.61960784 0.04313725
v -48.79019900 103.76946300 2.56763000 0.96078431 0.61960784 0.04313725
v -48.66581700 103.81152300 2.56638200 0.96078431 0.61960784 0.04313725
v -48.66581700 103.81152300 2.56638200 0.96078431 0.61960784 0.04313725
v -48.65028400 103.75390600 2.51418400 0.96078431 0.61960784 0.04313725
v -48.95652400 103.78537000 2.70001200 0.96078431 0.61960784 0.04313725
v -48.81080200 103.81584900 2.62911700 0.96078431 0.61960784 0.04313725
v -48.93465000 103.75156400 2.63068600 0.96078431 0.61960784 0.04313725
v -48.82725500 103.85273000 2.69786800 0.96078431 0.61960784 0.04313725
v -48.67906200 103.86051900 2.62729200 0.96078431 0.61960784 0.04313725
v -48.67906200 103.86051900 2.62729200 0.96078431 0.61960784 0.04313725
v -48.83916900 103.87921900 2.77212800 0.96078431 0.61960784 0.04313725
v -48.68968200 103.89963500 2.69543400 0.96078431 0.61960784 0.04313725
v -48.68968200 103.89963500 2.69543400 0.96078431 0.61960784 0.04313725
v -48.70208000 103.94468700 2.84644400 0.96078431 0.61960784 0.04313725
v -48.70208000 103.94468700 2.84644400 0.96078431 0.61960784 0.04313725
v -48.69742200 103.92794000 2.76908800 0.96078431 0.61960784 0.04313725
v -48.69742200 103.92794000 2.76908800 0.96078431 0.61960784 0.04313725
v -48.84621400 103.89459200 2.85005000 0.96078431 0.61960784 0.04313725
v -48.98395900 103.20555100 2.41911100 0.96078431 0.61960784 0.04313725
v -49.05703000 103.23570300 2.43900500 0.96078431 0.61960784 0.04313725
v -48.94323300 103.28515600 2.41976300 0.96078431 0.61960784 0.04313725
v -48.76598400 103.71476000 2.51491700 0.96078431 0.61960784 0.04313725
v -48.63284700 103.68905600 2.47203400 0.96078431 0.61960784 0.04313725
v -48.63284700 103.68905600 2.47203400 0.96078431 0.61960784 0.04313725
v -48.73874700 103.65309100 2.47234300 0.96078431 0.61960784 0.04313725
v -48.70918700 103.58603700 2.44093400 0.96078431 0.61960784 0.04313725
v -48.61393700 103.61862200 2.44093600 0.96078431 0.61960784 0.04313725
v -48.59402100 103.54432700 2.42170900 0.96078431 0.61960784 0.04313725
v -48.59402100 103.54432700 2.42170900 0.96078431 0.61960784 0.04313725
v -48.67803600 103.51525900 2.42152700 0.96078431 0.61960784 0.04313725
v -48.75685900 103.47375500 2.42123400 0.96078431 0.61960784 0.04313725
v -48.89106000 103.35727700 2.42034100 0.96078431 0.61960784 0.04313725
v -48.92862700 103.53502700 2.47247200 0.96078431 0.61960784 0.04313725
v -48.97354100 103.58599100 2.51579200 0.96078431 0.61960784 0.04313725
v -48.83828400 103.60137900 2.47249200 0.96078431 0.61960784 0.04313725
v -48.82827000 103.42074600 2.42083600 0.96078431 0.61960784 0.04313725
v -49.01195500 103.12097900 2.41840600 0.96078431 0.61960784 0.04313725
v -49.08897400 103.13970200 2.43829700 0.96078431 0.61960784 0.04313725
v -48.87476700 103.65838600 2.51545900 0.96078431 0.61960784 0.04313725
v -48.90715800 103.70887000 2.56865400 0.96078431 0.61960784 0.04313725
v -49.17709400 103.59531400 2.70321200 0.96078431 0.61960784 0.04313725
v -49.19908100 103.61313600 2.77904000 0.96078431 0.61960784 0.04313725
v -49.07382200 103.69900500 2.70180300 0.96078431 0.61960784 0.04313725
v -49.37062100 103.36216700 2.86136400 0.96078431 0.61960784 0.04313725
v -49.30086500 103.49892400 2.86019000 0.96078431 0.61960784 0.04313725
v -49.21147200 103.62286400 2.85843100 0.96078431 0.61960784 0.04313725
v -49.41854900 103.21689600 2.86191900 0.96078431 0.61960784 0.04313725
v -49.28735000 103.49139400 2.78042200 0.96078431 0.61960784 0.04313725
v -49.12620500 103.26413000 2.47143300 0.96078431 0.61960784 0.04313725
v -49.16186500 103.15731000 2.47078700 0.96078431 0.61960784 0.04313725
v -48.79864900 103.53931400 2.44079800 0.96078431 0.61960784 0.04313725
v -49.04708100 103.66905200 2.63195100 0.96078431 0.61960784 0.04313725
v -48.97225200 103.80945600 2.77484500 0.96078431 0.61960784 0.04313725
v -48.98140300 103.82316600 2.85330300 0.96078431 0.61960784 0.04313725
v -49.01335900 103.63104200 2.56942300 0.96078431 0.61960784 0.04313725
v -48.87979100 103.47947700 2.44053000 0.96078431 0.61960784 0.04313725
v -49.35628900 103.35691800 2.78128700 0.96078431 0.61960784 0.04313725
v -49.26302000 103.47725700 2.70419500 0.96078431 0.61960784 0.04313725
v -49.33018100 103.34674800 2.70473500 0.96078431 0.61960784 0.04313725
v -49.09291800 103.72018400 2.77716100 0.96078431 0.61960784 0.04313725
v -49.10384800 103.73198700 2.85611100 0.96078431 0.61960784 0.04313725
v -49.00820200 103.45531500 2.47228600 0.96078431 0.61960784 0.04313725
v -49.06056600 103.49897000 2.51591100 0.96078431 0.61960784 0.04313725
v -48.95121400 103.40767700 2.44013500 0.96078431 0.61960784 0.04313725
v -49.10693000 103.53748300 2.56992600 0.96078431 0.61960784 0.04313725
v -49.14612200 103.56988500 2.63289200 0.96078431 0.61960784 0.04313725
v -49.07442500 103.36452500 2.47193800 0.96078431 0.61960784 0.04313725
v -49.13301800 103.39979600 2.51581000 0.96078431 0.61960784 0.04313725
v -49.01061600 103.32598100 2.43962400 0.96078431 0.61960784 0.04313725
v -49.18483700 103.43085500 2.57014400 0.96078431 0.61960784 0.04313725
v -49.22856500 103.45690900 2.63347700 0.96078431 0.61960784 0.04313725
v -49.18968200 103.29009200 2.51549200 0.96078431 0.61960784 0.04313725
v -49.24577000 103.31288900 2.57007300 0.96078431 0.61960784 0.04313725
v -49.29303000 103.33194700 2.63369900 0.96078431 0.61960784 0.04313725
v -49.22872200 103.17333200 2.51496600 0.96078431 0.61960784 0.04313725
v -49.28775000 103.18734000 2.56971700 0.96078431 0.61960784 0.04313725
v -49.33743300 103.19898200 2.63355000 0.96078431 0.61960784 0.04313725
v -49.37641100 103.20792400 2.70481800 0.96078431 0.61960784 0.04313725
v -49.40370900 103.21395100 2.78161000 0.96078431 0.61960784 0.04313725
v -44.98695400 104.93814800 2.85570900 0.96078431 0.61960784 0.04313725
v -44.98695400 104.93814800 2.85570900 0.96078431 0.61960784 0.04313725
v -44.98231500 104.92147100 2.77826800 0.96078431 0.61960784 0.04313725
v -44.95074100 104.80513000 2.57529000 0.96078431 0.61960784 0.04313725
v -44.95074100 104.80513000 2.57529000 0.96078431 0.61960784 0.04313725
v -44.97459000 104.89321900 2.70452300 0.96078431 0.61960784 0.04313725
v -44.97459000 104.89321900 2.70452300 0.96078431 0.61960784 0.04313725
v -44.96398200 104.85412600 2.63628900 0.96078431 0.61960784 0.04313725
v -44.89884600 104.61212200 2.44964700 0.96078431 0.61960784 0.04313725
v -44.93520700 104.74749000 2.52301300 0.96078431 0.61960784 0.04313725
v -44.91776300 104.68260200 2.48079600 0.96078431 0.61960784 0.04313725
v -44.91776300 104.68260200 2.48079600 0.96078431 0.61960784 0.04313725
v -44.87892200 104.53776600 2.43038900 0.96078431 0.61960784 0.04313725
v -44.87892200 104.53776600 2.43038900 0.96078431 0.61960784 0.04313725
v -43.32783900 105.29840100 1.45514800 0.96078431 0.61960784 0.04313725
v -43.36179000 105.24420200 1.43850500 0.96078431 0.61960784 0.04313725
v -43.43563800 105.26426700 1.70241600 0.96078431 0.61960784 0.04313725
v -43.35531600 105.35547600 1.75809400 0.96078431 0.61960784 0.04313725
v -43.28727000 105.34725200 1.47346300 0.96078431 0.61960784 0.04313725
v -43.39840300 105.31308700 1.72921400 0.96078431 0.61960784 0.04313725
v -43.27596700 105.27405500 0.92086400 0.96078431 0.61960784 0.04313725
v -43.26181800 105.31994600 1.19207600 0.96078431 0.61960784 0.04313725
v -43.23935700 105.32827800 0.92117800 0.96078431 0.61960784 0.04313725
v -43.23935700 105.32827800 0.92117800 0.96078431 0.61960784 0.04313725
v -43.29772900 105.26581600 1.18348700 0.96078431 0.61960784 0.04313725
v -43.19613600 105.37716700 0.92146200 0.96078431 0.61960784 0.04313725
v -43.21922300 105.36885100 1.20148000 0.96078431 0.61960784 0.04313725
v -43.17065000 105.41167400 1.21154100 0.96078431 0.61960784 0.04313725
v -43.11694300 105.44770800 1.22208800 0.96078431 0.61960784 0.04313725
v -43.14690000 105.42009700 0.92171200 0.96078431 0.61960784 0.04313725
v -43.14690000 105.42009700 0.92171200 0.96078431 0.61960784 0.04313725
v -43.09247200 105.45631400 0.92192300 0.96078431 0.61960784 0.04313725
v -43.05900200 105.47631800 1.23294100 0.96078431 0.61960784 0.04313725
v -43.03377200 105.48517600 0.92209300 0.96078431 0.61960784 0.04313725
v -43.03377200 105.48517600 0.92209300 0.96078431 0.61960784 0.04313725
v -43.33980200 105.08996600 0.91980000 0.96078431 0.61960784 0.04313725
v -43.33980200 105.08996600 0.91980000 0.96078431 0.61960784 0.04313725
v -43.34716000 105.14556100 1.16932700 0.96078431 0.61960784 0.04313725
v -43.32661400 105.15377000 0.92016800 0.96078431 0.61960784 0.04313725
v -43.32661400 105.15377000 0.92016800 0.96078431 0.61960784 0.04313725
v -43.32633200 105.20735200 1.17586200 0.96078431 0.61960784 0.04313725
v -43.30521400 105.21554600 0.92052500 0.96078431 0.61960784 0.04313725
v -43.30521400 105.21554600 0.92052500 0.96078431 0.61960784 0.04313725
v -43.80435600 104.91817500 2.00869600 0.96078431 0.61960784 0.04313725
v -43.41865200 105.05915800 1.40132500 0.96078431 0.61960784 0.04313725
v -43.35983700 105.08148200 1.16399600 0.96078431 0.61960784 0.04313725
v -43.98947100 104.85163900 2.16017500 0.96078431 0.61960784 0.04313725
v -44.19456900 104.77848100 2.27959300 0.96078431 0.61960784 0.04313725
v -43.99004400 104.98448900 2.21161100 0.96078431 0.61960784 0.04313725
v -43.98117800 105.04526500 2.24802700 0.96078431 0.61960784 0.04313725
v -43.79543300 105.04881300 2.05553700 0.96078431 0.61960784 0.04313725
v -44.42745600 104.77115600 2.38788400 0.96078431 0.61960784 0.04313725
v -44.67479700 104.76104000 2.46924200 0.96078431 0.61960784 0.04313725
v -44.43568000 104.83863100 2.42017200 0.96078431 0.61960784 0.04313725
v -43.62712100 105.10487400 1.86952600 0.96078431 0.61960784 0.04313725
v -43.60753600 105.16429100 1.89671300 0.96078431 0.61960784 0.04313725
v -43.49005900 105.15096300 1.65691000 0.96078431 0.61960784 0.04313725
v -44.64474100 104.61959100 2.41591800 0.96078431 0.61960784 0.04313725
v -44.41517300 104.70034000 2.36557600 0.96078431 0.61960784 0.04313725
v -44.66109800 104.69211600 2.43706500 0.96078431 0.61960784 0.04313725
v -43.46637700 105.20990800 1.67816900 0.96078431 0.61960784 0.04313725
v -43.38851900 105.18557000 1.42382600 0.96078431 0.61960784 0.04313725
v -43.54845800 105.26770000 1.96262800 0.96078431 0.61960784 0.04313725
v -43.51004800 105.30978400 2.00014200 0.96078431 0.61960784 0.04313725
v -43.58114600 105.21889500 1.92794200 0.96078431 0.61960784 0.04313725
v -44.39636600 105.09819000 2.76939500 0.96078431 0.61960784 0.04313725
v -44.11607700 105.17527800 2.65812300 0.96078431 0.61960784 0.04313725
v -43.89018600 105.22366300 2.44663400 0.96078431 0.61960784 0.04313725
v -43.70024900 105.25430300 2.21236400 0.96078431 0.61960784 0.04313725
v -43.92044400 105.19072000 2.39096900 0.96078431 0.61960784 0.04313725
v -43.85585400 105.24757400 2.50450300 0.96078431 0.61960784 0.04313725
v -44.68848000 105.01863900 2.83539400 0.96078431 0.61960784 0.04313725
v -44.41296800 105.07761400 2.69893900 0.96078431 0.61960784 0.04313725
v -44.14206300 105.15294600 2.59335700 0.96078431 0.61960784 0.04313725
v -44.16411200 105.12102500 2.53120100 0.96078431 0.61960784 0.04313725
v -43.51474000 105.02356000 1.62479000 0.96078431 0.61960784 0.04313725
v -43.40759300 105.12353500 1.41135900 0.96078431 0.61960784 0.04313725
v -43.24077200 105.38989300 1.49313800 0.96078431 0.61960784 0.04313725
v -43.18915900 105.42560600 1.51382900 0.96078431 0.61960784 0.04313725
v -43.13331200 105.45375100 1.53518200 0.96078431 0.61960784 0.04313725
v -43.64460800 104.97605900 1.82917300 0.96078431 0.61960784 0.04313725
v -43.50628300 105.08847800 1.63900800 0.96078431 0.61960784 0.04313725
v -43.30715600 105.39070900 1.78853800 0.96078431 0.61960784 0.04313725
v -43.25476800 105.41814400 1.82001000 0.96078431 0.61960784 0.04313725
v -43.73279200 105.21258500 2.16698400 0.96078431 0.61960784 0.04313725
v -43.46664400 105.34439100 2.03978800 0.96078431 0.61960784 0.04313725
v -43.41903300 105.37086500 2.08084000 0.96078431 0.61960784 0.04313725
v -43.63956100 105.04174000 1.84686900 0.96078431 0.61960784 0.04313725
v -43.78084600 105.10884900 2.08780900 0.96078431 0.61960784 0.04313725
v -43.75982300 105.16378800 2.12520200 0.96078431 0.61960784 0.04313725
v -43.66284200 105.28813900 2.26046100 0.96078431 0.61960784 0.04313725
v -43.62126500 105.31343800 2.31035900 0.96078431 0.61960784 0.04313725
v -43.80332600 104.98484800 2.02899000 0.96078431 0.61960784 0.04313725
v -43.96640000 105.10061600 2.29065600 0.96078431 0.61960784 0.04313725
v -43.99283200 104.91951000 2.18212100 0.96078431 0.61960784 0.04313725
v -43.94602600 105.14943700 2.33862000 0.96078431 0.61960784 0.04313725
v -44.42583800 105.04682200 2.63148900 0.96078431 0.61960784 0.04313725
v -44.20508600 104.91388700 2.33359200 0.96078431 0.61960784 0.04313725
v -44.20247300 104.97554000 2.37309600 0.96078431 0.61960784 0.04313725
v -44.20243500 104.84773300 2.30219300 0.96078431 0.61960784 0.04313725
v -44.19463700 105.03137200 2.41989100 0.96078431 0.61960784 0.04313725
v -44.18176700 105.08022300 2.47296100 0.96078431 0.61960784 0.04313725
v -44.43967800 104.90127600 2.46168400 0.96078431 0.61960784 0.04313725
v -44.43934600 104.95765700 2.51152100 0.96078431 0.61960784 0.04313725
v -44.43470400 105.00655400 2.56854000 0.96078431 0.61960784 0.04313725
v -44.68553500 104.82476000 2.51164700 0.96078431 0.61960784 0.04313725
v -44.69303900 104.88175200 2.56331800 0.96078431 0.61960784 0.04313725
v -44.69714400 104.93069500 2.62299900 0.96078431 0.61960784 0.04313725
v -44.69774600 104.97039000 2.68931200 0.96078431 0.61960784 0.04313725
v -44.69483900 104.99995400 2.76066600 0.96078431 0.61960784 0.04313725
v -43.03377200 105.48517600 -0.92209300 0.96078431 0.61960784 0.04313725
v -43.03377200 105.48517600 -0.92209300 0.96078431 0.61960784 0.04313725
v -43.09247200 105.45631400 -0.92192300 0.96078431 0.61960784 0.04313725
v -43.23935700 105.32827800 -0.92117800 0.96078431 0.61960784 0.04313725
v -43.23935700 105.32827800 -0.92117800 0.96078431 0.61960784 0.04313725
v -43.14690000 105.42009700 -0.92171200 0.96078431 0.61960784 0.04313725
v -43.14690000 105.42009700 -0.92171200 0.96078431 0.61960784 0.04313725
v -43.19613600 105.37716700 -0.92146200 0.96078431 0.61960784 0.04313725
v -43.19613600 105.37716700 -0.92146200 0.96078431 0.61960784 0.04313725
v -43.32661400 105.15377000 -0.92016800 0.96078431 0.61960784 0.04313725
v -43.27596700 105.27405500 -0.92086400 0.96078431 0.61960784 0.04313725
v -43.30521400 105.21554600 -0.92052500 0.96078431 0.61960784 0.04313725
v -43.30521400 105.21554600 -0.92052500 0.96078431 0.61960784 0.04313725
v -43.33980200 105.08996600 -0.91980000 0.96078431 0.61960784 0.04313725
v -43.33980200 105.08996600 -0.91980000 0.96078431 0.61960784 0.04313725
v -44.67449600 104.76113900 -2.46909100 0.96078431 0.61960784 0.04313725
v -44.43856000 104.90162700 -2.46137600 0.96078431 0.61960784 0.04313725
v -44.68522300 104.82486000 -2.51149200 0.96078431 0.61960784 0.04313725
v -44.93520700 104.74749000 -2.52301300 0.96078431 0.61960784 0.04313725
v -44.69271900 104.88185100 -2.56315800 0.96078431 0.61960784 0.04313725
v -44.95074100 104.80513000 -2.57529000 0.96078431 0.61960784 0.04313725
v -44.95074100 104.80513000 -2.57529000 0.96078431 0.61960784 0.04313725
v -44.69740700 104.97049000 -2.68913900 0.96078431 0.61960784 0.04313725
v -44.96398200 104.85412600 -2.63628900 0.96078431 0.61960784 0.04313725
v -44.96398200 104.85412600 -2.63628900 0.96078431 0.61960784 0.04313725
v -44.69681500 104.93078600 -2.62283400 0.96078431 0.61960784 0.04313725
v -44.69448900 105.00005300 -2.76048700 0.96078431 0.61960784 0.04313725
v -44.97459000 104.89321900 -2.70452300 0.96078431 0.61960784 0.04313725
v -44.97459000 104.89321900 -2.70452300 0.96078431 0.61960784 0.04313725
v -44.98231500 104.92147100 -2.77826800 0.96078431 0.61960784 0.04313725
v -44.98231500 104.92147100 -2.77826800 0.96078431 0.61960784 0.04313725
v -44.68812200 105.01874500 -2.83520700 0.96078431 0.61960784 0.04313725
v -44.98695400 104.93814800 -2.85570900 0.96078431 0.61960784 0.04313725
v -44.98695400 104.93814800 -2.85570900 0.96078431 0.61960784 0.04313725
v -44.66080500 104.69221500 -2.43691700 0.96078431 0.61960784 0.04313725
v -44.89884600 104.61212200 -2.44964700 0.96078431 0.61960784 0.04313725
v -44.64445900 104.61969800 -2.41577200 0.96078431 0.61960784 0.04313725
v -44.41413100 104.70071400 -2.36527200 0.96078431 0.61960784 0.04313725
v -43.64396300 104.97629500 -1.82809500 0.96078431 0.61960784 0.04313725
v -43.51431700 105.02371200 -1.62421800 0.96078431 0.61960784 0.04313725
v -44.91776300 104.68260200 -2.48079600 0.96078431 0.61960784 0.04313725
v -44.91776300 104.68260200 -2.48079600 0.96078431 0.61960784 0.04313725
v -44.87892200 104.53776600 -2.43038900 0.96078431 0.61960784 0.04313725
v -44.87892200 104.53776600 -2.43038900 0.96078431 0.61960784 0.04313725
v -44.20471600 104.91400900 -2.33340800 0.96078431 0.61960784 0.04313725
v -43.98019000 105.04558600 -2.24726600 0.96078431 0.61960784 0.04313725
v -44.20209500 104.97566200 -2.37290600 0.96078431 0.61960784 0.04313725
v -43.80397400 104.91831200 -2.00838700 0.96078431 0.61960784 0.04313725
v -43.98908200 104.98480200 -2.21087000 0.96078431 0.61960784 0.04313725
v -43.34685900 105.14566800 -1.16851500 0.96078431 0.61960784 0.04313725
v -43.41841500 105.05925000 -1.40010800 0.96078431 0.61960784 0.04313725
v -43.35954700 105.08159600 -1.16319900 0.96078431 0.61960784 0.04313725
v -43.79503300 105.04895000 -2.05522000 0.96078431 0.61960784 0.04313725
v -43.78043000 105.10897800 -2.08748300 0.96078431 0.61960784 0.04313725
v -43.40735200 105.12362700 -1.41011600 0.96078431 0.61960784 0.04313725
v -44.43459300 104.83898900 -2.41987100 0.96078431 0.61960784 0.04313725
v -44.43819000 104.95800800 -2.51120300 0.96078431 0.61960784 0.04313725
v -43.05863600 105.47643300 -1.23192600 0.96078431 0.61960784 0.04313725
v -44.19424800 105.03149400 -2.41969500 0.96078431 0.61960784 0.04313725
v -43.96538200 105.10092900 -2.28987000 0.96078431 0.61960784 0.04313725
v -43.94497300 105.14975000 -2.33780500 0.96078431 0.61960784 0.04313725
v -44.43351000 105.00689700 -2.56820700 0.96078431 0.61960784 0.04313725
v -44.18136200 105.08034500 -2.47275800 0.96078431 0.61960784 0.04313725
v -44.16369200 105.12114700 -2.53098800 0.96078431 0.61960784 0.04313725
v -43.46585500 105.34462000 -2.03846100 0.96078431 0.61960784 0.04313725
v -43.25423400 105.41829700 -1.81927800 0.96078431 0.61960784 0.04313725
v -43.41822100 105.37110100 -2.07946500 0.96078431 0.61960784 0.04313725
v -43.91935700 105.19104000 -2.39012100 0.96078431 0.61960784 0.04313725
v -43.13301500 105.45384200 -1.53363400 0.96078431 0.61960784 0.04313725
v -43.30663700 105.39086200 -1.78783500 0.96078431 0.61960784 0.04313725
v -43.50928100 105.31000500 -1.99886300 0.96078431 0.61960784 0.04313725
v -43.69979500 105.25443300 -2.21200000 0.96078431 0.61960784 0.04313725
v -43.18887300 105.42569000 -1.51233300 0.96078431 0.61960784 0.04313725
v -43.35480900 105.35562900 -1.75741800 0.96078431 0.61960784 0.04313725
v -44.19421400 104.77861000 -2.27941100 0.96078431 0.61960784 0.04313725
v -44.42639500 104.77151500 -2.38758400 0.96078431 0.61960784 0.04313725
v -44.42460300 105.04717300 -2.63113700 0.96078431 0.61960784 0.04313725
v -44.41169000 105.07796500 -2.69856600 0.96078431 0.61960784 0.04313725
v -44.39503900 105.09854900 -2.76899900 0.96078431 0.61960784 0.04313725
v -43.98856000 104.85197400 -2.15945700 0.96078431 0.61960784 0.04313725
v -44.20207600 104.84785500 -2.30201100 0.96078431 0.61960784 0.04313725
v -44.14163200 105.15306900 -2.59313500 0.96078431 0.61960784 0.04313725
v -44.11563100 105.17540000 -2.65789000 0.96078431 0.61960784 0.04313725
v -43.99189800 104.91983800 -2.18139400 0.96078431 0.61960784 0.04313725
v -43.73234900 105.21271500 -2.16663500 0.96078431 0.61960784 0.04313725
v -43.88906500 105.22398400 -2.44575100 0.96078431 0.61960784 0.04313725
v -43.85469800 105.24789400 -2.50358300 0.96078431 0.61960784 0.04313725
v -43.75939600 105.16391800 -2.12486600 0.96078431 0.61960784 0.04313725
v -43.80293700 104.98498500 -2.02867800 0.96078431 0.61960784 0.04313725
v -43.24049400 105.38997700 -1.49169200 0.96078431 0.61960784 0.04313725
v -43.66236900 105.28827700 -2.26008100 0.96078431 0.61960784 0.04313725
v -43.62078100 105.31357600 -2.30996200 0.96078431 0.61960784 0.04313725
v -43.38827500 105.18566100 -1.42255200 0.96078431 0.61960784 0.04313725
v -43.32602300 105.20745800 -1.17503000 0.96078431 0.61960784 0.04313725
v -43.62644600 105.10510300 -1.86840100 0.96078431 0.61960784 0.04313725
v -43.60683800 105.16452000 -1.89555500 0.96078431 0.61960784 0.04313725
v -43.63890100 105.04197700 -1.84577000 0.96078431 0.61960784 0.04313725
v -43.58042900 105.21912400 -1.92674800 0.96078431 0.61960784 0.04313725
v -43.54771400 105.26792100 -1.96139300 0.96078431 0.61960784 0.04313725
v -43.48961300 105.15110800 -1.65631700 0.96078431 0.61960784 0.04313725
v -43.46591600 105.21006000 -1.67755900 0.96078431 0.61960784 0.04313725
v -43.50584800 105.08863100 -1.63842700 0.96078431 0.61960784 0.04313725
v -43.43516200 105.26442000 -1.70178700 0.96078431 0.61960784 0.04313725
v -43.39791100 105.31323200 -1.72856300 0.96078431 0.61960784 0.04313725
v -43.36153800 105.24428600 -1.43719400 0.96078431 0.61960784 0.04313725
v -43.32757900 105.29848500 -1.45379600 0.96078431 0.61960784 0.04313725
v -43.28700300 105.34733600 -1.47206600 0.96078431 0.61960784 0.04313725
v -43.29740900 105.26592300 -1.18263200 0.96078431 0.61960784 0.04313725
v -43.26148600 105.32005300 -1.19119400 0.96078431 0.61960784 0.04313725
v -43.21888400 105.36895800 -1.20056700 0.96078431 0.61960784 0.04313725
v -43.17030300 105.41178100 -1.21059600 0.96078431 0.61960784 0.04313725
v -43.11658900 105.44781500 -1.22110800 0.96078431 0.61960784 0.04313725
v -48.70208000 103.94468700 -2.84644400 0.96078431 0.61960784 0.04313725
v -48.70208000 103.94468700 -2.84644400 0.96078431 0.61960784 0.04313725
v -48.67906200 103.86051900 -2.62729200 0.96078431 0.61960784 0.04313725
v -48.68968200 103.89963500 -2.69543400 0.96078431 0.61960784 0.04313725
v -48.68968200 103.89963500 -2.69543400 0.96078431 0.61960784 0.04313725
v -48.69742200 103.92794000 -2.76908800 0.96078431 0.61960784 0.04313725
v -48.65028400 103.75390600 -2.51418400 0.96078431 0.61960784 0.04313725
v -48.63284700 103.68905600 -2.47203400 0.96078431 0.61960784 0.04313725
v -48.63284700 103.68905600 -2.47203400 0.96078431 0.61960784 0.04313725
v -48.66581700 103.81152300 -2.56638200 0.96078431 0.61960784 0.04313725
v -48.66581700 103.81152300 -2.56638200 0.96078431 0.61960784 0.04313725
v -48.61393700 103.61862200 -2.44093600 0.96078431 0.61960784 0.04313725
v -48.59402100 103.54432700 -2.42170900 0.96078431 0.61960784 0.04313725
v -48.59402100 103.54432700 -2.42170900 0.96078431 0.61960784 0.04313725
v -49.24931000 103.05190300 -2.51424400 0.96078431 0.61960784 0.04313725
v -49.24931000 103.05190300 -2.51424400 0.96078431 0.61960784 0.04313725
v -49.28759400 103.18763700 -2.56971700 0.96078431 0.61960784 0.04313725
v -49.30989100 103.05676300 -2.56908200 0.96078431 0.61960784 0.04313725
v -49.30989100 103.05676300 -2.56908200 0.96078431 0.61960784 0.04313725
v -49.24552200 103.31360600 -2.57007500 0.96078431 0.61960784 0.04313725
v -49.29276700 103.33271000 -2.63370000 0.96078431 0.61960784 0.04313725
v -49.36084000 103.06069900 -2.63303500 0.96078431 0.61960784 0.04313725
v -49.33726500 103.19929500 -2.63355000 0.96078431 0.61960784 0.04313725
v -49.37624000 103.20825200 -2.70481600 0.96078431 0.61960784 0.04313725
v -49.40353000 103.21429400 -2.78160800 0.96078431 0.61960784 0.04313725
v -49.40076100 103.06359100 -2.70444200 0.96078431 0.61960784 0.04313725
v -49.40076100 103.06359100 -2.70444200 0.96078431 0.61960784 0.04313725
v -49.44370700 103.06601000 -2.86184600 0.96078431 0.61960784 0.04313725
v -49.44370700 103.06601000 -2.86184600 0.96078431 0.61960784 0.04313725
v -49.42864600 103.06538400 -2.78138500 0.96078431 0.61960784 0.04313725
v -49.42864600 103.06538400 -2.78138500 0.96078431 0.61960784 0.04313725
v -49.41836900 103.21723900 -2.86191600 0.96078431 0.61960784 0.04313725
v -49.10579300 103.03991700 -2.43751500 0.96078431 0.61960784 0.04313725
v -49.10579300 103.03991700 -2.43751500 0.96078431 0.61960784 0.04313725
v -49.08885600 103.13993100 -2.43829800 0.96078431 0.61960784 0.04313725
v -49.16173200 103.15756200 -2.47078800 0.96078431 0.61960784 0.04313725
v -49.22857300 103.17360700 -2.51496700 0.96078431 0.61960784 0.04313725
v -49.02666900 103.03311900 -2.41766200 0.96078431 0.61960784 0.04313725
v -49.02666900 103.03311900 -2.41766200 0.96078431 0.61960784 0.04313725
v -48.82812500 103.42089800 -2.42083700 0.96078431 0.61960784 0.04313725
v -48.75641300 103.47399900 -2.42123600 0.96078431 0.61960784 0.04313725
v -48.79814500 103.53958900 -2.44079900 0.96078431 0.61960784 0.04313725
v -48.98379500 103.20603200 -2.41911500 0.96078431 0.61960784 0.04313725
v -49.01185200 103.12117800 -2.41840700 0.96078431 0.61960784 0.04313725
v -48.89071300 103.35768900 -2.42034400 0.96078431 0.61960784 0.04313725
v -48.94311100 103.28532400 -2.41976400 0.96078431 0.61960784 0.04313725
v -49.00775900 103.45583300 -2.47228800 0.96078431 0.61960784 0.04313725
v -49.06008500 103.49953500 -2.51591100 0.96078431 0.61960784 0.04313725
v -49.07427200 103.36473800 -2.47193900 0.96078431 0.61960784 0.04313725
v -48.67786000 103.51538800 -2.42152800 0.96078431 0.61960784 0.04313725
v -49.18945300 103.29075600 -2.51549500 0.96078431 0.61960784 0.04313725
v -49.12599600 103.26474000 -2.47143700 0.96078431 0.61960784 0.04313725
v -48.70898400 103.58618900 -2.44093500 0.96078431 0.61960784 0.04313725
v -48.73852200 103.65325900 -2.47234300 0.96078431 0.61960784 0.04313725
v -48.83772300 103.60167700 -2.47249100 0.96078431 0.61960784 0.04313725
v -49.18066000 103.04623400 -2.47001400 0.96078431 0.61960784 0.04313725
v -49.18066000 103.04623400 -2.47001400 0.96078431 0.61960784 0.04313725
v -49.19849400 103.61383100 -2.77903000 0.96078431 0.61960784 0.04313725
v -49.26282100 103.47753900 -2.70419200 0.96078431 0.61960784 0.04313725
v -49.17652100 103.59598500 -2.70320500 0.96078431 0.61960784 0.04313725
v -49.32990600 103.34754200 -2.70473500 0.96078431 0.61960784 0.04313725
v -48.98064400 103.82357800 -2.85328400 0.96078431 0.61960784 0.04313725
v -49.10359600 103.73223900 -2.85610500 0.96078431 0.61960784 0.04313725
v -49.21087600 103.62357300 -2.85841800 0.96078431 0.61960784 0.04313725
v -48.84591300 103.89482100 -2.85004300 0.96078431 0.61960784 0.04313725
v -49.09266700 103.72042800 -2.77715700 0.96078431 0.61960784 0.04313725
v -49.05684300 103.23625200 -2.43900900 0.96078431 0.61960784 0.04313725
v -49.22837400 103.45717600 -2.63347600 0.96078431 0.61960784 0.04313725
v -49.35600700 103.35772700 -2.78128500 0.96078431 0.61960784 0.04313725
v -49.37033500 103.36299100 -2.86136100 0.96078431 0.61960784 0.04313725
v -49.13285100 103.40003200 -2.51581100 0.96078431 0.61960784 0.04313725
v -49.01047900 103.32617200 -2.43962500 0.96078431 0.61960784 0.04313725
v -49.18465800 103.43110700 -2.57014300 0.96078431 0.61960784 0.04313725
v -49.28714400 103.49168400 -2.78041900 0.96078431 0.61960784 0.04313725
v -49.30065900 103.49921400 -2.86018600 0.96078431 0.61960784 0.04313725
v -49.10641100 103.53808600 -2.56992400 0.96078431 0.61960784 0.04313725
v -48.95081700 103.40814200 -2.44013800 0.96078431 0.61960784 0.04313725
v -49.14557300 103.57052600 -2.63288700 0.96078431 0.61960784 0.04313725
v -48.95579900 103.78575900 -2.70000000 0.96078431 0.61960784 0.04313725
v -48.97150400 103.80986000 -2.77483000 0.96078431 0.61960784 0.04313725
v -49.07357800 103.69924200 -2.70180000 0.96078431 0.61960784 0.04313725
v -48.92844400 103.53521000 -2.47247200 0.96078431 0.61960784 0.04313725
v -48.97333500 103.58618900 -2.51579100 0.96078431 0.61960784 0.04313725
v -48.87962300 103.47963700 -2.44053100 0.96078431 0.61960784 0.04313725
v -49.01313800 103.63125600 -2.56942200 0.96078431 0.61960784 0.04313725
v -49.04685200 103.66928100 -2.63194800 0.96078431 0.61960784 0.04313725
v -48.87415300 103.65871400 -2.51545600 0.96078431 0.61960784 0.04313725
v -48.90649800 103.70922100 -2.56864900 0.96078431 0.61960784 0.04313725
v -48.93395200 103.75194500 -2.63067700 0.96078431 0.61960784 0.04313725
v -48.76573600 103.71494300 -2.51491600 0.96078431 0.61960784 0.04313725
v -48.78993600 103.76965300 -2.56762800 0.96078431 0.61960784 0.04313725
v -48.81052400 103.81606300 -2.62911400 0.96078431 0.61960784 0.04313725
v -48.82696500 103.85295100 -2.69786400 0.96078431 0.61960784 0.04313725
v -48.83887100 103.87944000 -2.77212300 0.96078431 0.61960784 0.04313725
v -53.99576600 51.37125800 -2.40467800 0.96078431 0.61960784 0.04313725
v -53.95150400 51.36872100 -2.24902500 0.96078431 0.61960784 0.04313725
v -53.91129700 51.36579900 -2.17855300 0.96078431 0.61960784 0.04313725
v -53.97992300 51.37055600 -2.32505300 0.96078431 0.61960784 0.04313725
v -53.73159800 51.35139100 -2.01793200 0.96078431 0.61960784 0.04313725
v -53.79988900 51.35701800 -2.06147800 0.96078431 0.61960784 0.04313725
v -53.86030200 51.36186200 -2.11550100 0.96078431 0.61960784 0.04313725
v -53.65723800 51.34512700 -1.98595100 0.96078431 0.61960784 0.04313725
v -53.57872400 51.33839000 -1.96641900 0.96078431 0.61960784 0.04313725
v 1.51342600 110.56835200 -2.30470400 0.93725490 0.26666667 0.26666667
v 1.51342600 110.56835200 -2.30470400 0.93725490 0.26666667 0.26666667
v 0.83996200 158.57846100 -1.24276400 0.93725490 0.26666667 0.26666667
v 0.83996200 158.57846100 -1.24276400 0.93725490 0.26666667 0.26666667
v 1.79347300 110.32016800 -2.10260200 0.93725490 0.26666667 0.26666667
v 1.79347300 110.32016800 -2.10260200 0.93725490 0.26666667 0.26666667
v 0.00000000 111.07845300 2.74383100 0.93725490 0.26666667 0.26666667
v 0.00000000 111.07845300 2.74383100 0.93725490 0.26666667 0.26666667
v 0.00000000 158.57846100 1.50000000 0.93725490 0.26666667 0.26666667
v 0.00000000 158.57846100 1.50000000 0.93725490 0.26666667 0.26666667
v -0.42120900 111.04271700 2.71212800 0.93725490 0.26666667 0.26666667
v -0.42120900 111.04271700 2.71212800 0.93725490 0.26666667 0.26666667
v 2.02870000 110.03941300 -1.88766400 0.93725490 0.26666667 0.26666667
v 2.02870000 110.03941300 -1.88766400 0.93725490 0.26666667 0.26666667
v 1.03790800 158.57846100 -1.08293400 0.93725490 0.26666667 0.26666667
v 1.03790800 158.57846100 -1.08293400 0.93725490 0.26666667 0.26666667
v 1.20599600 158.57846100 -0.89195000 0.93725490 0.26666667 0.26666667
v 1.20599600 158.57846100 -0.89195000 0.93725490 0.26666667 0.26666667
v 2.22031800 109.72743200 -1.67163200 0.93725490 0.26666667 0.26666667
v 2.22031800 109.72743200 -1.67163200 0.93725490 0.26666667 0.26666667
v 2.36744100 109.38165300 -1.47296900 0.93725490 0.26666667 0.26666667
v 2.36744100 109.38165300 -1.47296900 0.93725490 0.26666667 0.26666667
v 1.33938900 158.57846100 -0.67530600 0.93725490 0.26666667 0.26666667
v 1.33938900 158.57846100 -0.67530600 0.93725490 0.26666667 0.26666667
v 2.50000000 108.57825500 -1.28147300 0.93725490 0.26666667 0.26666667
v 2.50000000 108.57825500 -1.28147300 0.93725490 0.26666667 0.26666667
v 2.50000000 108.57825500 -1.28147300 0.93725490 0.26666667 0.26666667
v 2.46479900 108.99642900 -1.32511400 0.93725490 0.26666667 0.26666667
v 2.46479900 108.99642900 -1.32511400 0.93725490 0.26666667 0.26666667
v 2.67039200 108.57845300 -0.87244000 0.93725490 0.26666667 0.26666667
v 2.67039200 108.57845300 -0.87244000 0.93725490 0.26666667 0.26666667
v 1.43425000 158.57846100 -0.43923400 0.93725490 0.26666667 0.26666667
v 1.43425000 158.57846100 -0.43923400 0.93725490 0.26666667 0.26666667
v 1.48785100 158.57846100 -0.19052700 0.93725490 0.26666667 0.26666667
v 1.48785100 158.57846100 -0.19052700 0.93725490 0.26666667 0.26666667
v 2.77435300 108.57845300 -0.44171400 0.93725490 0.26666667 0.26666667
v 2.77435300 108.57845300 -0.44171400 0.93725490 0.26666667 0.26666667
v 1.49864800 158.57846100 0.06366200 0.93725490 0.26666667 0.26666667
v 1.49864800 158.57846100 0.06366200 0.93725490 0.26666667 0.26666667
v 2.80929600 108.57845300 0.00000000 0.93725490 0.26666667 0.26666667
v 2.80929600 108.57845300 0.00000000 0.93725490 0.26666667 0.26666667
v 2.77435300 108.57845300 0.44171400 0.93725490 0.26666667 0.26666667
v 2.77435300 108.57845300 0.44171400 0.93725490 0.26666667 0.26666667
v 1.46633300 158.57846100 0.31601900 0.93725490 0.26666667 0.26666667
v 1.46633300 158.57846100 0.31601900 0.93725490 0.26666667 0.26666667
v 1.39183400 158.57846100 0.55928500 0.93725490 0.26666667 0.26666667
v 1.39183400 158.57846100 0.55928500 0.93725490 0.26666667 0.26666667
v 2.67039200 108.57845300 0.87244000 0.93725490 0.26666667 0.26666667
v 2.67039200 108.57845300 0.87244000 0.93725490 0.26666667 0.26666667
v 1.27729400 158.57846100 0.78646100 0.93725490 0.26666667 0.26666667
v 1.27729400 158.57846100 0.78646100 0.93725490 0.26666667 0.26666667
v 2.50000000 108.57845300 1.28146200 0.93725490 0.26666667 0.26666667
v 2.50000000 108.57845300 1.28146200 0.93725490 0.26666667 0.26666667
v 2.50000000 108.57845300 1.28146200 0.93725490 0.26666667 0.26666667
v 2.36716800 109.38251500 1.47322600 0.93725490 0.26666667 0.26666667
v 2.36716800 109.38251500 1.47322600 0.93725490 0.26666667 0.26666667
v 2.46459800 108.99768800 1.32527400 0.93725490 0.26666667 0.26666667
v 2.46459800 108.99768800 1.32527400 0.93725490 0.26666667 0.26666667
v 1.12600900 158.57846100 0.99101200 0.93725490 0.26666667 0.26666667
v 1.12600900 158.57846100 0.99101200 0.93725490 0.26666667 0.26666667
v 2.22032400 109.72744000 1.67110200 0.93725490 0.26666667 0.26666667
v 2.22032400 109.72744000 1.67110200 0.93725490 0.26666667 0.26666667
v 1.79370300 110.31990100 2.10253100 0.93725490 0.26666667 0.26666667
v 1.79370300 110.31990100 2.10253100 0.93725490 0.26666667 0.26666667
v 2.02850500 110.03968000 1.88697800 0.93725490 0.26666667 0.26666667
v 2.02850500 110.03968000 1.88697800 0.93725490 0.26666667 0.26666667
v 0.94233000 158.57846100 1.16705400 0.93725490 0.26666667 0.26666667
v 0.94233000 158.57846100 1.16705400 0.93725490 0.26666667 0.26666667
v 1.51407500 110.56782500 2.30418500 0.93725490 0.26666667 0.26666667
v 1.51407500 110.56782500 2.30418500 0.93725490 0.26666667 0.26666667
v 0.73154200 158.57846100 1.30952100 0.93725490 0.26666667 0.26666667
v 0.73154200 158.57846100 1.30952100 0.93725490 0.26666667 0.26666667
v 1.18985500 110.77714500 2.48116700 0.93725490 0.26666667 0.26666667
v 1.18985500 110.77714500 2.48116700 0.93725490 0.26666667 0.26666667
v 0.82347300 110.93894200 2.62102900 0.93725490 0.26666667 0.26666667
v 0.82347300 110.93894200 2.62102900 0.93725490 0.26666667 0.26666667
v 0.49971000 158.57846100 1.41431600 0.93725490 0.26666667 0.26666667
v 0.49971000 158.57846100 1.41431600 0.93725490 0.26666667 0.26666667
v 0.25350100 158.57846100 1.47842400 0.93725490 0.26666667 0.26666667
v 0.25350100 158.57846100 1.47842400 0.93725490 0.26666667 0.26666667
v 0.42266600 111.04246500 2.71198200 0.93725490 0.26666667 0.26666667
v 0.42266600 111.04246500 2.71198200 0.93725490 0.26666667 0.26666667
v 1.18970500 110.77728300 -2.48125600 0.93725490 0.26666667 0.26666667
v 1.18970500 110.77728300 -2.48125600 0.93725490 0.26666667 0.26666667
v 0.82361700 110.93895700 -2.62118900 0.93725490 0.26666667 0.26666667
v 0.82361700 110.93895700 -2.62118900 0.93725490 0.26666667 0.26666667
v 0.61785200 158.57846100 -1.36684300 0.93725490 0.26666667 0.26666667
v 0.61785200 158.57846100 -1.36684300 0.93725490 0.26666667 0.26666667
v 0.37796700 158.57846100 -1.45159900 0.93725490 0.26666667 0.26666667
v 0.37796700 158.57846100 -1.45159900 0.93725490 0.26666667 0.26666667
v 0.42203900 111.04258700 -2.71206000 0.93725490 0.26666667 0.26666667
v 0.42203900 111.04258700 -2.71206000 0.93725490 0.26666667 0.26666667
v 0.12720900 158.57846100 -1.49459600 0.93725490 0.26666667 0.26666667
v 0.12720900 158.57846100 -1.49459600 0.93725490 0.26666667 0.26666667
v 0.00087900 111.07844500 -2.74359800 0.93725490 0.26666667 0.26666667
v 0.00087900 111.07844500 -2.74359800 0.93725490 0.26666667 0.26666667
v -0.12720900 158.57846100 -1.49459600 0.93725490 0.26666667 0.26666667
v -0.12720900 158.57846100 -1.49459600 0.93725490 0.26666667 0.26666667
v -0.37796700 158.57846100 -1.45159900 0.93725490 0.26666667 0.26666667
v -0.37796700 158.57846100 -1.45159900 0.93725490 0.26666667 0.26666667
v -0.42159100 111.04260300 -2.71207700 0.93725490 0.26666667 0.26666667
v -0.42159100 111.04260300 -2.71207700 0.93725490 0.26666667 0.26666667
v -0.82278700 110.93910200 -2.62116100 0.93725490 0.26666667 0.26666667
v -0.82278700 110.93910200 -2.62116100 0.93725490 0.26666667 0.26666667
v -0.61785200 158.57846100 -1.36684300 0.93725490 0.26666667 0.26666667
v -0.61785200 158.57846100 -1.36684300 0.93725490 0.26666667 0.26666667
v -1.18924700 110.77742000 -2.48135600 0.93725490 0.26666667 0.26666667
v -1.18924700 110.77742000 -2.48135600 0.93725490 0.26666667 0.26666667
v -0.83996200 158.57846100 -1.24276400 0.93725490 0.26666667 0.26666667
v -0.83996200 158.57846100 -1.24276400 0.93725490 0.26666667 0.26666667
v -1.51361500 110.56810800 -2.30438400 0.93725490 0.26666667 0.26666667
v -1.51361500 110.56810800 -2.30438400 0.93725490 0.26666667 0.26666667
v -1.79332400 110.32027400 -2.10272900 0.93725490 0.26666667 0.26666667
v -1.79332400 110.32027400 -2.10272900 0.93725490 0.26666667 0.26666667
v -2.02828700 110.03999300 -1.88709600 0.93725490 0.26666667 0.26666667
v -2.02828700 110.03999300 -1.88709600 0.93725490 0.26666667 0.26666667
v -1.03790800 158.57846100 -1.08293400 0.93725490 0.26666667 0.26666667
v -1.03790800 158.57846100 -1.08293400 0.93725490 0.26666667 0.26666667
v -1.20599600 158.57846100 -0.89195000 0.93725490 0.26666667 0.26666667
v -1.20599600 158.57846100 -0.89195000 0.93725490 0.26666667 0.26666667
v -2.22018900 109.72776800 -1.67117400 0.93725490 0.26666667 0.26666667
v -2.22018900 109.72776800 -1.67117400 0.93725490 0.26666667 0.26666667
v -1.33938900 158.57846100 -0.67530600 0.93725490 0.26666667 0.26666667
v -1.33938900 158.57846100 -0.67530600 0.93725490 0.26666667 0.26666667
v -2.36715400 109.38269000 -1.47311200 0.93725490 0.26666667 0.26666667
v -2.36715400 109.38269000 -1.47311200 0.93725490 0.26666667 0.26666667
v -2.50000000 108.57845300 -1.28146200 0.93725490 0.26666667 0.26666667
v -2.50000000 108.57845300 -1.28146200 0.93725490 0.26666667 0.26666667
v -2.50000000 108.57845300 -1.28146200 0.93725490 0.26666667 0.26666667
v -2.46461700 108.99765000 -1.32521900 0.93725490 0.26666667 0.26666667
v -2.46461700 108.99765000 -1.32521900 0.93725490 0.26666667 0.26666667
v -2.67039200 108.57845300 -0.87244000 0.93725490 0.26666667 0.26666667
v -2.67039200 108.57845300 -0.87244000 0.93725490 0.26666667 0.26666667
v -1.43425000 158.57846100 -0.43923400 0.93725490 0.26666667 0.26666667
v -1.43425000 158.57846100 -0.43923400 0.93725490 0.26666667 0.26666667
v -2.77435300 108.57845300 -0.44171400 0.93725490 0.26666667 0.26666667
v -2.77435300 108.57845300 -0.44171400 0.93725490 0.26666667 0.26666667
v -1.48785100 158.57846100 -0.19052700 0.93725490 0.26666667 0.26666667
v -1.48785100 158.57846100 -0.19052700 0.93725490 0.26666667 0.26666667
v -1.49864800 158.57846100 0.06366200 0.93725490 0.26666667 0.26666667
v -1.49864800 158.57846100 0.06366200 0.93725490 0.26666667 0.26666667
v -2.80929600 108.57845300 0.00000000 0.93725490 0.26666667 0.26666667
v -2.80929600 108.57845300 0.00000000 0.93725490 0.26666667 0.26666667
v -2.77435300 108.57845300 0.44171400 0.93725490 0.26666667 0.26666667
v -2.77435300 108.57845300 0.44171400 0.93725490 0.26666667 0.26666667
v -1.46633300 158.57846100 0.31601900 0.93725490 0.26666667 0.26666667
v -1.46633300 158.57846100 0.31601900 0.93725490 0.26666667 0.26666667
v -2.67039200 108.57845300 0.87244000 0.93725490 0.26666667 0.26666667
v -2.67039200 108.57845300 0.87244000 0.93725490 0.26666667 0.26666667
v -1.39183400 158.57846100 0.55928500 0.93725490 0.26666667 0.26666667
v -1.39183400 158.57846100 0.55928500 0.93725490 0.26666667 0.26666667
v -2.50000000 108.57825500 1.28147300 0.93725490 0.26666667 0.26666667
v -2.50000000 108.57825500 1.28147300 0.93725490 0.26666667 0.26666667
v -2.50000000 108.57825500 1.28147300 0.93725490 0.26666667 0.26666667
v -2.46480000 108.99649800 1.32506700 0.93725490 0.26666667 0.26666667
v -2.46480000 108.99649800 1.32506700 0.93725490 0.26666667 0.26666667
v -1.27729400 158.57846100 0.78646100 0.93725490 0.26666667 0.26666667
v -1.27729400 158.57846100 0.78646100 0.93725490 0.26666667 0.26666667
v -2.22017200 109.72773000 1.67175600 0.93725490 0.26666667 0.26666667
v -2.22017200 109.72773000 1.67175600 0.93725490 0.26666667 0.26666667
v -2.36739900 109.38183600 1.47296600 0.93725490 0.26666667 0.26666667
v -2.36739900 109.38183600 1.47296600 0.93725490 0.26666667 0.26666667
v -2.02840400 110.03981800 1.88790100 0.93725490 0.26666667 0.26666667
v -2.02840400 110.03981800 1.88790100 0.93725490 0.26666667 0.26666667
v -1.12600900 158.57846100 0.99101200 0.93725490 0.26666667 0.26666667
v -1.12600900 158.57846100 0.99101200 0.93725490 0.26666667 0.26666667
v -0.94233000 158.57846100 1.16705400 0.93725490 0.26666667 0.26666667
v -0.94233000 158.57846100 1.16705400 0.93725490 0.26666667 0.26666667
v -1.79313600 110.32048800 2.10281500 0.93725490 0.26666667 0.26666667
v -1.79313600 110.32048800 2.10281500 0.93725490 0.26666667 0.26666667
v -0.73154200 158.57846100 1.30952100 0.93725490 0.26666667 0.26666667
v -0.73154200 158.57846100 1.30952100 0.93725490 0.26666667 0.26666667
v -1.51293800 110.56868700 2.30494100 0.93725490 0.26666667 0.26666667
v -1.51293800 110.56868700 2.30494100 0.93725490 0.26666667 0.26666667
v -1.18912700 110.77754200 2.48145700 0.93725490 0.26666667 0.26666667
v -1.18912700 110.77754200 2.48145700 0.93725490 0.26666667 0.26666667
v -0.49971000 158.57846100 1.41431600 0.93725490 0.26666667 0.26666667
v -0.49971000 158.57846100 1.41431600 0.93725490 0.26666667 0.26666667
v -0.82277800 110.93918600 2.62138700 0.93725490 0.26666667 0.26666667
v -0.82277800 110.93918600 2.62138700 0.93725490 0.26666667 0.26666667
v -0.25350100 158.57846100 1.47842400 0.93725490 0.26666667 0.26666667
v -0.25350100 158.57846100 1.47842400 0.93725490 0.26666667 0.26666667
v 2.50000000 108.57845300 0.00000000 0.93725490 0.26666667 0.26666667
v 2.50000000 108.57845300 0.00000000 0.93725490 0.26666667 0.26666667
v 2.50000000 108.57845300 0.00000000 0.93725490 0.26666667 0.26666667
v -2.50000000 108.57845300 0.00000000 0.93725490 0.26666667 0.26666667
v -2.50000000 108.57845300 0.00000000 0.93725490 0.26666667 0.26666667
v -2.50000000 108.57845300 0.00000000 0.93725490 0.26666667 0.26666667
v 1.73645100 110.37699100 36.50000000 0.93725490 0.26666667 0.26666667
v 1.73645100 110.37699100 36.50000000 0.93725490 0.26666667 0.26666667
v 1.98002600 110.10472100 36.50000000 0.93725490 0.26666667 0.26666667
v 1.98002600 110.10472100 36.50000000 0.93725490 0.26666667 0.26666667
v -2.50000000 108.57845300 36.50000000 0.93725490 0.26666667 0.26666667
v -2.50000000 108.57845300 36.50000000 0.93725490 0.26666667 0.26666667
v -2.48116200 108.27188900 0.30657200 0.93725490 0.26666667 0.26666667
v -2.48116200 108.27188900 0.30657200 0.93725490 0.26666667 0.26666667
v 2.18130100 109.79987300 36.50000000 0.93725490 0.26666667 0.26666667
v 2.18130100 109.79987300 36.50000000 0.93725490 0.26666667 0.26666667
v 2.33598100 109.46898700 36.50000000 0.93725490 0.26666667 0.26666667
v 2.33598100 109.46898700 36.50000000 0.93725490 0.26666667 0.26666667
v 2.44078000 109.11916400 36.50000000 0.93725490 0.26666667 0.26666667
v 2.44078000 109.11916400 36.50000000 0.93725490 0.26666667 0.26666667
v 2.49349400 108.75790400 36.50000000 0.93725490 0.26666667 0.26666667
v 2.49349400 108.75790400 36.50000000 0.93725490 0.26666667 0.26666667
v 2.49304700 108.39292900 36.50000000 0.93725490 0.26666667 0.26666667
v 2.49304700 108.39292900 36.50000000 0.93725490 0.26666667 0.26666667
v 2.43968700 108.03264600 36.50000000 0.93725490 0.26666667 0.26666667
v 2.43968700 108.03264600 36.50000000 0.93725490 0.26666667 0.26666667
v 2.48113300 108.27204100 0.30642300 0.93725490 0.26666667 0.26666667
v 2.48113300 108.27204100 0.30642300 0.93725490 0.26666667 0.26666667
v 2.42424200 107.96797200 0.61049300 0.93725490 0.26666667 0.26666667
v 2.42424200 107.96797200 0.61049300 0.93725490 0.26666667 0.26666667
v 2.33409600 107.68291500 36.50000000 0.93725490 0.26666667 0.26666667
v 2.33409600 107.68291500 36.50000000 0.93725490 0.26666667 0.26666667
v 2.19249700 107.37752500 1.20095600 0.93725490 0.26666667 0.26666667
v 2.19249700 107.37752500 1.20095600 0.93725490 0.26666667 0.26666667
v 2.32850800 107.66880000 0.90966500 0.93725490 0.26666667 0.26666667
v 2.32850800 107.66880000 0.90966500 0.93725490 0.26666667 0.26666667
v 2.17324100 107.34273500 36.50000000 0.93725490 0.26666667 0.26666667
v 2.17324100 107.34273500 36.50000000 0.93725490 0.26666667 0.26666667
v 2.01426200 107.09780900 1.48065500 0.93725490 0.26666667 0.26666667
v 2.01426200 107.09780900 1.48065500 0.93725490 0.26666667 0.26666667
v 1.79133000 106.83470200 1.74378800 0.93725490 0.26666667 0.26666667
v 1.79133000 106.83470200 1.74378800 0.93725490 0.26666667 0.26666667
v 1.96316100 107.03057900 36.50000000 0.93725490 0.26666667 0.26666667
v 1.96316100 107.03057900 36.50000000 0.93725490 0.26666667 0.26666667
v 1.70864500 106.75352500 36.50000000 0.93725490 0.26666667 0.26666667
v 1.70864500 106.75352500 36.50000000 0.93725490 0.26666667 0.26666667
v 1.52127000 106.59488700 1.98359000 0.93725490 0.26666667 0.26666667
v 1.52127000 106.59488700 1.98359000 0.93725490 0.26666667 0.26666667
v 1.41550000 106.51784500 36.50000000 0.93725490 0.26666667 0.26666667
v 1.41550000 106.51784500 36.50000000 0.93725490 0.26666667 0.26666667
v 1.20264000 106.38717700 2.19130400 0.93725490 0.26666667 0.26666667
v 1.20264000 106.38717700 2.19130400 0.93725490 0.26666667 0.26666667
v 0.83673000 106.22311400 2.35537600 0.93725490 0.26666667 0.26666667
v 0.83673000 106.22311400 2.35537600 0.93725490 0.26666667 0.26666667
v 1.09040800 106.32885700 36.50000000 0.93725490 0.26666667 0.26666667
v 1.09040800 106.32885700 36.50000000 0.93725490 0.26666667 0.26666667
v 0.74077000 106.19079600 36.50000000 0.93725490 0.26666667 0.26666667
v 0.74077000 106.19079600 36.50000000 0.93725490 0.26666667 0.26666667
v 0.43062400 106.11615000 2.46234700 0.93725490 0.26666667 0.26666667
v 0.43062400 106.11615000 2.46234700 0.93725490 0.26666667 0.26666667
v 0.37522400 106.10678100 36.50000000 0.93725490 0.26666667 0.26666667
v 0.37522400 106.10678100 36.50000000 0.93725490 0.26666667 0.26666667
v 0.00000000 106.07845300 2.50000000 0.93725490 0.26666667 0.26666667
v 0.00000000 106.07845300 2.50000000 0.93725490 0.26666667 0.26666667
v 0.00000000 106.07845300 36.50000000 0.93725490 0.26666667 0.26666667
v 0.00000000 106.07845300 36.50000000 0.93725490 0.26666667 0.26666667
v 1.45628400 110.61045800 36.50000000 0.93725490 0.26666667 0.26666667
v 1.45628400 110.61045800 36.50000000 0.93725490 0.26666667 0.26666667
v 1.14501000 110.80076600 36.50000000 0.93725490 0.26666667 0.26666667
v 1.14501000 110.80076600 36.50000000 0.93725490 0.26666667 0.26666667
v 0.45609500 111.03645300 36.50000000 0.93725490 0.26666667 0.26666667
v 0.45609500 111.03645300 36.50000000 0.93725490 0.26666667 0.26666667
v 0.80923200 110.94380200 36.50000000 0.93725490 0.26666667 0.26666667
v 0.80923200 110.94380200 36.50000000 0.93725490 0.26666667 0.26666667
v 0.09313600 111.07669100 36.50000000 0.93725490 0.26666667 0.26666667
v 0.09313600 111.07669100 36.50000000 0.93725490 0.26666667 0.26666667
v -0.27188200 111.06361400 36.50000000 0.93725490 0.26666667 0.26666667
v -0.27188200 111.06361400 36.50000000 0.93725490 0.26666667 0.26666667
v -0.63114400 110.99747500 36.50000000 0.93725490 0.26666667 0.26666667
v -0.63114400 110.99747500 36.50000000 0.93725490 0.26666667 0.26666667
v -0.97695200 110.87966900 36.50000000 0.93725490 0.26666667 0.26666667
v -0.97695200 110.87966900 36.50000000 0.93725490 0.26666667 0.26666667
v -1.30133400 110.71300500 36.50000000 0.93725490 0.26666667 0.26666667
v -1.30133400 110.71300500 36.50000000 0.93725490 0.26666667 0.26666667
v -1.59815000 110.50085400 36.50000000 0.93725490 0.26666667 0.26666667
v -1.59815000 110.50085400 36.50000000 0.93725490 0.26666667 0.26666667
v -1.86102900 110.24767300 36.50000000 0.93725490 0.26666667 0.26666667
v -1.86102900 110.24767300 36.50000000 0.93725490 0.26666667 0.26666667
v -2.08431300 109.95882400 36.50000000 0.93725490 0.26666667 0.26666667
v -2.08431300 109.95882400 36.50000000 0.93725490 0.26666667 0.26666667
v -2.26318900 109.64045000 36.50000000 0.93725490 0.26666667 0.26666667
v -2.26318900 109.64045000 36.50000000 0.93725490 0.26666667 0.26666667
v -2.39379400 109.29934700 36.50000000 0.93725490 0.26666667 0.26666667
v -2.39379400 109.29934700 36.50000000 0.93725490 0.26666667 0.26666667
v -2.47330400 108.94280200 36.50000000 0.93725490 0.26666667 0.26666667
v -2.47330400 108.94280200 36.50000000 0.93725490 0.26666667 0.26666667
v -2.19258200 107.37720500 1.20126600 0.93725490 0.26666667 0.26666667
v -2.19258200 107.37720500 1.20126600 0.93725490 0.26666667 0.26666667
v -2.27426600 107.54043600 36.50000000 0.93725490 0.26666667 0.26666667
v -2.27426600 107.54043600 36.50000000 0.93725490 0.26666667 0.26666667
v -2.32860700 107.66848800 0.90998900 0.93725490 0.26666667 0.26666667
v -2.32860700 107.66848800 0.90998900 0.93725490 0.26666667 0.26666667
v -2.47453100 108.22252700 36.50000000 0.93725490 0.26666667 0.26666667
v -2.47453100 108.22252700 36.50000000 0.93725490 0.26666667 0.26666667
v -2.42432400 107.96770500 0.61075100 0.93725490 0.26666667 0.26666667
v -2.42432400 107.96770500 0.61075100 0.93725490 0.26666667 0.26666667
v -2.39881400 107.87455000 36.50000000 0.93725490 0.26666667 0.26666667
v -2.39881400 107.87455000 36.50000000 0.93725490 0.26666667 0.26666667
v -1.63757000 106.68948400 36.50000000 0.93725490 0.26666667 0.26666667
v -1.63757000 106.68948400 36.50000000 0.93725490 0.26666667 0.26666667
v -1.88974800 106.94179500 36.50000000 0.93725490 0.26666667 0.26666667
v -1.88974800 106.94179500 36.50000000 0.93725490 0.26666667 0.26666667
v -1.79130000 106.83442700 1.74406400 0.93725490 0.26666667 0.26666667
v -1.79130000 106.83442700 1.74406400 0.93725490 0.26666667 0.26666667
v -2.10342500 107.22739400 36.50000000 0.93725490 0.26666667 0.26666667
v -2.10342500 107.22739400 36.50000000 0.93725490 0.26666667 0.26666667
v -2.01426100 107.09761800 1.48085100 0.93725490 0.26666667 0.26666667
v -2.01426100 107.09761800 1.48085100 0.93725490 0.26666667 0.26666667
v -1.03890200 106.30455800 36.50000000 0.93725490 0.26666667 0.26666667
v -1.03890200 106.30455800 36.50000000 0.93725490 0.26666667 0.26666667
v -0.83579500 106.22206100 2.35641500 0.93725490 0.26666667 0.26666667
v -0.83579500 106.22206100 2.35641500 0.93725490 0.26666667 0.26666667
v -0.70460200 106.17981000 36.50000000 0.93725490 0.26666667 0.26666667
v -0.70460200 106.17981000 36.50000000 0.93725490 0.26666667 0.26666667
v -1.52116400 106.59417000 1.98431000 0.93725490 0.26666667 0.26666667
v -1.52116400 106.59417000 1.98431000 0.93725490 0.26666667 0.26666667
v -1.20218300 106.38612400 2.19236400 0.93725490 0.26666667 0.26666667
v -1.20218300 106.38612400 2.19236400 0.93725490 0.26666667 0.26666667
v -1.35201800 106.47561600 36.50000000 0.93725490 0.26666667 0.26666667
v -1.35201800 106.47561600 36.50000000 0.93725490 0.26666667 0.26666667
v -0.35593100 106.10392800 36.50000000 0.93725490 0.26666667 0.26666667
v -0.35593100 106.10392800 36.50000000 0.93725490 0.26666667 0.26666667
v -0.42960500 106.11561600 2.46289700 0.93725490 0.26666667 0.26666667
v -0.42960500 106.11561600 2.46289700 0.93725490 0.26666667 0.26666667
v 0.00000000 98.57845300 -2.50000000 0.93725490 0.26666667 0.26666667
v 0.00000000 98.57845300 -2.50000000 0.93725490 0.26666667 0.26666667
v 2.42350100 98.57845300 0.61371400 0.93725490 0.26666667 0.26666667
v 2.42350100 98.57845300 0.61371400 0.93725490 0.26666667 0.26666667
v 2.28943300 98.57845300 1.00423900 0.93725490 0.26666667 0.26666667
v 2.28943300 98.57845300 1.00423900 0.93725490 0.26666667 0.26666667
v 2.28943300 98.57845300 -1.00423900 0.93725490 0.26666667 0.26666667
v 2.28943300 98.57845300 -1.00423900 0.93725490 0.26666667 0.26666667
v 1.53553200 98.57845300 -1.97285100 0.93725490 0.26666667 0.26666667
v 1.53553200 98.57845300 -1.97285100 0.93725490 0.26666667 0.26666667
v 1.83931000 98.57845300 -1.69320400 0.93725490 0.26666667 0.26666667
v 1.83931000 98.57845300 -1.69320400 0.93725490 0.26666667 0.26666667
v 2.09291600 98.57845300 -1.36737000 0.93725490 0.26666667 0.26666667
v 2.09291600 98.57845300 -1.36737000 0.93725490 0.26666667 0.26666667
v 2.42350100 98.57845300 -0.61371400 0.93725490 0.26666667 0.26666667
v 2.42350100 98.57845300 -0.61371400 0.93725490 0.26666667 0.26666667
v 1.18986800 98.57845300 -2.19868400 0.93725490 0.26666667 0.26666667
v 1.18986800 98.57845300 -2.19868400 0.93725490 0.26666667 0.26666667
v 0.81174900 98.57845300 -2.36454300 0.93725490 0.26666667 0.26666667
v 0.81174900 98.57845300 -2.36454300 0.93725490 0.26666667 0.26666667
v 2.49146100 98.57845300 -0.20644800 0.93725490 0.26666667 0.26666667
v 2.49146100 98.57845300 -0.20644800 0.93725490 0.26666667 0.26666667
v 2.49146100 98.57845300 0.20644800 0.93725490 0.26666667 0.26666667
v 2.49146100 98.57845300 0.20644800 0.93725490 0.26666667 0.26666667
v 0.41148600 98.57845300 -2.46590300 0.93725490 0.26666667 0.26666667
v 0.41148600 98.57845300 -2.46590300 0.93725490 0.26666667 0.26666667
v -1.18986800 98.57845300 -2.19868400 0.93725490 0.26666667 0.26666667
v -1.18986800 98.57845300 -2.19868400 0.93725490 0.26666667 0.26666667
v -0.81174900 98.57845300 -2.36454300 0.93725490 0.26666667 0.26666667
v -0.81174900 98.57845300 -2.36454300 0.93725490 0.26666667 0.26666667
v 1.83931000 98.57845300 1.69320400 0.93725490 0.26666667 0.26666667
v 1.83931000 98.57845300 1.69320400 0.93725490 0.26666667 0.26666667
v 2.09291600 98.57845300 1.36737000 0.93725490 0.26666667 0.26666667
v 2.09291600 98.57845300 1.36737000 0.93725490 0.26666667 0.26666667
v -0.41148600 98.57845300 -2.46590300 0.93725490 0.26666667 0.26666667
v -0.41148600 98.57845300 -2.46590300 0.93725490 0.26666667 0.26666667
v 1.53553200 98.57845300 1.97285100 0.93725490 0.26666667 0.26666667
v 1.53553200 98.57845300 1.97285100 0.93725490 0.26666667 0.26666667
v 1.18986800 98.57845300 2.19868400 0.93725490 0.26666667 0.26666667
v 1.18986800 98.57845300 2.19868400 0.93725490 0.26666667 0.26666667
v -1.53553200 98.57845300 -1.97285100 0.93725490 0.26666667 0.26666667
v -1.53553200 98.57845300 -1.97285100 0.93725490 0.26666667 0.26666667
v -2.28943300 98.57845300 -1.00423900 0.93725490 0.26666667 0.26666667
v -2.28943300 98.57845300 -1.00423900 0.93725490 0.26666667 0.26666667
v 0.41148600 98.57845300 2.46590300 0.93725490 0.26666667 0.26666667
v 0.41148600 98.57845300 2.46590300 0.93725490 0.26666667 0.26666667
v -0.00000000 98.57845300 2.50000000 0.93725490 0.26666667 0.26666667
v -0.00000000 98.57845300 2.50000000 0.93725490 0.26666667 0.26666667
v -1.83931000 98.57845300 -1.69320400 0.93725490 0.26666667 0.26666667
v -1.83931000 98.57845300 -1.69320400 0.93725490 0.26666667 0.26666667
v 0.81174900 98.57845300 2.36454300 0.93725490 0.26666667 0.26666667
v 0.81174900 98.57845300 2.36454300 0.93725490 0.26666667 0.26666667
v -2.09291600 98.57845300 -1.36737000 0.93725490 0.26666667 0.26666667
v -2.09291600 98.57845300 -1.36737000 0.93725490 0.26666667 0.26666667
v -0.81174900 98.57845300 2.36454300 0.93725490 0.26666667 0.26666667
v -0.81174900 98.57845300 2.36454300 0.93725490 0.26666667 0.26666667
v -1.18986800 98.57845300 2.19868400 0.93725490 0.26666667 0.26666667
v -1.18986800 98.57845300 2.19868400 0.93725490 0.26666667 0.26666667
v -2.49146100 98.57845300 0.20644800 0.93725490 0.26666667 0.26666667
v -2.49146100 98.57845300 0.20644800 0.93725490 0.26666667 0.26666667
v -0.41148600 98.57845300 2.46590300 0.93725490 0.26666667 0.26666667
v -0.41148600 98.57845300 2.46590300 0.93725490 0.26666667 0.26666667
v -2.49146100 98.57845300 -0.20644800 0.93725490 0.26666667 0.26666667
v -2.49146100 98.57845300 -0.20644800 0.93725490 0.26666667 0.26666667
v -2.42350100 98.57845300 -0.61371400 0.93725490 0.26666667 0.26666667
v -2.42350100 98.57845300 -0.61371400 0.93725490 0.26666667 0.26666667
v -1.83931000 98.57845300 1.69320400 0.93725490 0.26666667 0.26666667
v -1.83931000 98.57845300 1.69320400 0.93725490 0.26666667 0.26666667
v -2.09291600 98.57845300 1.36737000 0.93725490 0.26666667 0.26666667
v -2.09291600 98.57845300 1.36737000 0.93725490 0.26666667 0.26666667
v -2.28943300 98.57845300 1.00423900 0.93725490 0.26666667 0.26666667
v -2.28943300 98.57845300 1.00423900 0.93725490 0.26666667 0.26666667
v -2.42350100 98.57845300 0.61371400 0.93725490 0.26666667 0.26666667
v -2.42350100 98.57845300 0.61371400 0.93725490 0.26666667 0.26666667
v -1.53553200 98.57845300 1.97285100 0.93725490 0.26666667 0.26666667
v -1.53553200 98.57845300 1.97285100 0.93725490 0.26666667 0.26666667
v -0.00000000 106.07845300 -2.50000000 0.93725490 0.26666667 0.26666667
v -0.00000000 106.07845300 -2.50000000 0.93725490 0.26666667 0.26666667
v 0.43062400 106.11611200 -2.46230700 0.93725490 0.26666667 0.26666667
v 0.43062400 106.11611200 -2.46230700 0.93725490 0.26666667 0.26666667
v -2.48116200 108.27188100 -0.30656500 0.93725490 0.26666667 0.26666667
v -2.48116200 108.27188100 -0.30656500 0.93725490 0.26666667 0.26666667
v -2.42432400 107.96770500 -0.61074800 0.93725490 0.26666667 0.26666667
v -2.42432400 107.96770500 -0.61074800 0.93725490 0.26666667 0.26666667
v -2.32860700 107.66846500 -0.90997100 0.93725490 0.26666667 0.26666667
v -2.32860700 107.66846500 -0.90997100 0.93725490 0.26666667 0.26666667
v -2.19258200 107.37719000 -1.20125300 0.93725490 0.26666667 0.26666667
v -2.19258200 107.37719000 -1.20125300 0.93725490 0.26666667 0.26666667
v -2.01426100 107.09760300 -1.48083600 0.93725490 0.26666667 0.26666667
v -2.01426100 107.09760300 -1.48083600 0.93725490 0.26666667 0.26666667
v -1.79130000 106.83438900 -1.74403200 0.93725490 0.26666667 0.26666667
v -1.79130000 106.83438900 -1.74403200 0.93725490 0.26666667 0.26666667
v -1.52116400 106.59414700 -1.98428700 0.93725490 0.26666667 0.26666667
v -1.52116400 106.59414700 -1.98428700 0.93725490 0.26666667 0.26666667
v -1.20218300 106.38609300 -2.19233200 0.93725490 0.26666667 0.26666667
v -1.20218300 106.38609300 -2.19233200 0.93725490 0.26666667 0.26666667
v -0.83579500 106.22203800 -2.35639400 0.93725490 0.26666667 0.26666667
v -0.83579500 106.22203800 -2.35639400 0.93725490 0.26666667 0.26666667
v -0.42960500 106.11556200 -2.46283800 0.93725490 0.26666667 0.26666667
v -0.42960500 106.11556200 -2.46283800 0.93725490 0.26666667 0.26666667
v 0.83673000 106.22308300 -2.35533900 0.93725490 0.26666667 0.26666667
v 0.83673000 106.22308300 -2.35533900 0.93725490 0.26666667 0.26666667
v 1.79133000 106.83467100 -1.74375200 0.93725490 0.26666667 0.26666667
v 1.79133000 106.83467100 -1.74375200 0.93725490 0.26666667 0.26666667
v 2.01426200 107.09780100 -1.48064600 0.93725490 0.26666667 0.26666667
v 2.01426200 107.09780100 -1.48064600 0.93725490 0.26666667 0.26666667
v 1.52127000 106.59486400 -1.98356600 0.93725490 0.26666667 0.26666667
v 1.52127000 106.59486400 -1.98356600 0.93725490 0.26666667 0.26666667
v 2.32850800 107.66879300 -0.90965500 0.93725490 0.26666667 0.26666667
v 2.32850800 107.66879300 -0.90965500 0.93725490 0.26666667 0.26666667
v 2.42424200 107.96796400 -0.61048600 0.93725490 0.26666667 0.26666667
v 2.42424200 107.96796400 -0.61048600 0.93725490 0.26666667 0.26666667
v 2.19249700 107.37750200 -1.20093400 0.93725490 0.26666667 0.26666667
v 2.19249700 107.37750200 -1.20093400 0.93725490 0.26666667 0.26666667
v 2.48113300 108.27203400 -0.30641400 0.93725490 0.26666667 0.26666667
v 2.48113300 108.27203400 -0.30641400 0.93725490 0.26666667 0.26666667
v 1.20264000 106.38715400 -2.19128100 0.93725490 0.26666667 0.26666667
v 1.20264000 106.38715400 -2.19128100 0.93725490 0.26666667 0.26666667
v -1.76776700 106.81069200 -36.50000000 0.93725490 0.26666667 0.26666667
v -1.76776700 106.81069200 -36.50000000 0.93725490 0.26666667 0.26666667
v -2.47332300 108.94265000 -36.50000000 0.93725490 0.26666667 0.26666667
v -2.47332300 108.94265000 -36.50000000 0.93725490 0.26666667 0.26666667
v -1.46946300 106.55591600 -36.50000000 0.93725490 0.26666667 0.26666667
v -1.46946300 106.55591600 -36.50000000 0.93725490 0.26666667 0.26666667
v -1.13497600 106.35093700 -36.50000000 0.93725490 0.26666667 0.26666667
v -1.13497600 106.35093700 -36.50000000 0.93725490 0.26666667 0.26666667
v -0.77254200 106.20081300 -36.50000000 0.93725490 0.26666667 0.26666667
v -0.77254200 106.20081300 -36.50000000 0.93725490 0.26666667 0.26666667
v -0.39108600 106.10923800 -36.50000000 0.93725490 0.26666667 0.26666667
v -0.39108600 106.10923800 -36.50000000 0.93725490 0.26666667 0.26666667
v 0.00000000 106.07845300 -36.50000000 0.93725490 0.26666667 0.26666667
v 0.00000000 106.07845300 -36.50000000 0.93725490 0.26666667 0.26666667
v -2.02254200 107.10899400 -36.50000000 0.93725490 0.26666667 0.26666667
v -2.02254200 107.10899400 -36.50000000 0.93725490 0.26666667 0.26666667
v -2.22751600 107.44348100 -36.50000000 0.93725490 0.26666667 0.26666667
v -2.22751600 107.44348100 -36.50000000 0.93725490 0.26666667 0.26666667
v -2.37764100 107.80591600 -36.50000000 0.93725490 0.26666667 0.26666667
v -2.37764100 107.80591600 -36.50000000 0.93725490 0.26666667 0.26666667
v -2.46922100 108.18737000 -36.50000000 0.93725490 0.26666667 0.26666667
v -2.46922100 108.18737000 -36.50000000 0.93725490 0.26666667 0.26666667
v -2.50000000 108.57845300 -36.50000000 0.93725490 0.26666667 0.26666667
v -2.50000000 108.57845300 -36.50000000 0.93725490 0.26666667 0.26666667
v -2.08565400 109.95681800 -36.50000000 0.93725490 0.26666667 0.26666667
v -2.08565400 109.95681800 -36.50000000 0.93725490 0.26666667 0.26666667
v -2.26409600 109.63845100 -36.50000000 0.93725490 0.26666667 0.26666667
v -2.26409600 109.63845100 -36.50000000 0.93725490 0.26666667 0.26666667
v -2.39424100 109.29766100 -36.50000000 0.93725490 0.26666667 0.26666667
v -2.39424100 109.29766100 -36.50000000 0.93725490 0.26666667 0.26666667
v -1.30348500 110.71169300 -36.50000000 0.93725490 0.26666667 0.26666667
v -1.30348500 110.71169300 -36.50000000 0.93725490 0.26666667 0.26666667
v -1.86267600 110.24590300 -36.50000000 0.93725490 0.26666667 0.26666667
v -1.86267600 110.24590300 -36.50000000 0.93725490 0.26666667 0.26666667
v -1.59991000 110.49946600 -36.50000000 0.93725490 0.26666667 0.26666667
v -1.59991000 110.49946600 -36.50000000 0.93725490 0.26666667 0.26666667
v -0.27555000 111.06318700 -36.50000000 0.93725490 0.26666667 0.26666667
v -0.27555000 111.06318700 -36.50000000 0.93725490 0.26666667 0.26666667
v -0.63433300 110.99657400 -36.50000000 0.93725490 0.26666667 0.26666667
v -0.63433300 110.99657400 -36.50000000 0.93725490 0.26666667 0.26666667
v -0.97942600 110.87854000 -36.50000000 0.93725490 0.26666667 0.26666667
v -0.97942600 110.87854000 -36.50000000 0.93725490 0.26666667 0.26666667
v 1.14077500 110.80293300 -36.50000000 0.93725490 0.26666667 0.26666667
v 1.14077500 110.80293300 -36.50000000 0.93725490 0.26666667 0.26666667
v 0.80528600 110.94518300 -36.50000000 0.93725490 0.26666667 0.26666667
v 0.80528600 110.94518300 -36.50000000 0.93725490 0.26666667 0.26666667
v 0.45223000 111.03720900 -36.50000000 0.93725490 0.26666667 0.26666667
v 0.45223000 111.03720900 -36.50000000 0.93725490 0.26666667 0.26666667
v 0.08924700 111.07684300 -36.50000000 0.93725490 0.26666667 0.26666667
v 0.08924700 111.07684300 -36.50000000 0.93725490 0.26666667 0.26666667
v 1.97690000 110.10873400 -36.50000000 0.93725490 0.26666667 0.26666667
v 1.97690000 110.10873400 -36.50000000 0.93725490 0.26666667 0.26666667
v 1.45224500 110.61331200 -36.50000000 0.93725490 0.26666667 0.26666667
v 1.45224500 110.61331200 -36.50000000 0.93725490 0.26666667 0.26666667
v 1.73297800 110.38027200 -36.50000000 0.93725490 0.26666667 0.26666667
v 1.73297800 110.38027200 -36.50000000 0.93725490 0.26666667 0.26666667
v 2.49409400 108.74957300 -36.50000000 0.93725490 0.26666667 0.26666667
v 2.49409400 108.74957300 -36.50000000 0.93725490 0.26666667 0.26666667
v 2.44121100 109.11742400 -36.50000000 0.93725490 0.26666667 0.26666667
v 2.44121100 109.11742400 -36.50000000 0.93725490 0.26666667 0.26666667
v 2.33409600 109.47399900 -36.50000000 0.93725490 0.26666667 0.26666667
v 2.33409600 109.47399900 -36.50000000 0.93725490 0.26666667 0.26666667
v 2.32306400 107.65480800 -36.50000000 0.93725490 0.26666667 0.26666667
v 2.32306400 107.65480800 -36.50000000 0.93725490 0.26666667 0.26666667
v 2.49186100 108.37752500 -36.50000000 0.93725490 0.26666667 0.26666667
v 2.49186100 108.37752500 -36.50000000 0.93725490 0.26666667 0.26666667
v 2.43443400 108.00988800 -36.50000000 0.93725490 0.26666667 0.26666667
v 2.43443400 108.00988800 -36.50000000 0.93725490 0.26666667 0.26666667
v 2.16020000 107.32016000 -36.50000000 0.93725490 0.26666667 0.26666667
v 2.16020000 107.32016000 -36.50000000 0.93725490 0.26666667 0.26666667
v 1.94943800 107.01336700 -36.50000000 0.93725490 0.26666667 0.26666667
v 1.94943800 107.01336700 -36.50000000 0.93725490 0.26666667 0.26666667
v 1.69544100 106.74124100 -36.50000000 0.93725490 0.26666667 0.26666667
v 1.69544100 106.74124100 -36.50000000 0.93725490 0.26666667 0.26666667
v 1.40383200 106.50984200 -36.50000000 0.93725490 0.26666667 0.26666667
v 1.40383200 106.50984200 -36.50000000 0.93725490 0.26666667 0.26666667
v 1.08107500 106.32430300 -36.50000000 0.93725490 0.26666667 0.26666667
v 1.08107500 106.32430300 -36.50000000 0.93725490 0.26666667 0.26666667
v 0.73432900 106.18874400 -36.50000000 0.93725490 0.26666667 0.26666667
v 0.73432900 106.18874400 -36.50000000 0.93725490 0.26666667 0.26666667
v 0.37128500 106.10617800 -36.50000000 0.93725490 0.26666667 0.26666667
v 0.37128500 106.10617800 -36.50000000 0.93725490 0.26666667 0.26666667
v 2.17872900 109.80446600 -36.50000000 0.93725490 0.26666667 0.26666667
v 2.17872900 109.80446600 -36.50000000 0.93725490 0.26666667 0.26666667
v 2.37495300 109.28600300 -36.83011200 0.93725490 0.26666667 0.26666667
v 2.36033700 109.08148200 -37.15251500 0.93725490 0.26666667 0.26666667
v 2.20882600 109.48494000 -37.24119900 0.93725490 0.26666667 0.26666667
v -2.20521700 108.64886500 -37.67561000 0.93725490 0.26666667 0.26666667
v -2.06309500 108.98055300 -37.85349700 0.93725490 0.26666667 0.26666667
v -1.99992400 108.57845300 -38.00010300 0.93725490 0.26666667 0.26666667
v -1.99992400 108.57845300 -38.00010300 0.93725490 0.26666667 0.26666667
v -1.99992400 108.57845300 -38.00010300 0.93725490 0.26666667 0.26666667
v 1.82411400 107.01812000 -37.19854000 0.93725490 0.26666667 0.26666667
v 1.43790700 106.77027100 -37.45545200 0.93725490 0.26666667 0.26666667
v 1.60240400 106.97870600 -37.55977200 0.93725490 0.26666667 0.26666667
v 1.33423800 106.98568000 -37.89027800 0.93725490 0.26666667 0.26666667
v 1.72536000 107.20661200 -37.67948200 0.93725490 0.26666667 0.26666667
v 2.04178700 108.96461500 -37.88996100 0.93725490 0.26666667 0.26666667
v 2.29058800 108.86521100 -37.45967900 0.93725490 0.26666667 0.26666667
v 2.16733600 108.64224200 -37.74442300 0.93725490 0.26666667 0.26666667
v 1.68760400 108.91938000 -38.31266800 0.93725490 0.26666667 0.26666667
v 1.84034900 109.22800400 -38.06243500 0.93725490 0.26666667 0.26666667
v 1.86781300 108.68374600 -38.15837100 0.93725490 0.26666667 0.26666667
v 1.20281200 106.81914500 -37.80693100 0.93725490 0.26666667 0.26666667
v 0.62938100 106.68019100 -38.00010300 0.93725490 0.26666667 0.26666667
v 0.62938100 106.68019100 -38.00010300 0.93725490 0.26666667 0.26666667
v 0.85636100 106.55130800 -37.68629800 0.93725490 0.26666667 0.26666667
v 0.65130300 106.45770300 -37.65248500 0.93725490 0.26666667 0.26666667
v 2.15656700 109.23428300 -37.58125300 0.93725490 0.26666667 0.26666667
v 1.99992400 108.57845300 -38.00010300 0.93725490 0.26666667 0.26666667
v 1.99992400 108.57845300 -38.00010300 0.93725490 0.26666667 0.26666667
v 1.99992400 108.57845300 -38.00010300 0.93725490 0.26666667 0.26666667
v 1.39537300 106.55935700 -36.97555900 0.93725490 0.26666667 0.26666667
v 1.23660000 106.58728800 -37.36952600 0.93725490 0.26666667 0.26666667
v 1.63131400 106.77381900 -37.07627100 0.93725490 0.26666667 0.26666667
v 0.43270200 106.39484400 -37.63781000 0.93725490 0.26666667 0.26666667
v 0.45625500 106.63128700 -38.00010300 0.93725490 0.26666667 0.26666667
v 0.45625500 106.63128700 -38.00010300 0.93725490 0.26666667 0.26666667
v 2.19704700 109.70932000 -36.87965800 0.93725490 0.26666667 0.26666667
v 1.85930800 108.57845300 -38.17115400 0.93725490 0.26666667 0.26666667
v 1.85930800 108.57845300 -38.17115400 0.93725490 0.26666667 0.26666667
v -0.01976400 106.36763800 -37.66700400 0.93725490 0.26666667 0.26666667
v 0.10020000 106.58107000 -38.00010300 0.93725490 0.26666667 0.26666667
v 0.10020000 106.58107000 -38.00010300 0.93725490 0.26666667 0.26666667
v 0.20684700 106.36453200 -37.64269600 0.93725490 0.26666667 0.26666667
v 1.12307600 106.38089800 -36.89930700 0.93725490 0.26666667 0.26666667
v 1.00427600 106.43503600 -37.30446200 0.93725490 0.26666667 0.26666667
v 1.99344100 108.41778600 -38.00010300 0.93725490 0.26666667 0.26666667
v 1.99344100 108.41778600 -38.00010300 0.93725490 0.26666667 0.26666667
v 1.29398900 108.77470400 -38.63004300 0.93725490 0.26666667 0.26666667
v 1.35766300 108.57845300 -38.59922400 0.93725490 0.26666667 0.26666667
v 1.35766300 108.57845300 -38.59922400 0.93725490 0.26666667 0.26666667
v 1.16771100 108.57845300 -38.71046400 0.93725490 0.26666667 0.26666667
v 1.16771100 108.57845300 -38.71046400 0.93725490 0.26666667 0.26666667
v 1.77742800 106.82968100 -36.68038600 0.93725490 0.26666667 0.26666667
v 1.99294100 107.10276800 -36.81705900 0.93725490 0.26666667 0.26666667
v 1.37079200 110.24391900 -37.76378600 0.93725490 0.26666667 0.26666667
v 1.70084500 110.03579700 -37.61052700 0.93725490 0.26666667 0.26666667
v 1.66905500 109.76294700 -37.93569900 0.93725490 0.26666667 0.26666667
v 1.34954200 110.47687500 -37.40815000 0.93725490 0.26666667 0.26666667
v 2.15402900 107.40135200 -36.97389600 0.93725490 0.26666667 0.26666667
v -0.24061300 106.40407600 -37.71003000 0.93725490 0.26666667 0.26666667
v -0.08015600 106.58015400 -38.00010300 0.93725490 0.26666667 0.26666667
v -0.08015600 106.58015400 -38.00010300 0.93725490 0.26666667 0.26666667
v 0.90540000 109.41261300 -38.67587700 0.93725490 0.26666667 0.26666667
v 0.61250900 109.86586800 -38.55363100 0.93725490 0.26666667 0.26666667
v 0.96599700 109.77934300 -38.46843000 0.93725490 0.26666667 0.26666667
v 0.52927300 110.90496800 -37.24647500 0.93725490 0.26666667 0.26666667
v 0.97681400 110.63343800 -37.53579700 0.93725490 0.26666667 0.26666667
v 0.57586400 110.73158300 -37.63243900 0.93725490 0.26666667 0.26666667
v 2.38720900 107.89118200 -36.78087600 0.93725490 0.26666667 0.26666667
v 2.25605900 107.71684300 -37.14638900 0.93725490 0.26666667 0.26666667
v 2.43030400 108.23921200 -36.97805400 0.93725490 0.26666667 0.26666667
v 0.24430900 109.89840700 -38.60903500 0.93725490 0.26666667 0.26666667
v 0.58916700 109.49002100 -38.75209400 0.93725490 0.26666667 0.26666667
v -1.29394900 109.80356600 -38.25351300 0.93725490 0.26666667 0.26666667
v -0.84235200 109.67060900 -38.58510200 0.93725490 0.26666667 0.26666667
v -1.16382500 109.49348400 -38.51450300 0.93725490 0.26666667 0.26666667
v 2.29609500 108.04016900 -37.32957500 0.93725490 0.26666667 0.26666667
v 2.05950200 107.56747400 -37.49316400 0.93725490 0.26666667 0.26666667
v 1.96822500 107.28523300 -37.33884800 0.93725490 0.26666667 0.26666667
v -0.49373700 109.79935500 -38.62500400 0.93725490 0.26666667 0.26666667
v -0.57266800 110.13279700 -38.37245200 0.93725490 0.26666667 0.26666667
v -0.12801000 109.87602200 -38.63305700 0.93725490 0.26666667 0.26666667
v 2.40542900 108.58566300 -37.18107200 0.93725490 0.26666667 0.26666667
v 2.46813600 108.80909000 -36.82421900 0.93725490 0.26666667 0.26666667
v 2.27298600 108.36203000 -37.51818100 0.93725490 0.26666667 0.26666667
v 2.09531900 107.85672800 -37.65704300 0.93725490 0.26666667 0.26666667
v 2.07464500 108.14466900 -37.82577100 0.93725490 0.26666667 0.26666667
v -0.48616700 106.16491700 -36.93412000 0.93725490 0.26666667 0.26666667
v -0.16218600 106.11146500 -36.87099800 0.93725490 0.26666667 0.26666667
v -0.63995700 106.57181500 -37.84679400 0.93725490 0.26666667 0.26666667
v -0.43687000 106.62683100 -38.00010300 0.93725490 0.26666667 0.26666667
v -0.43687000 106.62683100 -38.00010300 0.93725490 0.26666667 0.26666667
v -0.44934500 106.47279400 -37.77054200 0.93725490 0.26666667 0.26666667
v -0.79237500 106.26572400 -37.02288800 0.93725490 0.26666667 0.26666667
v -1.52031800 106.81701700 -37.41431400 0.93725490 0.26666667 0.26666667
v -1.25107600 106.80712900 -37.74387000 0.93725490 0.26666667 0.26666667
v -1.31699700 106.59653500 -37.26649100 0.93725490 0.26666667 0.26666667
v -0.77933400 106.73661800 -38.00010300 0.93725490 0.26666667 0.26666667
v -0.77933400 106.73661800 -38.00010300 0.93725490 0.26666667 0.26666667
v -1.07760100 106.61901100 -37.61774400 0.93725490 0.26666667 0.26666667
v -0.61004800 106.67389700 -38.00010300 0.93725490 0.26666667 0.26666667
v -0.61004800 106.67389700 -38.00010300 0.93725490 0.26666667 0.26666667
v -1.91963500 107.15640300 -37.23672100 0.93725490 0.26666667 0.26666667
v -1.67611500 107.06610100 -37.57397500 0.93725490 0.26666667 0.26666667
v -1.74548500 106.87797500 -37.05825000 0.93725490 0.26666667 0.26666667
v -1.38400200 107.01964600 -37.88009300 0.93725490 0.26666667 0.26666667
v -1.24212500 107.01110100 -38.00010300 0.93725490 0.26666667 0.26666667
v -1.24212500 107.01110100 -38.00010300 0.93725490 0.26666667 0.26666667
v -1.09652900 106.90593000 -38.00010300 0.93725490 0.26666667 0.26666667
v -1.09652900 106.90593000 -38.00010300 0.93725490 0.26666667 0.26666667
v -0.94129500 106.81395700 -38.00010300 0.93725490 0.26666667 0.26666667
v -0.94129500 106.81395700 -38.00010300 0.93725490 0.26666667 0.26666667
v -1.37828200 107.12930300 -38.00010300 0.93725490 0.26666667 0.26666667
v -1.37828200 107.12930300 -38.00010300 0.93725490 0.26666667 0.26666667
v -1.87147500 107.87338300 -38.00010300 0.93725490 0.26666667 0.26666667
v -1.87147500 107.87338300 -38.00010300 0.93725490 0.26666667 0.26666667
v -1.80046800 107.70784800 -38.00010300 0.93725490 0.26666667 0.26666667
v -1.80046800 107.70784800 -38.00010300 0.93725490 0.26666667 0.26666667
v -1.82870300 107.62078100 -37.91021300 0.93725490 0.26666667 0.26666667
v -2.03565200 107.45877800 -37.42328300 0.93725490 0.26666667 0.26666667
v -1.77990500 107.33661700 -37.74087500 0.93725490 0.26666667 0.26666667
v 1.04197700 106.67295100 -37.73828100 0.93725490 0.26666667 0.26666667
v 0.95925000 106.82364700 -38.00010300 0.93725490 0.26666667 0.26666667
v 0.95925000 106.82364700 -38.00010300 0.93725490 0.26666667 0.26666667
v 1.11306200 106.91689300 -38.00010300 0.93725490 0.26666667 0.26666667
v 1.11306200 106.91689300 -38.00010300 0.93725490 0.26666667 0.26666667
v 0.82225900 106.24359100 -36.84970100 0.93725490 0.26666667 0.26666667
v 0.74761800 106.31787900 -37.26214200 0.93725490 0.26666667 0.26666667
v 0.79755100 106.74445300 -38.00010300 0.93725490 0.26666667 0.26666667
v 0.79755100 106.74445300 -38.00010300 0.93725490 0.26666667 0.26666667
v 0.50157500 106.15137500 -36.82817500 0.93725490 0.26666667 0.26666667
v 0.47401000 106.23920400 -37.24377400 0.93725490 0.26666667 0.26666667
v 0.17025000 106.10690300 -36.83534200 0.93725490 0.26666667 0.26666667
v 0.19132200 106.20126300 -37.24988900 0.93725490 0.26666667 0.26666667
v 0.27913600 106.59813700 -38.00010300 0.93725490 0.26666667 0.26666667
v 0.27913600 106.59813700 -38.00010300 0.93725490 0.26666667 0.26666667
v -0.09231300 106.20514700 -37.28031200 0.93725490 0.26666667 0.26666667
v -0.25910500 106.59542800 -38.00010300 0.93725490 0.26666667 0.26666667
v -0.25910500 106.59542800 -38.00010300 0.93725490 0.26666667 0.26666667
v -1.07200000 106.41098800 -37.13475000 0.93725490 0.26666667 0.26666667
v -1.50279600 107.25894900 -38.00010300 0.93725490 0.26666667 0.26666667
v -1.50279600 107.25894900 -38.00010300 0.93725490 0.26666667 0.26666667
v -2.09019900 107.77642100 -37.61256800 0.93725490 0.26666667 0.26666667
v -1.61548400 107.39952100 -38.00010300 0.93725490 0.26666667 0.26666667
v -1.61548400 107.39952100 -38.00010300 0.93725490 0.26666667 0.26666667
v -1.71486900 107.54950700 -38.00010300 0.93725490 0.26666667 0.26666667
v -1.71486900 107.54950700 -38.00010300 0.93725490 0.26666667 0.26666667
v -2.23238300 107.61341100 -37.07892200 0.93725490 0.26666667 0.26666667
v -2.08170400 108.10018200 -37.79913700 0.93725490 0.26666667 0.26666667
v -2.28195400 108.30381000 -37.48349400 0.93725490 0.26666667 0.26666667
v -2.41604500 108.51540400 -37.13933600 0.93725490 0.26666667 0.26666667
v -2.33608700 108.87494700 -37.33952000 0.93725490 0.26666667 0.26666667
v -1.96753500 108.22010000 -38.00010300 0.93725490 0.26666667 0.26666667
v -1.96753500 108.22010000 -38.00010300 0.93725490 0.26666667 0.26666667
v -1.92725400 108.04431900 -38.00010300 0.93725490 0.26666667 0.26666667
v -1.92725400 108.04431900 -38.00010300 0.93725490 0.26666667 0.26666667
v -2.18799900 109.22055800 -37.52487600 0.93725490 0.26666667 0.26666667
v -1.85967600 109.28933700 -38.01203500 0.93725490 0.26666667 0.26666667
v -1.97603900 109.54230500 -37.69006700 0.93725490 0.26666667 0.26666667
v -2.24946900 109.44194800 -37.16653800 0.93725490 0.26666667 0.26666667
v -1.02599900 110.27677900 -38.02086600 0.93725490 0.26666667 0.26666667
v -1.07433600 110.51010100 -37.66813700 0.93725490 0.26666667 0.26666667
v -0.63499600 110.42118100 -38.06561700 0.93725490 0.26666667 0.26666667
v -1.43897200 110.30920400 -37.58805800 0.93725490 0.26666667 0.26666667
v -1.38656000 110.07812500 -37.94168500 0.93725490 0.26666667 0.26666667
v 0.99858800 110.11125900 -38.20391800 0.93725490 0.26666667 0.26666667
v 0.61809400 110.20439900 -38.29562800 0.93725490 0.26666667 0.26666667
v -0.94791600 109.99421700 -38.32950200 0.93725490 0.26666667 0.26666667
v 1.19937600 109.28913100 -38.57519500 0.93725490 0.26666667 0.26666667
v 1.29460400 109.64131200 -38.35589200 0.93725490 0.26666667 0.26666667
v 1.35230100 109.96268500 -38.08278300 0.93725490 0.26666667 0.26666667
v 1.93974000 109.51779900 -37.76690700 0.93725490 0.26666667 0.26666667
v 1.46263500 109.12312300 -38.45295700 0.93725490 0.26666667 0.26666667
v 1.70531100 108.57845300 -38.32809100 0.93725490 0.26666667 0.26666667
v 1.70531100 108.57845300 -38.32809100 0.93725490 0.26666667 0.26666667
v 1.98289500 109.78035700 -37.43464700 0.93725490 0.26666667 0.26666667
v 1.96856200 110.00807200 -37.07529100 0.93725490 0.26666667 0.26666667
v 1.58887700 109.45575700 -38.21925000 0.93725490 0.26666667 0.26666667
v -1.44890700 109.27309400 -38.41524100 0.93725490 0.26666667 0.26666667
v -1.60081100 109.56633000 -38.14666700 0.93725490 0.26666667 0.26666667
v 0.25977100 109.51912700 -38.80166200 0.93725490 0.26666667 0.26666667
v -0.07330900 109.49910000 -38.82315100 0.93725490 0.26666667 0.26666667
v 0.22176500 110.23941800 -38.35526700 0.93725490 0.26666667 0.26666667
v -0.17899900 110.21532400 -38.38112300 0.93725490 0.26666667 0.26666667
v -1.09152700 110.68743100 -37.28154000 0.93725490 0.26666667 0.26666667
v -0.67891400 110.65613600 -37.71339400 0.93725490 0.26666667 0.26666667
v 1.53793400 108.57845300 -38.47090900 0.93725490 0.26666667 0.26666667
v 1.53793400 108.57845300 -38.47090900 0.93725490 0.26666667 0.26666667
v 1.89715900 110.19434400 -36.69925700 0.93725490 0.26666667 0.26666667
v 1.06937500 108.91634400 -38.73434100 0.93725490 0.26666667 0.26666667
v 0.96778900 108.57845300 -38.80507300 0.93725490 0.26666667 0.26666667
v 0.96778900 108.57845300 -38.80507300 0.93725490 0.26666667 0.26666667
v 1.61700300 110.44806700 -36.87395900 0.93725490 0.26666667 0.26666667
v 1.68332500 110.26640300 -37.25316200 0.93725490 0.26666667 0.26666667
v 0.76114100 108.57845300 -38.88125200 0.93725490 0.26666667 0.26666667
v 0.76114100 108.57845300 -38.88125200 0.93725490 0.26666667 0.26666667
v 0.81855500 109.02169800 -38.82024000 0.93725490 0.26666667 0.26666667
v 1.28916700 110.65479300 -37.02618400 0.93725490 0.26666667 0.26666667
v 0.92307900 110.80857100 -37.15156200 0.93725490 0.26666667 0.26666667
v 1.19141700 110.77251400 -36.62896700 0.93725490 0.26666667 0.26666667
v 0.84258300 110.91903700 -36.74843200 0.93725490 0.26666667 0.26666667
v 1.00222900 110.39873500 -37.89000700 0.93725490 0.26666667 0.26666667
v 0.54781400 108.57845300 -38.93923200 0.93725490 0.26666667 0.26666667
v 0.54781400 108.57845300 -38.93923200 0.93725490 0.26666667 0.26666667
v 0.54874300 109.08774600 -38.88526900 0.93725490 0.26666667 0.26666667
v 0.60576000 110.49578100 -37.98556500 0.93725490 0.26666667 0.26666667
v 0.46733700 111.01089500 -36.83887500 0.93725490 0.26666667 0.26666667
v 0.33087100 108.57845300 -38.97794300 0.93725490 0.26666667 0.26666667
v 0.33087100 108.57845300 -38.97794300 0.93725490 0.26666667 0.26666667
v 0.26770200 109.11257900 -38.92755900 0.93725490 0.26666667 0.26666667
v 0.19279100 110.53228000 -38.04771000 0.93725490 0.26666667 0.26666667
v 0.15822700 110.76849400 -37.69528200 0.93725490 0.26666667 0.26666667
v 0.11907700 110.94121600 -37.30820500 0.93725490 0.26666667 0.26666667
v 0.07647400 111.04543300 -36.89769400 0.93725490 0.26666667 0.26666667
v 0.11079700 108.57845300 -38.99753200 0.93725490 0.26666667 0.26666667
v 0.11079700 108.57845300 -38.99753200 0.93725490 0.26666667 0.26666667
v -0.01648300 109.09549000 -38.94589600 0.93725490 0.26666667 0.26666667
v -0.22479900 110.50717200 -38.07465400 0.93725490 0.26666667 0.26666667
v -0.26408200 110.74310300 -37.72253000 0.93725490 0.26666667 0.26666667
v -0.31876200 111.02167500 -36.92319100 0.93725490 0.26666667 0.26666667
v -0.29570800 110.91627500 -37.33496500 0.93725490 0.26666667 0.26666667
v -0.10971400 108.57845300 -38.99753200 0.93725490 0.26666667 0.26666667
v -0.10971400 108.57845300 -38.99753200 0.93725490 0.26666667 0.26666667
v -0.29563700 109.03697200 -38.93974700 0.93725490 0.26666667 0.26666667
v -0.40049300 109.43051100 -38.81594500 0.93725490 0.26666667 0.26666667
v -0.70315000 110.83085600 -37.32598900 0.93725490 0.26666667 0.26666667
v -0.70700100 110.94028500 -36.91464200 0.93725490 0.26666667 0.26666667
v -0.32967000 108.57845300 -38.97814900 0.93725490 0.26666667 0.26666667
v -0.32967000 108.57845300 -38.97814900 0.93725490 0.26666667 0.26666667
v -0.54690600 108.57845300 -38.93938800 0.93725490 0.26666667 0.26666667
v -0.54690600 108.57845300 -38.93938800 0.93725490 0.26666667 0.26666667
v -0.56172900 108.93869800 -38.90929000 0.93725490 0.26666667 0.26666667
v -1.16648000 108.57845300 -38.71114700 0.93725490 0.26666667 0.26666667
v -1.16648000 108.57845300 -38.71114700 0.93725490 0.26666667 0.26666667
v -1.25499700 108.95971700 -38.62829200 0.93725490 0.26666667 0.26666667
v -0.96709900 108.57845300 -38.80531300 0.93725490 0.26666667 0.26666667
v -0.96709900 108.57845300 -38.80531300 0.93725490 0.26666667 0.26666667
v -0.80710400 108.80351300 -38.85540400 0.93725490 0.26666667 0.26666667
v -0.71236700 109.31533800 -38.78025100 0.93725490 0.26666667 0.26666667
v -1.76233200 110.05921900 -37.47546800 0.93725490 0.26666667 0.26666667
v -1.70630600 109.83092500 -37.83035300 0.93725490 0.26666667 0.26666667
v -1.07707400 110.80361200 -36.87228400 0.93725490 0.26666667 0.26666667
v -0.75989000 108.57845300 -38.88169100 0.93725490 0.26666667 0.26666667
v -0.75989000 108.57845300 -38.88169100 0.93725490 0.26666667 0.26666667
v -1.68939900 109.01576200 -38.29016900 0.93725490 0.26666667 0.26666667
v -1.47014300 108.72950000 -38.51639900 0.93725490 0.26666667 0.26666667
v -1.70510000 108.57845300 -38.32825900 0.93725490 0.26666667 0.26666667
v -1.70510000 108.57845300 -38.32825900 0.93725490 0.26666667 0.26666667
v -0.99995900 109.15688300 -38.71709400 0.93725490 0.26666667 0.26666667
v -1.44966700 110.49010500 -37.20288800 0.93725490 0.26666667 0.26666667
v -1.41833400 110.61559300 -36.79734000 0.93725490 0.26666667 0.26666667
v -1.35721300 108.57845300 -38.59947200 0.93725490 0.26666667 0.26666667
v -1.35721300 108.57845300 -38.59947200 0.93725490 0.26666667 0.26666667
v -1.76726600 110.24457600 -37.09230400 0.93725490 0.26666667 0.26666667
v -2.03511300 109.76733400 -37.33359900 0.93725490 0.26666667 0.26666667
v -2.03518700 109.95789300 -36.95296500 0.93725490 0.26666667 0.26666667
v -1.72096400 110.38163000 -36.69196700 0.93725490 0.26666667 0.26666667
v -1.53679300 108.57845300 -38.47182100 0.93725490 0.26666667 0.26666667
v -1.53679300 108.57845300 -38.47182100 0.93725490 0.26666667 0.26666667
v -1.85930800 108.57845300 -38.17115400 0.93725490 0.26666667 0.26666667
v -1.85930800 108.57845300 -38.17115400 0.93725490 0.26666667 0.26666667
v -1.87838000 108.72888900 -38.14287900 0.93725490 0.26666667 0.26666667
v -2.24572300 109.63830600 -36.78887900 0.93725490 0.26666667 0.26666667
v -1.99174000 108.39806400 -38.00010300 0.93725490 0.26666667 0.26666667
v -1.99174000 108.39806400 -38.00010300 0.93725490 0.26666667 0.26666667
v -2.39923100 109.09242200 -36.97908800 0.93725490 0.26666667 0.26666667
v -2.48009300 108.72882100 -36.77664200 0.93725490 0.26666667 0.26666667
v -2.42557200 108.15227500 -36.93008000 0.93725490 0.26666667 0.26666667
v -2.29109600 107.95531500 -37.28266900 0.93725490 0.26666667 0.26666667
v -2.36439400 107.79601300 -36.71777700 0.93725490 0.26666667 0.26666667
v -2.10750200 107.28792600 -36.87810500 0.93725490 0.26666667 0.26666667
v -1.92004700 106.98822800 -36.68600500 0.93725490 0.26666667 0.26666667
v -1.51821100 106.63151600 -36.89301300 0.93725490 0.26666667 0.26666667
v -1.24435200 106.42411000 -36.74575400 0.93725490 0.26666667 0.26666667
v -0.86856900 106.46070900 -37.50534400 0.93725490 0.26666667 0.26666667
v -0.62999200 106.33676100 -37.40990400 0.93725490 0.26666667 0.26666667
v -0.36873500 106.25075500 -37.33416700 0.93725490 0.26666667 0.26666667
v 1.25807400 107.02387200 -38.00010300 0.93725490 0.26666667 0.26666667
v 1.25807400 107.02387200 -38.00010300 0.93725490 0.26666667 0.26666667
v 1.39259000 107.14304400 -38.00010300 0.93725490 0.26666667 0.26666667
v 1.39259000 107.14304400 -38.00010300 0.93725490 0.26666667 0.26666667
v 1.62710500 107.41558800 -38.00010300 0.93725490 0.26666667 0.26666667
v 1.62710500 107.41558800 -38.00010300 0.93725490 0.26666667 0.26666667
v 1.80323800 107.44742600 -37.81114600 0.93725490 0.26666667 0.26666667
v 1.51619200 107.27436800 -38.00010300 0.93725490 0.26666667 0.26666667
v 1.51619200 107.27436800 -38.00010300 0.93725490 0.26666667 0.26666667
v 1.72525700 107.56703200 -38.00010300 0.93725490 0.26666667 0.26666667
v 1.72525700 107.56703200 -38.00010300 0.93725490 0.26666667 0.26666667
v 1.80907000 107.72583800 -38.00010300 0.93725490 0.26666667 0.26666667
v 1.80907000 107.72583800 -38.00010300 0.93725490 0.26666667 0.26666667
v 1.87851700 107.89239500 -38.00010300 0.93725490 0.26666667 0.26666667
v 1.87851700 107.89239500 -38.00010300 0.93725490 0.26666667 0.26666667
v 1.93250300 108.06355300 -38.00010300 0.93725490 0.26666667 0.26666667
v 1.93250300 108.06355300 -38.00010300 0.93725490 0.26666667 0.26666667
v 1.97082500 108.23874700 -38.00010300 0.93725490 0.26666667 0.26666667
v 1.97082500 108.23874700 -38.00010300 0.93725490 0.26666667 0.26666667
v 2.06931500 107.61530300 37.51993900 0.93725490 0.26666667 0.26666667
v 2.09105200 107.37358100 37.15251500 0.93725490 0.26666667 0.26666667
v 2.26906500 107.78174600 37.18307900 0.93725490 0.26666667 0.26666667
v 2.26967800 109.04856100 37.43678300 0.93725490 0.26666667 0.26666667
v 2.38409300 108.69477100 37.24335100 0.93725490 0.26666667 0.26666667
v 2.33253000 109.26807400 37.07769800 0.93725490 0.26666667 0.26666667
v -1.17926300 110.04165600 38.14875400 0.93725490 0.26666667 0.26666667
v -1.19072500 110.32651500 37.83284000 0.93725490 0.26666667 0.26666667
v -1.54123300 110.14442400 37.69261900 0.93725490 0.26666667 0.26666667
v 1.80961200 107.47676800 37.82724800 0.93725490 0.26666667 0.26666667
v 1.89454200 107.25946800 37.45967900 0.93725490 0.26666667 0.26666667
v 1.37438700 107.12561000 38.00010300 0.93725490 0.26666667 0.26666667
v 1.37438700 107.12561000 38.00010300 0.93725490 0.26666667 0.26666667
v 1.65377900 107.17616300 37.74442300 0.93725490 0.26666667 0.26666667
v 1.59148600 107.36731000 38.00010300 0.93725490 0.26666667 0.26666667
v 1.59148600 107.36731000 38.00010300 0.93725490 0.26666667 0.26666667
v -1.99992400 108.57845300 38.00010300 0.93725490 0.26666667 0.26666667
v -1.99992400 108.57845300 38.00010300 0.93725490 0.26666667 0.26666667
v -1.99992400 108.57845300 38.00010300 0.93725490 0.26666667 0.26666667
v -2.23687400 108.51803600 37.61478400 0.93725490 0.26666667 0.26666667
v -1.99292900 108.41176600 38.00010300 0.93725490 0.26666667 0.26666667
v -1.99292900 108.41176600 38.00010300 0.93725490 0.26666667 0.26666667
v -1.13363500 109.71440100 38.41689700 0.93725490 0.26666667 0.26666667
v -1.44602300 109.55211600 38.29192700 0.93725490 0.26666667 0.26666667
v -1.05516300 109.35424000 38.62950500 0.93725490 0.26666667 0.26666667
v -2.48975800 108.62796000 36.72058100 0.93725490 0.26666667 0.26666667
v -2.42571300 108.41185800 37.08151600 0.93725490 0.26666667 0.26666667
v -2.36702100 108.75363200 37.28519100 0.93725490 0.26666667 0.26666667
v -2.29138900 108.20057700 37.42560600 0.93725490 0.26666667 0.26666667
v -2.09067800 108.00024400 37.74287400 0.93725490 0.26666667 0.26666667
v -2.04191900 108.28418700 37.91208300 0.93725490 0.26666667 0.26666667
v 2.23872000 107.51583900 36.83011200 0.93725490 0.26666667 0.26666667
v 2.40307500 107.97126800 36.82642700 0.93725490 0.26666667 0.26666667
v 2.49367400 108.54346500 36.67425500 0.93725490 0.26666667 0.26666667
v 2.42898900 108.33219900 37.03793000 0.93725490 0.26666667 0.26666667
v 2.29393000 108.12806700 37.38602100 0.93725490 0.26666667 0.26666667
v 2.32780300 109.46760600 36.70187800 0.93725490 0.26666667 0.26666667
v 2.14980800 109.60675000 37.25560000 0.93725490 0.26666667 0.26666667
v 2.14829700 109.80032300 36.87664800 0.93725490 0.26666667 0.26666667
v 1.90814400 110.10463000 37.02894600 0.93725490 0.26666667 0.26666667
v 2.44826100 108.91021000 36.88204200 0.93725490 0.26666667 0.26666667
v 1.31045200 109.38636800 38.46976900 0.93725490 0.26666667 0.26666667
v 1.13087200 109.06084400 38.67679600 0.93725490 0.26666667 0.26666667
v 1.36662900 108.84654200 38.57616400 0.93725490 0.26666667 0.26666667
v 0.89513400 110.87802100 36.90092500 0.93725490 0.26666667 0.26666667
v 0.51441600 110.98750300 36.92648300 0.93725490 0.26666667 0.26666667
v 1.21028600 110.18214400 37.98775100 0.93725490 0.26666667 0.26666667
v 1.12455900 109.90313000 38.29739000 0.93725490 0.26666667 0.26666667
v 1.45206500 109.68849200 38.20567700 0.93725490 0.26666667 0.26666667
v 1.60619900 110.18843100 37.53831900 0.93725490 0.26666667 0.26666667
v 1.55160900 109.95845000 37.89216600 0.93725490 0.26666667 0.26666667
v 1.84736100 109.68962100 37.76592600 0.93725490 0.26666667 0.26666667
v -0.02146000 110.23267400 38.37432500 0.93725490 0.26666667 0.26666667
v -0.42129800 110.22719600 38.33144000 0.93725490 0.26666667 0.26666667
v -0.05821900 109.89183000 38.62641900 0.93725490 0.26666667 0.26666667
v 0.43123700 110.46984900 38.07691600 0.93725490 0.26666667 0.26666667
v 0.37704400 110.17919200 38.38294600 0.93725490 0.26666667 0.26666667
v 0.76274900 110.06827500 38.35705600 0.93725490 0.26666667 0.26666667
v -2.12092300 108.82024400 37.80123900 0.93725490 0.26666667 0.26666667
v -2.24218700 109.07899500 37.48593100 0.93725490 0.26666667 0.26666667
v -0.74919500 109.45497100 38.71820400 0.93725490 0.26666667 0.26666667
v -0.79154900 109.82702600 38.51606800 0.93725490 0.26666667 0.26666667
v -1.82291900 107.56980900 37.88187800 0.93725490 0.26666667 0.26666667
v -2.01935900 107.42427800 37.41655300 0.93725490 0.26666667 0.26666667
v -1.76856200 107.32537800 37.74578900 0.93725490 0.26666667 0.26666667
v -1.82972000 107.77119400 38.00010300 0.93725490 0.26666667 0.26666667
v -1.82972000 107.77119400 38.00010300 0.93725490 0.26666667 0.26666667
v -2.08308600 107.71083800 37.57609900 0.93725490 0.26666667 0.26666667
v -1.66788700 107.09042400 37.61977800 0.93725490 0.26666667 0.26666667
v -1.46582300 107.21797200 38.00010300 0.93725490 0.26666667 0.26666667
v -1.46582300 107.21797200 38.00010300 0.93725490 0.26666667 0.26666667
v -2.21165000 107.55661800 37.06076000 0.93725490 0.26666667 0.26666667
v -0.94122800 106.81390400 38.00010300 0.93725490 0.26666667 0.26666667
v -0.94122800 106.81390400 38.00010300 0.93725490 0.26666667 0.26666667
v -1.12458100 106.74372900 37.77243000 0.93725490 0.26666667 0.26666667
v -0.95097200 106.60951200 37.71198300 0.93725490 0.26666667 0.26666667
v -1.90133200 107.14882700 37.26882600 0.93725490 0.26666667 0.26666667
v -1.73240000 106.89239500 37.13716500 0.93725490 0.26666667 0.26666667
v -1.08408200 106.89784200 38.00010300 0.93725490 0.26666667 0.26666667
v -1.08408200 106.89784200 38.00010300 0.93725490 0.26666667 0.26666667
v -1.27103400 106.90043600 37.84859800 0.93725490 0.26666667 0.26666667
v -1.12304700 106.50742300 37.33642200 0.93725490 0.26666667 0.26666667
v -0.75520300 106.50164800 37.66899100 0.93725490 0.26666667 0.26666667
v -0.87792800 106.37237500 37.28258900 0.93725490 0.26666667 0.26666667
v -1.26258400 106.46534700 36.93662600 0.93725490 0.26666667 0.26666667
v -1.34041900 106.67547600 37.41210900 0.93725490 0.26666667 0.26666667
v -0.61211300 106.27420800 37.25216700 0.93725490 0.26666667 0.26666667
v -0.54290500 106.42324800 37.64469100 0.93725490 0.26666667 0.26666667
v 0.50091700 106.28946700 37.37155200 0.93725490 0.26666667 0.26666667
v 0.34603900 106.43543200 37.74004000 0.93725490 0.26666667 0.26666667
v 0.13077300 106.38273600 37.68815600 0.93725490 0.26666667 0.26666667
v -0.04936100 106.19867700 37.26433900 0.93725490 0.26666667 0.26666667
v -0.09345200 106.36292300 37.65441500 0.93725490 0.26666667 0.26666667
v -0.32018500 106.37655600 37.63978600 0.93725490 0.26666667 0.26666667
v 0.64128300 106.20981600 36.97781000 0.93725490 0.26666667 0.26666667
v 0.93502800 106.33320600 37.07841100 0.93725490 0.26666667 0.26666667
v 1.38559500 106.52220200 36.81926700 0.93725490 0.26666667 0.26666667
v 1.19808100 106.49907700 37.20055800 0.93725490 0.26666667 0.26666667
v 1.09149000 106.33674600 36.68270500 0.93725490 0.26666667 0.26666667
v 0.75147700 106.39471400 37.45735900 0.93725490 0.26666667 0.26666667
v 1.24849000 107.01614400 38.00010300 0.93725490 0.26666667 0.26666667
v 1.24849000 107.01614400 38.00010300 0.93725490 0.26666667 0.26666667
v 1.32119500 106.91069000 37.81263000 0.93725490 0.26666667 0.26666667
v 1.16760100 106.70985400 37.68111800 0.93725490 0.26666667 0.26666667
v 1.60294200 106.93811000 37.49491100 0.93725490 0.26666667 0.26666667
v 1.63692500 106.74982500 36.97599400 0.93725490 0.26666667 0.26666667
v 1.42287500 106.70266700 37.34073600 0.93725490 0.26666667 0.26666667
v 1.83824800 107.01306200 37.14837300 0.93725490 0.26666667 0.26666667
v 2.02029600 107.13336200 36.78304700 0.93725490 0.26666667 0.26666667
v 0.82464500 106.75646200 38.00010300 0.93725490 0.26666667 0.26666667
v 0.82464500 106.75646200 38.00010300 0.93725490 0.26666667 0.26666667
v 0.72535800 106.63249200 37.89178500 0.93725490 0.26666667 0.26666667
v 0.97585600 106.53620100 37.56155000 0.93725490 0.26666667 0.26666667
v 0.32529700 106.13246900 36.90165300 0.93725490 0.26666667 0.26666667
v 0.23138700 106.22348800 37.30658700 0.93725490 0.26666667 0.26666667
v -0.00384000 106.10337800 36.85212300 0.93725490 0.26666667 0.26666667
v -0.33325000 106.21575200 37.24602500 0.93725490 0.26666667 0.26666667
v -0.33666000 106.12339800 36.83065000 0.93725490 0.26666667 0.26666667
v 0.01592200 110.52559700 38.06792800 0.93725490 0.26666667 0.26666667
v 1.26094900 110.41469600 37.63500200 0.93725490 0.26666667 0.26666667
v 0.87953700 110.58879100 37.69789900 0.93725490 0.26666667 0.26666667
v 0.83321300 110.35425600 38.04993100 0.93725490 0.26666667 0.26666667
v 1.90535400 109.91651200 37.41062500 0.93725490 0.26666667 0.26666667
v 1.61425300 110.37176500 37.15439200 0.93725490 0.26666667 0.26666667
v 0.31192800 109.84214800 38.63442600 0.93725490 0.26666667 0.26666667
v 0.23777400 109.46849800 38.82406600 0.93725490 0.26666667 0.26666667
v 0.05284200 110.76210000 37.71610600 0.93725490 0.26666667 0.26666667
v -0.36866000 110.75631700 37.67089800 0.93725490 0.26666667 0.26666667
v -2.28290000 107.87699900 37.23914300 0.93725490 0.26666667 0.26666667
v -1.67082700 107.47941600 38.00010300 0.93725490 0.26666667 0.26666667
v -1.67082700 107.47941600 38.00010300 0.93725490 0.26666667 0.26666667
v 1.73584600 109.43054200 38.08454500 0.93725490 0.26666667 0.26666667
v -1.93811600 108.08524300 38.00010300 0.93725490 0.26666667 0.26666667
v -1.93811600 108.08524300 38.00010300 0.93725490 0.26666667 0.26666667
v -2.28820000 109.54591400 36.77957900 0.93725490 0.26666667 0.26666667
v -2.42859000 108.98415400 36.93284600 0.93725490 0.26666667 0.26666667
v -2.29849000 109.32324200 37.14205600 0.93725490 0.26666667 0.26666667
v -0.81097000 110.16290300 38.25552000 0.93725490 0.26666667 0.26666667
v -0.80689500 110.45288100 37.94411100 0.93725490 0.26666667 0.26666667
v -1.51558300 109.86693600 38.01421000 0.93725490 0.26666667 0.26666667
v -1.84833600 109.91184200 37.52748500 0.93725490 0.26666667 0.26666667
v -0.40078500 110.51988200 38.02323500 0.93725490 0.26666667 0.26666667
v 0.47293600 110.70571100 37.72519300 0.93725490 0.26666667 0.26666667
v -0.42960600 109.88674200 38.58658600 0.93725490 0.26666667 0.26666667
v -0.72940800 110.86308300 37.20601300 0.93725490 0.26666667 0.26666667
v -0.77944200 110.68854500 37.59086600 0.93725490 0.26666667 0.26666667
v 2.08903500 109.38339200 37.61266300 0.93725490 0.26666667 0.26666667
v 1.78942900 108.87384800 38.22066500 0.93725490 0.26666667 0.26666667
v 1.96773700 109.13670300 37.93748900 0.93725490 0.26666667 0.26666667
v 1.57403900 109.14677400 38.35725800 0.93725490 0.26666667 0.26666667
v 2.14106800 108.81543000 37.76873000 0.93725490 0.26666667 0.26666667
v 1.99992400 108.57845300 38.00010300 0.93725490 0.26666667 0.26666667
v 1.99992400 108.57845300 38.00010300 0.93725490 0.26666667 0.26666667
v 1.99992400 108.57845300 38.00010300 0.93725490 0.26666667 0.26666667
v 2.09241100 107.93698100 37.70843900 0.93725490 0.26666667 0.26666667
v 1.76658500 107.64097600 38.00010300 0.93725490 0.26666667 0.26666667
v 1.76658500 107.64097600 38.00010300 0.93725490 0.26666667 0.26666667
v 2.05239800 108.26012400 37.89151800 0.93725490 0.26666667 0.26666667
v 2.25085200 108.47596000 37.58312600 0.93725490 0.26666667 0.26666667
v 1.89506500 107.93937700 38.00010300 0.93725490 0.26666667 0.26666667
v 1.89506500 107.93937700 38.00010300 0.93725490 0.26666667 0.26666667
v 1.97353500 108.25464600 38.00010300 0.93725490 0.26666667 0.26666667
v 1.97353500 108.25464600 38.00010300 0.93725490 0.26666667 0.26666667
v 1.85565100 110.24853500 36.63193900 0.93725490 0.26666667 0.26666667
v 1.57553900 110.50314300 36.75150300 0.93725490 0.26666667 0.26666667
v 1.85930800 108.57845300 38.17115400 0.93725490 0.26666667 0.26666667
v 1.85930800 108.57845300 38.17115400 0.93725490 0.26666667 0.26666667
v 1.70510000 108.57845300 38.32825900 0.93725490 0.26666667 0.26666667
v 1.70510000 108.57845300 38.32825900 0.93725490 0.26666667 0.26666667
v 1.53679300 108.57845300 38.47182100 0.93725490 0.26666667 0.26666667
v 1.53679300 108.57845300 38.47182100 0.93725490 0.26666667 0.26666667
v 1.35721300 108.57845300 38.59947200 0.93725490 0.26666667 0.26666667
v 1.35721300 108.57845300 38.59947200 0.93725490 0.26666667 0.26666667
v 1.25226700 110.71500400 36.84203300 0.93725490 0.26666667 0.26666667
v 1.16648000 108.57845300 38.71114700 0.93725490 0.26666667 0.26666667
v 1.16648000 108.57845300 38.71114700 0.93725490 0.26666667 0.26666667
v 1.27507900 110.59404800 37.24937400 0.93725490 0.26666667 0.26666667
v 1.00625100 109.58573200 38.55495800 0.93725490 0.26666667 0.26666667
v 0.85878900 109.23915100 38.75299100 0.93725490 0.26666667 0.26666667
v 0.91852800 108.72133600 38.82075100 0.93725490 0.26666667 0.26666667
v 0.68644600 108.87343600 38.88574600 0.93725490 0.26666667 0.26666667
v 0.75989000 108.57845300 38.88169100 0.93725490 0.26666667 0.26666667
v 0.75989000 108.57845300 38.88169100 0.93725490 0.26666667 0.26666667
v 0.96709900 108.57845300 38.80531300 0.93725490 0.26666667 0.26666667
v 0.96709900 108.57845300 38.80531300 0.93725490 0.26666667 0.26666667
v -0.27360700 111.03488200 36.87564100 0.93725490 0.26666667 0.26666667
v 0.12106300 111.04029100 36.91797600 0.93725490 0.26666667 0.26666667
v 0.90037900 110.76508300 37.31116100 0.93725490 0.26666667 0.26666667
v 0.67018700 109.73912800 38.61037400 0.93725490 0.26666667 0.26666667
v 0.55820700 109.37635800 38.80255500 0.93725490 0.26666667 0.26666667
v 0.54690600 108.57845300 38.93938800 0.93725490 0.26666667 0.26666667
v 0.54690600 108.57845300 38.93938800 0.93725490 0.26666667 0.26666667
v 0.43005500 108.99046300 38.92802400 0.93725490 0.26666667 0.26666667
v 0.50093200 110.87994400 37.33797800 0.93725490 0.26666667 0.26666667
v 0.15673200 109.06906100 38.94637300 0.93725490 0.26666667 0.26666667
v 0.32967000 108.57845300 38.97814900 0.93725490 0.26666667 0.26666667
v 0.32967000 108.57845300 38.97814900 0.93725490 0.26666667 0.26666667
v 0.10971400 108.57845300 38.99753200 0.93725490 0.26666667 0.26666667
v 0.10971400 108.57845300 38.99753200 0.93725490 0.26666667 0.26666667
v -1.16768900 110.56073000 37.47831300 0.93725490 0.26666667 0.26666667
v 0.08823100 110.93534100 37.32905200 0.93725490 0.26666667 0.26666667
v -1.81025500 109.64376800 37.85575900 0.93725490 0.26666667 0.26666667
v -2.05480100 109.37857800 37.67795900 0.93725490 0.26666667 0.26666667
v -1.71972600 109.34483300 38.14475300 0.93725490 0.26666667 0.26666667
v -0.09329200 109.51293200 38.81690600 0.93725490 0.26666667 0.26666667
v -0.12566200 109.10696400 38.94026600 0.93725490 0.26666667 0.26666667
v -0.11079700 108.57845300 38.99753200 0.93725490 0.26666667 0.26666667
v -0.11079700 108.57845300 38.99753200 0.93725490 0.26666667 0.26666667
v -0.65824000 110.97142800 36.80070500 0.93725490 0.26666667 0.26666667
v -0.32585400 110.92966500 37.28463700 0.93725490 0.26666667 0.26666667
v -0.42546700 109.50837700 38.78127700 0.93725490 0.26666667 0.26666667
v -0.40900100 109.10308100 38.90987400 0.93725490 0.26666667 0.26666667
v -0.33087100 108.57845300 38.97794300 0.93725490 0.26666667 0.26666667
v -0.33087100 108.57845300 38.97794300 0.93725490 0.26666667 0.26666667
v -1.02177200 110.85174600 36.69531600 0.93725490 0.26666667 0.26666667
v -0.68513500 109.05751800 38.85607500 0.93725490 0.26666667 0.26666667
v -0.54781400 108.57845300 38.93923200 0.93725490 0.26666667 0.26666667
v -0.54781400 108.57845300 38.93923200 0.93725490 0.26666667 0.26666667
v -1.11082200 110.73751100 37.09544000 0.93725490 0.26666667 0.26666667
v -2.10319900 109.63546800 37.34218600 0.93725490 0.26666667 0.26666667
v -1.33456800 109.20909100 38.51773100 0.93725490 0.26666667 0.26666667
v -0.94612000 108.97160300 38.78041500 0.93725490 0.26666667 0.26666667
v -0.76114100 108.57845300 38.88125200 0.93725490 0.26666667 0.26666667
v -0.76114100 108.57845300 38.88125200 0.93725490 0.26666667 0.26666667
v -1.45912400 110.55656400 36.95610400 0.93725490 0.26666667 0.26666667
v -1.52223000 110.37654100 37.33647900 0.93725490 0.26666667 0.26666667
v -1.16771100 108.57845300 38.71046400 0.93725490 0.26666667 0.26666667
v -1.16771100 108.57845300 38.71046400 0.93725490 0.26666667 0.26666667
v -1.18444800 108.84778600 38.68507400 0.93725490 0.26666667 0.26666667
v -1.39326200 108.68964400 38.57278800 0.93725490 0.26666667 0.26666667
v -0.96778900 108.57845300 38.80507300 0.93725490 0.26666667 0.26666667
v -0.96778900 108.57845300 38.80507300 0.93725490 0.26666667 0.26666667
v -1.76429500 110.32545500 36.79200700 0.93725490 0.26666667 0.26666667
v -2.09066200 109.86173200 36.98201400 0.93725490 0.26666667 0.26666667
v -1.83286700 110.14128900 37.16944500 0.93725490 0.26666667 0.26666667
v -1.78253500 108.80337500 38.23838400 0.93725490 0.26666667 0.26666667
v -1.57937300 109.02368900 38.38609300 0.93725490 0.26666667 0.26666667
v -1.94687100 109.09851100 37.97960700 0.93725490 0.26666667 0.26666667
v -1.85930800 108.57845300 38.17115400 0.93725490 0.26666667 0.26666667
v -1.85930800 108.57845300 38.17115400 0.93725490 0.26666667 0.26666667
v -1.70531100 108.57845300 38.32809100 0.93725490 0.26666667 0.26666667
v -1.70531100 108.57845300 38.32809100 0.93725490 0.26666667 0.26666667
v -1.53793400 108.57845300 38.47090900 0.93725490 0.26666667 0.26666667
v -1.53793400 108.57845300 38.47090900 0.93725490 0.26666667 0.26666667
v -1.35766300 108.57845300 38.59922400 0.93725490 0.26666667 0.26666667
v -1.35766300 108.57845300 38.59922400 0.93725490 0.26666667 0.26666667
v -1.97232700 108.24736800 38.00010300 0.93725490 0.26666667 0.26666667
v -1.97232700 108.24736800 38.00010300 0.93725490 0.26666667 0.26666667
v -2.41657300 108.06349200 36.88077200 0.93725490 0.26666667 0.26666667
v -1.89029800 107.92540700 38.00010300 0.93725490 0.26666667 0.26666667
v -1.89029800 107.92540700 38.00010300 0.93725490 0.26666667 0.26666667
v -2.33986500 107.71856700 36.68872500 0.93725490 0.26666667 0.26666667
v -1.75610000 107.62147500 38.00010300 0.93725490 0.26666667 0.26666667
v -1.75610000 107.62147500 38.00010300 0.93725490 0.26666667 0.26666667
v -2.07969100 107.24865000 36.89559600 0.93725490 0.26666667 0.26666667
v -1.57343800 107.34395600 38.00010300 0.93725490 0.26666667 0.26666667
v -1.57343800 107.34395600 38.00010300 0.93725490 0.26666667 0.26666667
v -1.89081700 106.96194500 36.74839000 0.93725490 0.26666667 0.26666667
v -1.34735200 107.10051000 38.00010300 0.93725490 0.26666667 0.26666667
v -1.34735200 107.10051000 38.00010300 0.93725490 0.26666667 0.26666667
v -1.52379100 106.87168900 37.50747700 0.93725490 0.26666667 0.26666667
v -1.22036500 106.99408000 38.00010300 0.93725490 0.26666667 0.26666667
v -1.22036500 106.99408000 38.00010300 0.93725490 0.26666667 0.26666667
v -1.51742200 106.66236100 37.02536000 0.93725490 0.26666667 0.26666667
v -0.97521700 106.30701400 36.87352000 0.93725490 0.26666667 0.26666667
v -0.79089400 106.74156200 38.00010300 0.93725490 0.26666667 0.26666667
v -0.79089400 106.74156200 38.00010300 0.93725490 0.26666667 0.26666667
v -0.66358700 106.19193300 36.83785200 0.93725490 0.26666667 0.26666667
v -0.47587800 106.63597100 38.00010300 0.93725490 0.26666667 0.26666667
v -0.47587800 106.63597100 38.00010300 0.93725490 0.26666667 0.26666667
v -0.63611400 106.68243400 38.00010300 0.93725490 0.26666667 0.26666667
v -0.63611400 106.68243400 38.00010300 0.93725490 0.26666667 0.26666667
v -0.31344500 106.60328700 38.00010300 0.93725490 0.26666667 0.26666667
v -0.31344500 106.60328700 38.00010300 0.93725490 0.26666667 0.26666667
v -0.14772900 106.58400000 38.00010300 0.93725490 0.26666667 0.26666667
v -0.14772900 106.58400000 38.00010300 0.93725490 0.26666667 0.26666667
v 0.01787400 106.57865100 38.00010300 0.93725490 0.26666667 0.26666667
v 0.01787400 106.57865100 38.00010300 0.93725490 0.26666667 0.26666667
v 0.18449700 106.58705900 38.00010300 0.93725490 0.26666667 0.26666667
v 0.18449700 106.58705900 38.00010300 0.93725490 0.26666667 0.26666667
v 0.54615300 106.51948500 37.80857500 0.93725490 0.26666667 0.26666667
v 0.34870000 106.60920000 38.00010300 0.93725490 0.26666667 0.26666667
v 0.34870000 106.60920000 38.00010300 0.93725490 0.26666667 0.26666667
v 0.51163100 106.64508100 38.00010300 0.93725490 0.26666667 0.26666667
v 0.51163100 106.64508100 38.00010300 0.93725490 0.26666667 0.26666667
v 1.11490100 106.91812900 38.00010300 0.93725490 0.26666667 0.26666667
v 1.11490100 106.91812900 38.00010300 0.93725490 0.26666667 0.26666667
v 0.97261800 106.83100900 38.00010300 0.93725490 0.26666667 0.26666667
v 0.97261800 106.83100900 38.00010300 0.93725490 0.26666667 0.26666667
v 0.66990300 106.69410700 38.00010300 0.93725490 0.26666667 0.26666667
v 0.66990300 106.69410700 38.00010300 0.93725490 0.26666667 0.26666667
v 1.99992400 108.57845300 39.30707600 0.93725490 0.26666667 0.26666667
v 1.99992400 108.57845300 39.30707600 0.93725490 0.26666667 0.26666667
v 1.99992400 108.57845300 39.30707600 0.93725490 0.26666667 0.26666667
v 0.00000000 108.57845300 39.28961900 0.93725490 0.26666667 0.26666667
v 0.00000000 108.57845300 39.28961900 0.93725490 0.26666667 0.26666667
v 1.97264700 108.24928300 39.30707600 0.93725490 0.26666667 0.26666667
v 1.97264700 108.24928300 39.30707600 0.93725490 0.26666667 0.26666667
v -1.99992400 108.57845300 39.30707600 0.93725490 0.26666667 0.26666667
v -1.99992400 108.57845300 39.30707600 0.93725490 0.26666667 0.26666667
v -1.99992400 108.57845300 39.30707600 0.93725490 0.26666667 0.26666667
v -1.97264700 108.24928300 39.30707600 0.93725490 0.26666667 0.26666667
v -1.97264700 108.24928300 39.30707600 0.93725490 0.26666667 0.26666667
v 1.75888000 107.62659500 39.30707600 0.93725490 0.26666667 0.26666667
v 1.75888000 107.62659500 39.30707600 0.93725490 0.26666667 0.26666667
v 1.89156200 107.92908500 39.30707600 0.93725490 0.26666667 0.26666667
v 1.89156200 107.92908500 39.30707600 0.93725490 0.26666667 0.26666667
v 1.35451100 107.10706300 39.30707600 0.93725490 0.26666667 0.26666667
v 1.35451100 107.10706300 39.30707600 0.93725490 0.26666667 0.26666667
v 1.57822100 107.35007500 39.30707600 0.93725490 0.26666667 0.26666667
v 1.57822100 107.35007500 39.30707600 0.93725490 0.26666667 0.26666667
v 0.80336000 106.74697900 39.30707600 0.93725490 0.26666667 0.26666667
v 0.80336000 106.74697900 39.30707600 0.93725490 0.26666667 0.26666667
v 1.09385500 106.90419000 39.30707600 0.93725490 0.26666667 0.26666667
v 1.09385500 106.90419000 39.30707600 0.93725490 0.26666667 0.26666667
v 0.16515200 106.58536500 39.30707600 0.93725490 0.26666667 0.26666667
v 0.16515200 106.58536500 39.30707600 0.93725490 0.26666667 0.26666667
v 0.49095200 106.63973200 39.30707600 0.93725490 0.26666667 0.26666667
v 0.49095200 106.63973200 39.30707600 0.93725490 0.26666667 0.26666667
v -0.16515200 106.58536500 39.30707600 0.93725490 0.26666667 0.26666667
v -0.16515200 106.58536500 39.30707600 0.93725490 0.26666667 0.26666667
v -0.80336000 106.74697900 39.30707600 0.93725490 0.26666667 0.26666667
v -0.80336000 106.74697900 39.30707600 0.93725490 0.26666667 0.26666667
v -0.49095200 106.63973200 39.30707600 0.93725490 0.26666667 0.26666667
v -0.49095200 106.63973200 39.30707600 0.93725490 0.26666667 0.26666667
v -1.35451100 107.10706300 39.30707600 0.93725490 0.26666667 0.26666667
v -1.35451100 107.10706300 39.30707600 0.93725490 0.26666667 0.26666667
v -1.09385500 106.90419000 39.30707600 0.93725490 0.26666667 0.26666667
v -1.09385500 106.90419000 39.30707600 0.93725490 0.26666667 0.26666667
v -1.75888000 107.62659500 39.30707600 0.93725490 0.26666667 0.26666667
v -1.75888000 107.62659500 39.30707600 0.93725490 0.26666667 0.26666667
v -1.57822100 107.35007500 39.30707600 0.93725490 0.26666667 0.26666667
v -1.57822100 107.35007500 39.30707600 0.93725490 0.26666667 0.26666667
v -1.89156200 107.92908500 39.30707600 0.93725490 0.26666667 0.26666667
v -1.89156200 107.92908500 39.30707600 0.93725490 0.26666667 0.26666667
v -1.99992400 108.57845300 -39.30707600 0.93725490 0.26666667 0.26666667
v -1.99992400 108.57845300 -39.30707600 0.93725490 0.26666667 0.26666667
v -1.99992400 108.57845300 -39.30707600 0.93725490 0.26666667 0.26666667
v 0.00000000 108.57845300 -39.28961900 0.93725490 0.26666667 0.26666667
v 0.00000000 108.57845300 -39.28961900 0.93725490 0.26666667 0.26666667
v -1.97264700 108.24928300 -39.30707600 0.93725490 0.26666667 0.26666667
v -1.97264700 108.24928300 -39.30707600 0.93725490 0.26666667 0.26666667
v 1.99992400 108.57845300 -39.30707600 0.93725490 0.26666667 0.26666667
v 1.99992400 108.57845300 -39.30707600 0.93725490 0.26666667 0.26666667
v 1.99992400 108.57845300 -39.30707600 0.93725490 0.26666667 0.26666667
v 1.97264700 108.24928300 -39.30707600 0.93725490 0.26666667 0.26666667
v 1.97264700 108.24928300 -39.30707600 0.93725490 0.26666667 0.26666667
v -1.75888000 107.62659500 -39.30707600 0.93725490 0.26666667 0.26666667
v -1.75888000 107.62659500 -39.30707600 0.93725490 0.26666667 0.26666667
v -1.89156200 107.92908500 -39.30707600 0.93725490 0.26666667 0.26666667
v -1.89156200 107.92908500 -39.30707600 0.93725490 0.26666667 0.26666667
v -1.35451100 107.10706300 -39.30707600 0.93725490 0.26666667 0.26666667
v -1.35451100 107.10706300 -39.30707600 0.93725490 0.26666667 0.26666667
v -1.57822100 107.35007500 -39.30707600 0.93725490 0.26666667 0.26666667
v -1.57822100 107.35007500 -39.30707600 0.93725490 0.26666667 0.26666667
v -0.80336000 106.74697900 -39.30707600 0.93725490 0.26666667 0.26666667
v -0.80336000 106.74697900 -39.30707600 0.93725490 0.26666667 0.26666667
v -1.09385500 106.90419000 -39.30707600 0.93725490 0.26666667 0.26666667
v -1.09385500 106.90419000 -39.30707600 0.93725490 0.26666667 0.26666667
v -0.16515200 106.58536500 -39.30707600 0.93725490 0.26666667 0.26666667
v -0.16515200 106.58536500 -39.30707600 0.93725490 0.26666667 0.26666667
v -0.49095200 106.63973200 -39.30707600 0.93725490 0.26666667 0.26666667
v -0.49095200 106.63973200 -39.30707600 0.93725490 0.26666667 0.26666667
v 0.16515200 106.58536500 -39.30707600 0.93725490 0.26666667 0.26666667
v 0.16515200 106.58536500 -39.30707600 0.93725490 0.26666667 0.26666667
v 0.80336000 106.74697900 -39.30707600 0.93725490 0.26666667 0.26666667
v 0.80336000 106.74697900 -39.30707600 0.93725490 0.26666667 0.26666667
v 0.49095200 106.63973200 -39.30707600 0.93725490 0.26666667 0.26666667
v 0.49095200 106.63973200 -39.30707600 0.93725490 0.26666667 0.26666667
v 1.35451100 107.10706300 -39.30707600 0.93725490 0.26666667 0.26666667
v 1.35451100 107.10706300 -39.30707600 0.93725490 0.26666667 0.26666667
v 1.09385500 106.90419000 -39.30707600 0.93725490 0.26666667 0.26666667
v 1.09385500 106.90419000 -39.30707600 0.93725490 0.26666667 0.26666667
v 1.75888000 107.62659500 -39.30707600 0.93725490 0.26666667 0.26666667
v 1.75888000 107.62659500 -39.30707600 0.93725490 0.26666667 0.26666667
v 1.57822100 107.35007500 -39.30707600 0.93725490 0.26666667 0.26666667
v 1.57822100 107.35007500 -39.30707600 0.93725490 0.26666667 0.26666667
v 1.89156200 107.92908500 -39.30707600 0.93725490 0.26666667 0.26666667
v 1.89156200 107.92908500 -39.30707600 0.93725490 0.26666667 0.26666667
f 1 4 2
f 6 9 7
f 6 13 11
f 15 6 7
f 9 6 11
f 17 20 19
f 19 6 15
f 22 24 13
f 17 28 20
f 29 31 22
f 29 13 32
f 33 35 34
f 22 13 29
f 29 34 36
f 38 40 39
f 41 43 42
f 34 46 45
f 48 49 34
f 40 42 51
f 52 51 53
f 54 56 55
f 57 60 59
f 1 63 62
f 64 67 65
f 39 40 51
f 52 69 68
f 72 67 64
f 74 75 65
f 76 77 64
f 78 80 52
f 74 82 75
f 52 86 84
f 84 78 52
f 72 60 57
f 82 88 87
f 86 92 90
f 75 82 87
f 92 86 88
f 87 88 86
f 95 88 98
f 95 92 88
f 57 59 100
f 102 103 63
f 106 108 59
f 110 100 112
f 108 114 59
f 114 112 59
f 54 115 43
f 100 59 112
f 100 110 118
f 119 62 63
f 106 59 2
f 122 125 123
f 127 102 63
f 123 125 128
f 64 60 72
f 130 76 54
f 131 134 133
f 136 48 68
f 134 140 138
f 76 65 115
f 125 127 63
f 49 46 34
f 142 48 136
f 143 145 140
f 147 149 143
f 56 54 43
f 143 140 147
f 128 125 131
f 150 147 153
f 134 131 140
f 147 155 153
f 156 158 157
f 159 160 147
f 161 163 160
f 163 161 165
f 166 169 160
f 171 173 163
f 160 163 173
f 175 171 163
f 177 4 1
f 1 62 177
f 2 59 1
f 127 125 179
f 1 60 77
f 75 87 181
f 87 86 53
f 67 74 65
f 76 64 65
f 86 52 53
f 115 75 181
f 86 183 84
f 181 87 53
f 183 86 90
f 1 59 60
f 103 119 63
f 184 128 131
f 60 64 77
f 63 77 130
f 181 53 42
f 187 136 68
f 65 75 115
f 115 54 76
f 69 188 68
f 181 42 43
f 52 191 69
f 42 53 51
f 191 52 80
f 63 1 77
f 122 179 125
f 192 140 145
f 77 76 130
f 130 55 125
f 34 29 33
f 51 68 39
f 115 181 43
f 56 43 41
f 68 48 39
f 41 42 40
f 68 195 187
f 188 195 68
f 52 68 51
f 130 125 63
f 133 184 131
f 56 41 196
f 130 54 55
f 197 131 55
f 41 40 198
f 56 196 197
f 39 48 35
f 198 196 41
f 48 34 35
f 198 40 38
f 48 200 49
f 38 39 35
f 200 48 142
f 131 125 55
f 192 138 140
f 196 198 158
f 55 56 197
f 140 197 201
f 198 38 157
f 201 196 158
f 35 202 38
f 198 157 158
f 36 204 29
f 38 202 157
f 34 206 36
f 202 35 33
f 206 34 45
f 140 131 197
f 150 149 147
f 207 157 202
f 197 196 201
f 147 201 159
f 208 202 33
f 159 158 156
f 13 6 209
f 156 157 207
f 32 33 29
f 207 202 208
f 29 204 210
f 208 33 32
f 31 29 210
f 147 140 201
f 160 169 155
f 161 156 212
f 201 158 159
f 156 161 159
f 212 207 213
f 207 212 156
f 213 208 214
f 208 213 207
f 214 32 209
f 208 32 214
f 13 216 11
f 13 209 32
f 216 13 24
f 160 155 147
f 173 166 160
f 165 212 217
f 159 161 160
f 165 161 212
f 217 213 219
f 217 212 213
f 219 214 221
f 219 213 214
f 221 209 223
f 221 214 209
f 223 6 20
f 223 209 6
f 20 6 19
f 174 226 170
f 170 226 228
f 230 168 231
f 233 167 172
f 235 151 152
f 154 237 152
f 146 241 239
f 148 246 244
f 247 135 249
f 251 139 193
f 253 255 129
f 132 257 185
f 180 261 260
f 121 124 264
f 266 104 268
f 269 101 126
f 272 273 178
f 120 276 61
f 278 3 5
f 5 273 278
f 280 105 281
f 3 281 105
f 107 280 284
f 280 107 105
f 284 286 113
f 113 107 284
f 111 113 288
f 286 288 113
f 111 290 109
f 290 111 288
f 109 292 116
f 109 290 292
f 116 292 294
f 296 294 292
f 61 272 178
f 278 281 3
f 178 273 5
f 266 276 120
f 276 272 61
f 268 104 101
f 266 120 104
f 269 126 260
f 268 101 269
f 180 121 261
f 126 180 260
f 264 298 121
f 121 298 261
f 129 255 124
f 124 255 264
f 257 253 185
f 185 253 129
f 247 132 135
f 247 257 132
f 249 139 251
f 249 135 139
f 193 146 239
f 251 193 239
f 144 244 241
f 146 144 241
f 151 246 148
f 148 244 144
f 301 235 152
f 235 246 151
f 230 237 154
f 237 301 152
f 231 168 167
f 230 154 168
f 233 172 228
f 231 167 233
f 226 174 303
f 172 170 228
f 305 226 303
f 308 311 309
f 312 316 314
f 316 312 320
f 322 325 323
f 323 325 314
f 314 316 323
f 323 327 322
f 328 327 323
f 330 328 332
f 333 323 335
f 337 332 311
f 309 340 339
f 309 339 342
f 344 347 346
f 328 323 332
f 346 349 344
f 333 352 351
f 354 356 355
f 311 332 309
f 357 360 359
f 362 360 357
f 364 367 365
f 368 371 369
f 355 373 372
f 372 374 355
f 346 375 349
f 365 378 376
f 379 381 378
f 367 384 375
f 385 387 386
f 378 365 367
f 388 391 390
f 379 378 393
f 391 378 394
f 371 360 396
f 390 398 388
f 399 391 401
f 404 388 406
f 388 404 391
f 408 406 388
f 371 368 410
f 360 412 411
f 414 416 415
f 368 369 418
f 421 424 423
f 427 429 415
f 427 415 416
f 429 423 415
f 424 421 430
f 371 434 369
f 368 414 415
f 436 360 362
f 437 439 438
f 438 441 440
f 372 441 442
f 374 443 355
f 359 447 444
f 309 346 340
f 373 356 448
f 367 449 384
f 359 451 447
f 440 453 452
f 455 375 384
f 352 457 351
f 437 438 440
f 452 458 451
f 351 457 448
f 460 462 452
f 356 464 351
f 465 468 466
f 468 465 448
f 452 472 471
f 471 460 452
f 465 466 473
f 466 474 473
f 473 474 472
f 477 479 472
f 481 477 474
f 472 474 477
f 482 481 474
f 335 323 316
f 337 330 332
f 340 346 486
f 335 352 333
f 332 333 464
f 465 473 487
f 473 472 453
f 457 468 448
f 356 351 448
f 472 452 453
f 373 465 487
f 472 489 471
f 487 473 453
f 489 472 479
f 332 323 333
f 342 308 309
f 491 349 375
f 333 351 464
f 309 464 354
f 487 453 441
f 492 447 451
f 448 465 373
f 373 355 356
f 458 495 451
f 487 441 372
f 452 497 458
f 441 453 440
f 497 452 462
f 309 332 464
f 347 486 346
f 498 367 364
f 464 356 354
f 354 443 346
f 360 371 412
f 440 451 437
f 373 487 372
f 374 372 442
f 451 359 437
f 442 441 438
f 451 500 492
f 495 500 451
f 452 451 440
f 354 346 309
f 455 491 375
f 374 442 502
f 354 355 443
f 503 375 443
f 442 438 504
f 374 502 503
f 437 359 411
f 504 502 442
f 359 360 411
f 504 438 439
f 359 506 357
f 439 437 411
f 506 359 444
f 375 346 443
f 498 449 367
f 502 504 385
f 443 374 503
f 367 503 507
f 504 439 387
f 507 502 385
f 411 508 439
f 504 387 385
f 396 509 371
f 439 508 387
f 360 511 396
f 508 411 412
f 511 360 436
f 367 375 503
f 381 376 378
f 513 387 508
f 503 502 507
f 378 507 394
f 514 508 412
f 394 385 386
f 368 415 515
f 386 387 513
f 410 412 371
f 513 508 514
f 371 509 517
f 514 412 410
f 434 371 517
f 378 367 507
f 391 399 393
f 390 386 518
f 507 385 394
f 386 390 394
f 518 513 519
f 513 518 386
f 519 514 520
f 514 519 513
f 520 410 515
f 514 410 520
f 368 522 414
f 368 515 410
f 522 368 418
f 391 393 378
f 404 401 391
f 398 518 524
f 394 390 391
f 398 390 518
f 524 519 525
f 524 518 519
f 525 520 527
f 525 519 520
f 527 515 529
f 527 520 515
f 529 415 424
f 529 515 415
f 424 415 423
f 532 315 324
f 533 535 318
f 535 533 538
f 541 324 321
f 543 533 313
f 544 329 546
f 548 321 326
f 550 553 310
f 336 555 331
f 338 558 557
f 307 343 560
f 485 348 563
f 558 341 564
f 566 568 350
f 345 571 348
f 383 574 573
f 490 454 577
f 499 363 579
f 581 450 499
f 583 377 585
f 583 587 366
f 382 588 585
f 585 377 382
f 380 593 590
f 588 380 590
f 595 593 392
f 380 392 593
f 595 400 596
f 400 595 392
f 402 598 596
f 596 400 402
f 600 598 403
f 402 403 598
f 600 405 603
f 405 600 403
f 605 603 409
f 603 405 409
f 382 380 588
f 605 606 603
f 363 366 587
f 366 377 583
f 499 579 581
f 363 587 579
f 450 581 574
f 383 573 454
f 450 574 383
f 577 566 490
f 573 577 454
f 568 345 350
f 566 350 490
f 610 348 571
f 571 345 568
f 485 563 564
f 348 610 563
f 341 558 338
f 485 564 341
f 338 557 343
f 560 550 307
f 557 560 343
f 553 336 310
f 550 310 307
f 546 331 555
f 555 336 553
f 326 329 544
f 329 331 546
f 321 548 541
f 326 544 548
f 324 541 611
f 532 543 315
f 611 532 324
f 533 318 313
f 543 313 315
f 613 617 615
f 618 623 620
f 623 618 624
f 627 630 629
f 629 630 620
f 620 623 629
f 629 633 627
f 635 633 629
f 636 635 638
f 639 629 640
f 642 638 617
f 615 647 644
f 615 644 649
f 650 654 652
f 635 629 638
f 652 656 650
f 639 659 657
f 660 662 661
f 617 638 615
f 664 666 665
f 668 666 664
f 670 673 671
f 674 677 676
f 661 679 678
f 678 680 661
f 652 681 656
f 671 684 683
f 685 687 684
f 673 689 681
f 691 693 692
f 684 671 673
f 694 697 696
f 685 684 698
f 697 684 700
f 677 666 702
f 696 703 694
f 706 697 708
f 710 694 712
f 694 710 697
f 715 712 694
f 677 674 716
f 666 718 717
f 720 722 721
f 674 676 725
f 726 730 729
f 733 735 721
f 733 721 722
f 735 729 721
f 730 726 736
f 677 739 676
f 674 720 721
f 741 666 668
f 743 745 744
f 744 747 746
f 678 747 748
f 680 749 661
f 665 753 751
f 615 652 647
f 679 662 754
f 673 755 689
f 665 757 753
f 746 759 758
f 760 681 689
f 659 763 657
f 743 744 746
f 758 764 757
f 657 763 754
f 766 768 758
f 662 770 657
f 771 775 773
f 775 771 754
f 758 778 776
f 776 766 758
f 771 773 779
f 773 780 779
f 779 780 778
f 782 784 778
f 787 782 780
f 778 780 782
f 788 787 780
f 640 629 623
f 642 636 638
f 647 652 791
f 640 659 639
f 638 639 770
f 771 779 793
f 779 778 759
f 763 775 754
f 662 657 754
f 778 758 759
f 679 771 793
f 778 794 776
f 793 779 759
f 794 778 784
f 638 629 639
f 649 613 615
f 797 656 681
f 639 657 770
f 615 770 660
f 793 759 747
f 798 753 757
f 754 771 679
f 679 661 662
f 764 800 757
f 793 747 678
f 758 802 764
f 747 759 746
f 802 758 768
f 615 638 770
f 654 791 652
f 805 673 670
f 770 662 660
f 660 749 652
f 666 677 718
f 746 757 743
f 679 793 678
f 680 678 748
f 757 665 743
f 748 747 744
f 757 806 798
f 800 806 757
f 758 757 746
f 660 652 615
f 760 797 681
f 680 748 808
f 660 661 749
f 809 681 749
f 748 744 810
f 680 808 809
f 743 665 717
f 810 808 748
f 665 666 717
f 810 744 745
f 665 811 664
f 745 743 717
f 811 665 751
f 681 652 749
f 805 755 673
f 808 810 691
f 749 680 809
f 673 809 813
f 810 745 693
f 813 808 691
f 717 814 745
f 810 693 691
f 702 815 677
f 745 814 693
f 666 817 702
f 814 717 718
f 817 666 741
f 673 681 809
f 687 683 684
f 819 693 814
f 809 808 813
f 684 813 700
f 820 814 718
f 700 691 692
f 674 721 821
f 692 693 819
f 716 718 677
f 819 814 820
f 677 815 822
f 820 718 716
f 739 677 822
f 684 673 813
f 697 706 698
f 696 692 824
f 813 691 700
f 692 696 700
f 824 819 825
f 819 824 692
f 825 820 826
f 820 825 819
f 826 716 821
f 820 716 826
f 674 828 720
f 674 821 716
f 828 674 725
f 697 698 684
f 710 708 697
f 703 824 829
f 700 696 697
f 703 696 824
f 829 825 831
f 829 824 825
f 831 826 833
f 831 825 826
f 833 821 836
f 833 826 821
f 836 721 730
f 836 821 721
f 730 721 729
f 837 621 631
f 840 841 626
f 841 840 844
f 846 631 628
f 849 840 619
f 851 634 853
f 855 628 632
f 857 859 616
f 643 861 637
f 645 865 862
f 614 648 866
f 792 653 868
f 865 646 871
f 872 875 655
f 651 876 653
f 690 880 878
f 796 761 883
f 804 669 885
f 887 756 804
f 889 682 890
f 889 892 672
f 688 895 890
f 890 682 688
f 686 899 897
f 895 686 897
f 901 899 699
f 686 699 899
f 901 705 902
f 705 901 699
f 707 904 902
f 902 705 707
f 906 904 709
f 707 709 904
f 906 711 909
f 711 906 709
f 911 909 714
f 909 711 714
f 688 686 895
f 911 914 909
f 669 672 892
f 672 682 889
f 804 885 887
f 669 892 885
f 756 887 880
f 690 878 761
f 756 880 690
f 883 872 796
f 878 883 761
f 875 651 655
f 872 655 796
f 916 653 876
f 876 651 875
f 792 868 871
f 653 916 868
f 646 865 645
f 792 871 646
f 645 862 648
f 866 857 614
f 862 866 648
f 859 643 616
f 857 616 614
f 853 637 861
f 861 643 859
f 632 634 851
f 634 637 853
f 628 855 846
f 632 851 855
f 631 846 918
f 837 849 621
f 918 837 631
f 840 626 619
f 849 619 621
f 274 271 919
f 922 925 924
f 928 930 259
f 601 602 931
f 256 254 933
f 936 262 299
f 937 252 240
f 242 939 240
f 265 942 275
f 254 258 943
f 936 928 262
f 248 945 258
f 947 263 256
f 263 950 299
f 270 930 952
f 953 959 956
f 960 275 942
f 919 963 274
f 274 963 277
f 930 270 259
f 965 248 250
f 250 252 967
f 969 971 283
f 973 242 243
f 974 979 976
f 599 984 981
f 976 985 974
f 988 245 236
f 243 245 989
f 238 991 300
f 994 236 300
f 229 995 238
f 998 999 976
f 976 1002 985
f 229 232 1004
f 1006 976 1008
f 998 976 979
f 1010 234 227
f 1006 1002 976
f 1011 225 306
f 599 601 984
f 592 594 1014
f 1015 1011 1017
f 586 1022 1020
f 1024 1027 1026
f 1029 1034 1032
f 1037 1041 1039
f 1043 570 569
f 1045 1048 1046
f 609 1052 1050
f 1029 1057 1055
f 1058 1063 1060
f 1066 1070 1067
f 1071 1075 1073
f 1073 1077 1071
f 1067 1070 1079
f 1060 1084 1082
f 1085 1089 1087
f 1066 1091 1070
f 1094 1098 1095
f 1099 1102 1095
f 1104 907 908
f 913 1094 908
f 1105 1110 1108
f 1112 1116 1114
f 1105 1119 1117
f 1122 884 893
f 1123 1129 1125
f 1123 1132 1131
f 1102 1134 1095
f 956 1139 1136
f 1141 1145 1142
f 1147 1150 1148
f 1152 1094 1155
f 1157 915 877
f 856 867 1158
f 1160 896 898
f 1163 1167 1165
f 1060 1169 1084
f 864 870 1171
f 1165 1123 1173
f 1175 869 1177
f 856 1158 1178
f 1181 1185 1182
f 860 1186 852
f 847 1190 1188
f 1193 860 858
f 860 1193 1186
f 1195 1197 1145
f 956 1200 953
f 1195 1145 1141
f 864 1171 1202
f 1204 877 874
f 870 1175 1171
f 1205 1210 1207
f 1211 874 873
f 1129 1214 1205
f 881 886 1216
f 1217 879 881
f 1220 1108 1222
f 886 884 1223
f 1226 893 888
f 1220 1229 1227
f 905 907 1232
f 1234 1236 1227
f 1114 1239 1237
f 1112 1243 1242
f 1245 1250 1248
f 1237 1251 1245
f 1254 1258 1256
f 922 1263 1261
f 1091 1266 1265
f 1268 1261 1270
f 1272 1277 1275
f 1279 1272 1275
f 1060 1282 1277
f 1285 1288 1286
f 1290 1285 1286
f 1292 1060 1063
f 1292 1169 1060
f 1060 1296 1058
f 551 1298 552
f 1299 1303 1301
f 1050 1305 562
f 1298 551 1308
f 1310 1057 1029
f 1312 1075 1071
f 1315 1029 1317
f 1319 567 576
f 1321 569 567
f 1322 1326 1324
f 1329 576 572
f 572 575 1330
f 1335 1029 1337
f 1338 578 1020
f 580 1338 1341
f 582 1342 1022
f 1344 1349 1347
f 1350 1024 1026
f 1344 1353 1349
f 1356 1358 1026
f 1360 584 589
f 594 597 1361
f 1363 1026 1011
f 599 1365 597
f 227 225 1367
f 232 1372 1369
f 1375 976 999
f 234 1372 232
f 592 1376 591
f 1379 589 591
f 267 270 952
f 267 1381 265
f 1046 1382 1045
f 919 271 960
f 1385 282 277
f 282 1387 279
f 969 283 279
f 971 1389 285
f 287 285 1390
f 265 1381 942
f 287 1393 289
f 1395 289 1393
f 279 1387 969
f 1385 1387 282
f 1396 1400 1398
f 289 1395 291
f 1402 1396 1405
f 1407 1405 608
f 1409 1413 1411
f 1396 1414 1400
f 1417 1405 1407
f 1396 1421 1418
f 1398 1421 1396
f 1396 1413 1409
f 1418 1413 1396
f 1409 297 291
f 1422 297 1409
f 1411 1422 1409
f 291 1395 1409
f 1390 1393 287
f 285 1389 1390
f 285 283 971
f 277 963 1385
f 275 960 271
f 952 1381 267
f 928 259 262
f 950 936 299
f 947 950 263
f 933 947 256
f 943 933 254
f 945 943 258
f 965 945 248
f 967 965 250
f 937 967 252
f 939 937 240
f 973 939 242
f 989 973 243
f 988 989 245
f 994 988 236
f 991 994 300
f 995 991 238
f 1004 995 229
f 1369 1004 232
f 1010 1372 234
f 1367 1010 227
f 1011 1367 225
f 1011 306 1017
f 1015 1363 1011
f 1363 1356 1026
f 1350 1026 1358
f 1349 1353 1424
f 1029 1032 1337
f 1048 1029 1428
f 1029 1315 1430
f 1324 1382 1322
f 1045 1382 1324
f 1428 1046 1048
f 1430 1034 1029
f 1428 1029 1335
f 1317 1029 1055
f 1432 1433 956
f 891 894 1435
f 1438 1185 1181
f 1439 1182 1185
f 1165 1445 1444
f 1207 1210 1447
f 1207 1450 1119
f 1243 1236 1451
f 1248 1456 1454
f 1457 925 1454
f 1268 1270 1265
f 1460 1067 1079
f 1460 1462 1290
f 1464 1468 1466
f 1075 1312 1288
f 1470 1472 1077
f 1472 1475 1474
f 1299 1301 1474
f 1303 1479 1477
f 1481 1483 1479
f 1286 1288 1312
f 1483 1488 1486
f 1490 1486 1488
f 1474 1475 1299
f 1470 1475 1472
f 1026 1493 1491
f 1029 1424 1310
f 1310 1424 1353
f 1486 1490 1496
f 1027 1347 1493
f 1347 1027 1344
f 1027 1493 1026
f 1026 1500 1498
f 1491 1500 1026
f 1026 1037 1039
f 1498 1037 1026
f 1039 1503 1496
f 1505 1503 1039
f 1041 1505 1039
f 1039 1496 1490
f 1481 1488 1483
f 1483 1477 1479
f 1477 1301 1303
f 1077 1073 1470
f 1285 1290 1462
f 1079 1462 1460
f 1091 1066 1266
f 1265 1266 1268
f 1263 1270 1261
f 924 1263 922
f 1457 924 925
f 1456 1457 1454
f 1250 1456 1248
f 1251 1250 1245
f 1239 1251 1237
f 1116 1239 1114
f 1242 1116 1112
f 1451 1242 1243
f 1234 1451 1236
f 1229 1234 1227
f 1222 1229 1220
f 1110 1222 1108
f 1117 1110 1105
f 1450 1117 1119
f 1447 1450 1207
f 1214 1210 1205
f 1123 1214 1129
f 1123 1125 1132
f 1131 1173 1123
f 1173 1163 1165
f 1445 1165 1167
f 1197 1195 1508
f 1468 1464 1510
f 1510 1438 1181
f 1510 1464 1438
f 1182 1439 956
f 1432 956 959
f 1200 956 1439
f 1511 956 1433
f 1139 956 1511
f 956 1136 1515
f 898 900 1516
f 894 896 1518
f 1520 900 903
f 1254 1523 1258
f 1525 903 905
f 903 1525 1526
f 888 891 1528
f 879 1530 882
f 1532 873 882
f 869 915 1177
f 863 864 1202
f 863 1534 867
f 1193 858 1178
f 1537 850 852
f 850 1538 854
f 1190 847 854
f 1188 1540 917
f 838 917 1543
f 867 1534 1158
f 838 1544 848
f 1547 848 1544
f 956 1515 1508
f 1537 1538 850
f 1538 1190 854
f 1165 1550 1549
f 1508 1515 1197
f 848 1547 839
f 1165 1444 1142
f 1142 1444 1141
f 1165 1142 1550
f 1165 1555 1552
f 1549 1555 1165
f 1165 1148 1150
f 1552 1148 1165
f 1150 845 839
f 1556 845 1150
f 1147 1556 1150
f 1150 839 1547
f 1543 1544 838
f 917 1540 1543
f 917 847 1188
f 852 1186 1537
f 856 1178 858
f 1202 1534 863
f 1175 870 869
f 1157 1177 915
f 1204 1157 877
f 1211 1204 874
f 1532 1211 873
f 1530 1532 882
f 1217 1530 879
f 1216 1217 881
f 1223 1216 886
f 1122 1223 884
f 1226 1122 893
f 1528 1226 888
f 1435 1528 891
f 1518 1435 894
f 1160 1518 896
f 1516 1160 898
f 1520 1516 900
f 1526 1520 903
f 1232 1525 905
f 1104 1232 907
f 1094 1104 908
f 1094 913 1155
f 1152 1098 1094
f 1098 1559 1095
f 1099 1095 1561
f 1561 1095 1559
f 1254 1256 1562
f 1565 1060 1082
f 1258 1523 1134
f 1275 1568 1279
f 1060 1570 1282
f 1060 1565 1570
f 1085 1279 1568
f 1060 1277 1272
f 1568 1089 1085
f 531 1573 1571
f 549 545 1575
f 1577 1582 1579
f 1583 1589 1588
f 547 554 1591
f 551 561 1308
f 1594 1595 559
f 561 556 1598
f 609 1050 562
f 1305 1594 565
f 556 559 1595
f 1600 552 1298
f 554 1600 1591
f 1601 1606 1603
f 1607 545 547
f 1609 540 549
f 540 1609 1612
f 1594 559 565
f 1612 1573 612
f 531 1613 542
f 545 1607 1575
f 552 1600 554
f 1615 542 1613
f 1060 1562 1296
f 1575 1609 549
f 1256 1296 1562
f 542 1615 534
f 1095 1620 1618
f 1622 1625 1624
f 1134 1620 1095
f 1523 1620 1134
f 1095 1629 1628
f 1618 1629 1095
f 1095 1625 1622
f 1628 1625 1095
f 1622 539 534
f 1632 539 1622
f 1624 1632 1622
f 534 1615 1622
f 1571 1613 531
f 531 612 1573
f 612 540 1612
f 547 1591 1607
f 1308 561 1598
f 1595 1598 556
f 1305 565 562
f 1052 609 570
f 1321 1043 569
f 1043 1052 570
f 1319 1321 567
f 1329 1319 576
f 1330 1329 572
f 1341 1330 575
f 1603 1589 1583
f 578 1338 580
f 580 1341 575
f 586 1020 578
f 582 1022 586
f 584 1342 582
f 589 1379 1360
f 584 1360 1342
f 591 1376 1379
f 592 1014 1376
f 594 1361 1014
f 597 1365 1361
f 599 981 1365
f 1588 1008 976
f 976 1375 1635
f 1636 1638 1396
f 931 602 1405
f 984 601 931
f 1640 1643 1635
f 1636 1396 1402
f 1405 602 608
f 1417 1402 1405
f 1645 1396 1647
f 1396 1638 1647
f 1645 1650 1414
f 1414 1396 1645
f 1651 1650 1643
f 1650 1651 1414
f 1651 1643 1640
f 1375 1640 1635
f 1588 976 1583
f 1601 1582 1606
f 1582 1601 1579
f 1606 1589 1603
f 1654 1213 1124
f 1656 1009 1368
f 1164 1658 1124
f 1654 1124 1658
f 1164 1151 1659
f 1659 1658 1164
f 1661 1151 1546
f 1151 1661 1659
f 1545 1663 1546
f 1661 1546 1663
f 1545 1542 1665
f 1665 1663 1545
f 1665 1541 1668
f 1541 1665 1542
f 1670 1668 1189
f 1541 1189 1668
f 1191 1672 1670
f 1670 1189 1191
f 1672 1539 1674
f 1539 1672 1191
f 1676 1674 1536
f 1539 1536 1674
f 1187 1678 1676
f 1676 1536 1187
f 1678 1192 1679
f 1192 1678 1187
f 1681 1679 1179
f 1192 1179 1679
f 1159 1683 1681
f 1681 1179 1159
f 1683 1535 1685
f 1535 1683 1159
f 1688 1685 1201
f 1535 1201 1685
f 1174 1688 1170
f 1688 1201 1170
f 1174 1176 1689
f 1689 1688 1174
f 1691 1176 1156
f 1176 1691 1689
f 1203 1693 1156
f 1691 1156 1693
f 1203 1212 1696
f 1696 1693 1203
f 1697 1212 1533
f 1212 1697 1696
f 1531 1699 1533
f 1697 1533 1699
f 1531 1218 1701
f 1701 1699 1531
f 1704 1218 1215
f 1218 1704 1701
f 1224 1706 1215
f 1704 1215 1706
f 1224 1121 1708
f 1708 1706 1224
f 1708 1225 1709
f 1225 1708 1121
f 1712 1709 1529
f 1225 1529 1709
f 1436 1714 1712
f 1712 1529 1436
f 1714 1519 1715
f 1519 1714 1436
f 1717 1715 1161
f 1519 1161 1715
f 1517 1719 1717
f 1717 1161 1517
f 1719 1521 1721
f 1521 1719 1517
f 1724 1721 1527
f 1521 1527 1721
f 1524 1726 1724
f 1724 1527 1524
f 1726 1231 1727
f 1231 1726 1524
f 1730 1727 1103
f 1231 1103 1727
f 1096 1730 1093
f 1730 1103 1093
f 1731 1730 1096
f 1213 1654 1733
f 1209 1733 1735
f 1733 1209 1213
f 1737 1448 1735
f 1209 1735 1448
f 1737 1740 1449
f 1449 1448 1737
f 1118 1740 1742
f 1740 1118 1449
f 1742 1221 1109
f 1118 1742 1109
f 1221 1744 1230
f 1744 1221 1742
f 1233 1230 1745
f 1744 1745 1230
f 1748 1452 1233
f 1233 1745 1748
f 1452 1749 1241
f 1749 1452 1748
f 1115 1241 1751
f 1749 1751 1241
f 1753 1240 1115
f 1115 1751 1753
f 1240 1755 1252
f 1755 1240 1753
f 1249 1252 1758
f 1755 1758 1252
f 1759 1455 1249
f 1249 1758 1759
f 1455 1761 1458
f 1761 1455 1759
f 923 1458 1764
f 1761 1764 1458
f 1764 1766 1262
f 1262 923 1764
f 1271 1766 1767
f 1766 1271 1262
f 1770 1264 1767
f 1271 1767 1264
f 1770 1772 1092
f 1092 1264 1770
f 1069 1772 1774
f 1772 1069 1092
f 1775 1080 1774
f 1069 1774 1080
f 1775 1778 1461
f 1461 1080 1775
f 1284 1778 1779
f 1778 1284 1461
f 1781 1289 1779
f 1284 1779 1289
f 1781 1783 1076
f 1076 1289 1781
f 1469 1074 1783
f 1783 1074 1076
f 1785 1476 1469
f 1469 1783 1785
f 1476 1788 1300
f 1788 1476 1785
f 1304 1300 1789
f 1788 1789 1300
f 1792 1480 1304
f 1304 1789 1792
f 1480 1794 1482
f 1794 1480 1792
f 1487 1482 1796
f 1794 1796 1482
f 1798 1489 1487
f 1487 1796 1798
f 1489 1799 1038
f 1799 1489 1798
f 1799 1802 1038
f 1803 1025 1802
f 1038 1802 1025
f 1371 1807 1805
f 996 1811 1809
f 1370 1813 1003
f 1816 1818 987
f 1819 993 992
f 1821 938 1824
f 972 1825 1824
f 946 1829 1827
f 966 1832 964
f 1834 949 948
f 1836 934 944
f 929 927 1838
f 935 1841 1839
f 941 1845 1843
f 951 1848 1380
f 1849 1384 962
f 1851 920 1853
f 970 968 1856
f 1386 1860 1857
f 1392 1862 1394
f 1863 1865 1388
f 1868 1404 1397
f 1870 1408 1872
f 982 983 1874
f 932 1878 1876
f 1013 1879 1377
f 1882 1883 1366
f 1885 1343 1359
f 1888 1378 1889
f 1339 1019 1891
f 1021 1896 1894
f 1898 1899 1328
f 1902 1331 1340
f 1904 1053 1042
f 1320 1318 1906
f 1908 1909 1051
f 1051 1053 1908
f 1306 1909 1911
f 1909 1306 1051
f 1914 1593 1911
f 1306 1911 1593
f 1914 1915 1596
f 1596 1593 1914
f 1597 1915 1918
f 1915 1597 1596
f 1919 1307 1918
f 1597 1918 1307
f 1919 1922 1297
f 1297 1307 1919
f 1599 1922 1924
f 1922 1599 1297
f 1924 1608 1592
f 1599 1924 1592
f 1608 1925 1576
f 1925 1608 1924
f 1610 1576 1928
f 1925 1928 1576
f 1930 1611 1610
f 1610 1928 1930
f 1611 1931 1574
f 1931 1611 1930
f 1572 1574 1934
f 1931 1934 1574
f 1935 1614 1572
f 1572 1934 1935
f 1614 1938 1616
f 1938 1614 1935
f 1621 1616 1939
f 1938 1939 1616
f 1731 1096 1621
f 1621 1939 1731
f 1042 1906 1904
f 1908 1053 1904
f 1906 1318 1899
f 1906 1042 1320
f 1898 1328 1331
f 1899 1318 1328
f 1941 1902 1340
f 1902 1898 1331
f 1941 1339 1891
f 1339 1941 1340
f 1019 1021 1894
f 1019 1894 1891
f 1896 1343 1885
f 1021 1343 1896
f 1888 1359 1378
f 1885 1359 1888
f 1879 1889 1377
f 1889 1378 1377
f 1883 1879 1362
f 1879 1013 1362
f 982 1882 1366
f 1366 1883 1362
f 983 1876 1874
f 982 1874 1882
f 932 1404 1878
f 983 932 1876
f 1868 1397 1870
f 1878 1404 1868
f 1872 1408 1394
f 1870 1397 1408
f 1865 1862 1392
f 1862 1872 1394
f 1391 1388 1865
f 1391 1865 1392
f 970 1856 1863
f 970 1863 1388
f 968 1386 1857
f 968 1857 1856
f 1860 1384 1849
f 1386 1384 1860
f 1851 962 920
f 1849 962 1851
f 1843 1853 961
f 1853 920 961
f 1380 1845 941
f 941 1843 961
f 951 1838 1848
f 1380 1848 1845
f 927 1839 1838
f 951 929 1838
f 935 949 1841
f 927 935 1839
f 1834 948 1944
f 1841 949 1834
f 934 1836 1944
f 1944 948 934
f 946 1827 944
f 1827 1836 944
f 964 1832 1829
f 964 1829 946
f 966 938 1821
f 966 1821 1832
f 940 972 1824
f 938 940 1824
f 1825 990 1818
f 972 990 1825
f 1816 987 993
f 1818 990 987
f 1809 1819 992
f 1819 1816 993
f 1003 1811 996
f 996 1809 992
f 1370 1805 1813
f 1003 1813 1811
f 1371 1009 1807
f 1370 1371 1805
f 1656 1368 1803
f 1807 1009 1656
f 1025 1803 1012
f 1803 1368 1012
f 1945 1948 1947
f 1949 1953 1951
f 1954 1956 1955
f 1957 1732 1958
f 1959 1961 1960
f 1920 1962 1921
f 1963 1965 1964
f 1960 1948 1966
f 1967 1968 1947
f 1962 1920 1917
f 1956 1964 1970
f 1971 1958 1933
f 1961 1973 1972
f 1913 1912 1974
f 1965 1976 1975
f 1960 1961 1947
f 1967 1979 1977
f 1974 1912 1910
f 1970 1965 1980
f 1981 1903 1905
f 1972 1983 1982
f 1972 1967 1961
f 1975 1985 1984
f 1905 1900 1981
f 1986 1989 1987
f 1974 1962 1917
f 1991 1980 1975
f 1992 1901 1942
f 1989 1986 1993
f 1995 1984 1996
f 1997 1999 1986
f 1942 1892 1992
f 1999 1997 2000
f 1910 1981 1974
f 1984 2002 1991
f 2003 1895 1886
f 2004 2005 1995
f 1997 2006 2000
f 1997 2010 2008
f 2003 1886 1887
f 2012 2008 2010
f 1981 1900 1992
f 2002 1995 2013
f 1884 2014 1880
f 2015 2005 2016
f 2012 2010 2018
f 2020 2010 2021
f 1881 2014 1884
f 2021 2022 2020
f 1992 1892 2003
f 2024 2013 2005
f 2025 2022 2021
f 2027 2028 2015
f 1877 2029 1875
f 2030 2032 2021
f 1877 1867 2029
f 2003 1887 2014
f 2034 2030 2035
f 2032 2030 2034
f 2037 1871 1861
f 2015 2038 2024
f 1866 2037 1861
f 2039 2040 2028
f 2014 1881 2029
f 2041 2043 2030
f 2045 2047 2041
f 2048 2050 2049
f 1858 2051 1855
f 2038 2028 2052
f 1858 1859 2051
f 2040 2054 2053
f 2037 2029 1867
f 2056 2041 2057
f 2057 2060 2058
f 2062 2063 2049
f 1852 1854 2064
f 2065 2052 2040
f 2064 1854 1844
f 2066 2067 2053
f 1866 2051 2037
f 2068 2069 2057
f 2071 2057 2072
f 2065 2053 2073
f 2074 1847 1837
f 2071 2076 2075
f 1840 2074 1837
f 2067 2078 2077
f 2051 1859 2064
f 2068 2081 2080
f 2083 2085 2084
f 2086 2073 2067
f 1943 2087 1833
f 2088 2089 2075
f 1835 2090 1943
f 2091 2077 2092
f 2074 2064 1844
f 2094 2097 2095
f 2098 2099 2091
f 2077 2100 2086
f 1830 1831 2090
f 2102 2095 2097
f 1831 1822 2103
f 2097 2106 2105
f 2087 2074 1840
f 2107 2105 2106
f 2099 2110 2109
f 2100 2091 2111
f 2089 2088 2112
f 2106 2113 2107
f 2115 2106 2117
f 2119 2122 2120
f 2123 2117 2125
f 2117 2123 2115
f 2128 2120 2122
f 2085 2129 2117
f 2128 2132 2131
f 2135 2129 2085
f 2137 2131 2138
f 2112 2141 2140
f 2131 2137 2084
f 2142 2143 2117
f 2144 2146 2084
f 2131 2084 2148
f 2146 2083 2084
f 2084 2085 2149
f 1826 1817 2103
f 2150 2151 2088
f 2152 2131 2132
f 2099 2150 2111
f 2068 2071 2075
f 1817 1815 2154
f 2150 2099 2109
f 1820 2154 1815
f 1943 2090 2087
f 1817 2154 2103
f 1831 2103 2090
f 2155 2157 2156
f 2158 2160 2159
f 1814 1806 2155
f 2161 2162 2157
f 2155 1808 1655
f 1806 1808 2155
f 1804 2161 1655
f 2155 1655 2161
f 1810 1812 2154
f 1801 2161 1804
f 1971 1927 1926
f 1971 1926 1962
f 2163 2166 1948
f 1954 2167 1964
f 1957 2168 1723
f 1955 2170 2169
f 1971 1933 1932
f 2171 2173 2172
f 2174 1948 2176
f 2169 2177 1954
f 1958 1936 1933
f 2170 2179 2178
f 2174 2182 2180
f 2185 2174 2180
f 1716 2168 2186
f 2185 2187 2174
f 1940 1958 1732
f 2169 2178 2188
f 1729 1732 1957
f 2179 2190 2189
f 2192 2187 2194
f 2192 2196 2187
f 2197 1707 2186
f 2187 2196 2198
f 1723 1725 1957
f 2199 2178 2189
f 2168 1722 1723
f 2200 2190 2201
f 2203 2205 2198
f 2198 2205 2207
f 2197 2208 1700
f 2209 2198 2207
f 2168 1716 1718
f 2210 2189 2200
f 1716 2186 1713
f 2211 2212 2201
f 2209 2215 2213
f 2217 2209 2213
f 2219 1694 2208
f 2217 2220 2209
f 2186 1707 1710
f 2222 2223 2220
f 1705 1707 2197
f 2211 2226 2225
f 2212 2227 2200
f 2223 2228 2220
f 1686 2219 2230
f 2212 2225 2231
f 1702 2197 1700
f 2232 2236 2234
f 2208 1698 1700
f 2237 2226 2238
f 2239 2241 2240
f 2240 2234 2236
f 2242 1677 2230
f 2243 2225 2237
f 2219 1692 1694
f 2241 2239 2244
f 1692 2219 1690
f 2245 2246 2238
f 2239 2248 2247
f 2249 2248 2240
f 2242 2251 1669
f 2246 2252 2237
f 1686 2230 1684
f 2253 2239 2247
f 1682 1684 2230
f 2245 2255 2254
f 2256 2247 2257
f 2248 2259 2257
f 1662 2251 2260
f 2254 2261 2246
f 1675 1677 2242
f 2262 2255 2263
f 2242 1673 1675
f 2264 2266 2265
f 2257 2269 2268
f 2271 2257 2272
f 2274 1734 2260
f 2254 2262 2275
f 2251 1667 1669
f 2276 2277 2263
f 1667 2251 1666
f 2278 2265 2279
f 2281 2271 2282
f 2284 2271 2285
f 2274 2287 1741
f 2288 2262 2277
f 1662 2260 1660
f 2276 2290 2289
f 1657 1660 2260
f 2292 2284 2293
f 2295 2293 2284
f 2292 2297 2284
f 1750 2287 2298
f 2289 2299 2277
f 1736 1734 2274
f 2290 2301 2300
f 2303 2297 2305
f 2303 2306 2297
f 2274 1738 1736
f 2297 2306 2308
f 2298 2309 1757
f 2289 2300 2310
f 2287 1743 1741
f 2311 2301 2312
f 2313 2316 2308
f 2308 2316 2317
f 1743 2287 1746
f 1949 2308 2317
f 1765 2309 2319
f 1953 1949 2320
f 1750 2298 1752
f 2322 2323 2312
f 2324 2300 2311
f 1773 2319 2325
f 2298 1754 1752
f 2309 1760 1757
f 2311 2323 2326
f 2327 2329 2328
f 2330 2334 2332
f 2335 2322 2336
f 2336 2337 2335
f 2332 2329 2330
f 2335 2338 2323
f 2309 1762 1760
f 2339 2340 2328
f 2341 2322 2342
f 1782 2325 2343
f 2344 2341 2342
f 2327 2328 2345
f 2329 2347 2339
f 2319 1768 1765
f 2339 2347 2349
f 2350 2335 2337
f 2340 2344 2342
f 1768 2319 1769
f 2344 2340 2120
f 2337 2162 2350
f 2328 2340 2351
f 1773 2325 1776
f 2353 2354 2339
f 1776 2325 1777
f 2120 2339 2354
f 2162 2356 2350
f 2354 2357 2120
f 2325 1782 1780
f 2120 2357 2119
f 1782 2343 1784
f 1790 1787 2343
f 2161 2356 2162
f 2161 1797 2356
f 2161 1801 1800
f 1791 2356 1793
f 1791 1790 2356
f 1793 2356 1795
f 1797 2161 1800
f 1797 1795 2356
f 1786 2343 1787
f 2343 1786 1784
f 2343 2356 1790
f 1773 1771 2319
f 2343 2338 2350
f 2342 2351 2340
f 2332 2360 2329
f 2336 2322 2341
f 2322 2335 2323
f 2347 2329 2362
f 2312 2351 2342
f 2339 2349 2364
f 2353 2339 2364
f 2120 2340 2339
f 2343 2350 2356
f 1777 2325 1780
f 1765 1763 2309
f 2350 2338 2335
f 2325 2326 2338
f 2351 2345 2328
f 1951 2330 1949
f 2322 2312 2342
f 2312 2323 2311
f 2329 2327 2330
f 2301 2345 2351
f 2329 2360 2366
f 2362 2329 2366
f 2339 2328 2329
f 2338 2343 2325
f 1769 2319 1771
f 1757 1756 2298
f 2338 2326 2323
f 2319 2324 2326
f 2345 2367 2327
f 2327 2368 2330
f 2312 2301 2351
f 2301 2311 2300
f 2330 2368 1949
f 2290 2367 2345
f 2330 1951 2369
f 2367 2368 2327
f 2369 2334 2330
f 2326 2325 2319
f 1762 2309 1763
f 1750 1747 2287
f 2326 2324 2311
f 2310 2324 2309
f 2367 2371 2368
f 2368 2372 1949
f 2301 2290 2345
f 2290 2300 2289
f 1949 2372 2308
f 2276 2371 2367
f 1949 2317 2374
f 2371 2372 2368
f 2374 2320 1949
f 2324 2319 2309
f 1754 2298 1756
f 1739 2274 1741
f 2324 2310 2300
f 2299 2310 2298
f 2371 2278 2372
f 2372 2279 2308
f 2290 2276 2367
f 2276 2289 2277
f 2308 2279 2297
f 2263 2278 2371
f 2308 2306 2375
f 2278 2279 2372
f 2375 2313 2308
f 2310 2309 2298
f 1746 2287 1747
f 1653 2260 1734
f 2310 2299 2289
f 2287 2288 2299
f 2271 2284 2377
f 2279 2266 2297
f 2276 2263 2371
f 2263 2277 2262
f 2297 2266 2284
f 2255 2265 2278
f 2297 2292 2378
f 2265 2266 2279
f 2378 2305 2297
f 2299 2298 2287
f 1738 2274 1739
f 1664 2251 1662
f 2299 2288 2277
f 2274 2275 2288
f 2257 2271 2256
f 2266 2377 2284
f 2263 2255 2278
f 2262 2254 2255
f 2285 2271 2281
f 2245 2264 2265
f 2284 2285 2380
f 2264 2377 2266
f 2380 2295 2284
f 2288 2287 2274
f 1657 2260 1653
f 1671 2242 1669
f 2288 2275 2262
f 2261 2275 2260
f 2264 2382 2377
f 2377 2256 2271
f 2255 2245 2265
f 2254 2246 2245
f 2272 2257 2268
f 2238 2382 2264
f 2271 2272 2384
f 2382 2256 2377
f 2384 2282 2271
f 2275 2274 2260
f 1666 2251 1664
f 1680 2230 1677
f 2275 2261 2254
f 2252 2261 2251
f 2382 2385 2256
f 2386 2248 2249
f 2245 2238 2264
f 2246 2237 2238
f 2259 2248 2389
f 2226 2385 2382
f 2257 2259 2391
f 2385 2247 2256
f 2391 2269 2257
f 2261 2260 2251
f 1673 2242 1671
f 1687 2219 1686
f 2261 2252 2246
f 2243 2252 2242
f 2385 2253 2247
f 2236 2393 2240
f 2238 2226 2382
f 2226 2237 2225
f 2249 2240 2395
f 2211 2253 2385
f 2248 2386 2396
f 2389 2248 2396
f 2257 2247 2248
f 2252 2251 2242
f 1682 2230 1680
f 1695 2208 1694
f 2252 2243 2237
f 2231 2243 2230
f 2253 2244 2239
f 2228 2234 2220
f 2226 2211 2385
f 2211 2225 2212
f 2240 2241 2234
f 2201 2244 2253
f 2240 2393 2398
f 2395 2240 2398
f 2248 2239 2240
f 2243 2242 2230
f 1690 2219 1687
f 1703 2197 1702
f 2243 2231 2225
f 2219 2227 2231
f 2244 2400 2241
f 2241 2401 2234
f 2211 2201 2253
f 2201 2212 2200
f 2234 2401 2220
f 2190 2400 2244
f 2234 2228 2402
f 2400 2401 2241
f 2402 2232 2234
f 2231 2230 2219
f 1698 2208 1695
f 1711 2186 1710
f 2231 2227 2212
f 2208 2210 2227
f 2400 2404 2401
f 2401 2405 2220
f 2201 2190 2244
f 2190 2200 2189
f 2220 2405 2209
f 2179 2404 2400
f 2220 2217 2407
f 2404 2405 2401
f 2407 2222 2220
f 2227 2219 2208
f 1705 2197 1703
f 1720 2168 1718
f 2227 2210 2200
f 2197 2199 2210
f 2404 2408 2405
f 2405 2409 2209
f 2190 2179 2400
f 2179 2189 2178
f 2209 2409 2198
f 2170 2408 2404
f 2209 2207 2411
f 2408 2409 2405
f 2411 2215 2209
f 2210 2208 2197
f 1713 2186 1711
f 1728 1957 1725
f 2210 2199 2189
f 2199 2186 2188
f 2408 2173 2409
f 2409 2171 2198
f 2179 2170 2404
f 2170 2178 2169
f 2198 2171 2187
f 1955 2173 2408
f 2198 2196 2412
f 2173 2171 2409
f 2412 2203 2198
f 2199 2197 2186
f 1722 2168 1720
f 1937 1936 1958
f 2199 2188 2178
f 2188 2168 2177
f 1948 2174 1966
f 2171 2414 2187
f 2170 1955 2408
f 1955 2169 1954
f 2187 2414 2174
f 1956 2172 2173
f 2187 2185 2415
f 2172 2414 2171
f 2415 2194 2187
f 2188 2186 2168
f 1729 1957 1728
f 1929 1927 1971
f 2188 2177 2169
f 1957 2167 2177
f 2172 2417 2414
f 2414 1966 2174
f 1955 1956 2173
f 1954 1964 1956
f 2176 1948 2166
f 1970 2417 2172
f 2174 2176 2418
f 2417 1966 2414
f 2418 2182 2174
f 1957 2177 2168
f 1937 1958 1940
f 1926 1923 1962
f 2177 2167 1954
f 1958 1963 2167
f 2417 2420 1966
f 2421 1947 1968
f 1956 1970 2172
f 1964 1965 1970
f 1945 1947 2423
f 1980 2420 2417
f 1948 1945 2425
f 2420 1960 1966
f 2425 2163 1948
f 1958 2167 1957
f 1929 1971 1932
f 1917 1916 1974
f 2167 1963 1964
f 1971 1976 1963
f 2420 1959 1960
f 1977 2427 1967
f 1970 1980 2417
f 1980 1965 1975
f 1968 1967 2430
f 1991 1959 2420
f 1947 2421 2431
f 2423 1947 2431
f 1948 1960 1947
f 1971 1963 1958
f 1921 1962 1923
f 1910 1907 1981
f 1963 1976 1965
f 1962 1985 1976
f 1959 1973 1961
f 1987 1979 1986
f 1980 1991 2420
f 1991 1975 1984
f 1977 1979 2434
f 2002 1973 1959
f 1967 2427 2436
f 2430 1967 2436
f 1947 1961 1967
f 1962 1976 1971
f 1913 1974 1916
f 1900 1897 1992
f 1976 1985 1975
f 1974 1996 1985
f 1973 1983 1972
f 1972 1982 1979
f 1991 2002 1959
f 2002 1984 1995
f 1979 1982 1986
f 2013 1983 1973
f 1979 1987 2437
f 2434 1979 2437
f 1967 1972 1979
f 1985 1962 1974
f 1903 1981 1907
f 1892 1893 2003
f 1985 1996 1984
f 2004 1996 1981
f 1983 2439 1982
f 1982 2440 1986
f 2002 2013 1973
f 2013 1995 2005
f 1986 2440 1997
f 2024 2439 1983
f 1986 1999 2442
f 2439 2440 1982
f 2442 1993 1986
f 1996 1974 1981
f 1901 1992 1897
f 1890 2014 1887
f 1996 2004 1995
f 2016 2004 1992
f 2439 2443 2440
f 2440 2444 1997
f 2013 2024 1983
f 2024 2005 2015
f 1997 2444 2010
f 2038 2443 2439
f 1997 2008 2445
f 2443 2444 2440
f 2445 2006 1997
f 2004 1981 1992
f 1895 2003 1893
f 1873 2029 1881
f 2004 2016 2005
f 2027 2016 2003
f 2443 2050 2444
f 2444 2048 2010
f 2024 2038 2439
f 2038 2015 2028
f 2010 2048 2021
f 2052 2050 2443
f 2010 2020 2448
f 2050 2048 2444
f 2448 2018 2010
f 2016 1992 2003
f 1880 2014 1890
f 1869 2037 1867
f 2016 2027 2015
f 2014 2039 2027
f 2041 2030 2449
f 2048 2063 2021
f 2038 2052 2443
f 2052 2028 2040
f 2021 2063 2030
f 2065 2049 2050
f 2021 2032 2450
f 2049 2063 2048
f 2450 2025 2021
f 2027 2003 2014
f 1875 2029 1873
f 1864 2051 1866
f 2027 2039 2028
f 2029 2054 2039
f 2452 2071 2072
f 2063 2449 2030
f 2052 2065 2050
f 2040 2053 2065
f 2043 2041 2047
f 2073 2062 2049
f 2030 2043 2453
f 2062 2449 2063
f 2453 2035 2030
f 2039 2014 2029
f 1871 2037 1869
f 1850 2064 1859
f 2039 2054 2040
f 2066 2054 2037
f 2062 2455 2449
f 2449 2072 2041
f 2065 2073 2049
f 2053 2067 2073
f 2056 2057 2456
f 2086 2455 2062
f 2041 2056 2459
f 2455 2072 2449
f 2459 2045 2041
f 2054 2029 2037
f 1855 2051 1864
f 1846 2074 1844
f 2054 2066 2053
f 2078 2066 2051
f 2455 2452 2072
f 2080 2461 2068
f 2073 2086 2062
f 2086 2067 2077
f 2069 2068 2463
f 2100 2452 2455
f 2057 2069 2060
f 2456 2057 2058
f 2041 2072 2057
f 2066 2037 2051
f 1852 2064 1850
f 1842 2087 1840
f 2066 2078 2067
f 2092 2078 2064
f 2452 2076 2071
f 2094 2081 2097
f 2086 2100 2455
f 2100 2077 2091
f 2080 2081 2465
f 2111 2076 2452
f 2068 2461 2467
f 2463 2068 2467
f 2057 2071 2068
f 2078 2051 2064
f 1847 2074 1846
f 1828 2090 1835
f 2078 2092 2077
f 2074 2098 2092
f 2076 2088 2075
f 2075 2089 2081
f 2100 2111 2452
f 2111 2091 2099
f 2081 2089 2097
f 2150 2088 2076
f 2081 2094 2469
f 2465 2081 2469
f 2068 2075 2081
f 2092 2064 2074
f 1833 2087 1842
f 1823 2103 1822
f 2092 2098 2091
f 2098 2087 2110
f 2085 2470 2135
f 2089 2140 2097
f 2111 2150 2076
f 2109 2151 2150
f 2097 2140 2106
f 2151 2112 2088
f 2097 2105 2473
f 2112 2140 2089
f 2473 2102 2097
f 2098 2074 2087
f 1830 2090 1828
f 2109 2474 2151
f 2098 2110 2099
f 2110 2090 2475
f 2151 2476 2112
f 2109 2475 2474
f 2140 2142 2106
f 2476 2151 2474
f 2106 2142 2117
f 2141 2112 2476
f 2106 2115 2477
f 2141 2142 2140
f 2477 2113 2106
f 2110 2087 2090
f 1826 2103 1823
f 2474 2159 2476
f 2110 2475 2109
f 2103 2479 2475
f 2476 2160 2141
f 2479 2159 2474
f 2480 2142 2141
f 2160 2476 2159
f 2117 2143 2085
f 2141 2160 2480
f 2117 2129 2481
f 2480 2143 2142
f 2481 2125 2117
f 2475 2090 2103
f 1810 2154 1820
f 2483 2480 2160
f 2475 2479 2474
f 2154 2156 2479
f 2484 2143 2480
f 2156 2158 2159
f 2131 2152 2138
f 2158 2483 2160
f 2149 2085 2143
f 2483 2484 2480
f 2085 2083 2486
f 2149 2143 2484
f 2486 2470 2085
f 2103 2154 2479
f 2155 1812 1814
f 2157 2487 2158
f 2479 2156 2159
f 2157 2158 2156
f 2487 2488 2483
f 2487 2483 2158
f 2488 2489 2484
f 2488 2484 2483
f 2489 2148 2149
f 2149 2484 2489
f 2084 2137 2491
f 2148 2084 2149
f 2491 2144 2084
f 2155 2154 1812
f 2156 2154 2155
f 2487 2162 2337
f 2161 2157 2155
f 2488 2337 2336
f 2162 2487 2157
f 2489 2336 2341
f 2337 2488 2487
f 2148 2341 2344
f 2336 2489 2488
f 2131 2344 2120
f 2341 2148 2489
f 2344 2131 2148
f 2131 2120 2128
f 2267 2494 2492
f 2496 2118 2499
f 2270 2390 2494
f 2270 2494 2267
f 2501 2390 2258
f 2390 2501 2494
f 2388 2503 2258
f 2501 2258 2503
f 2388 2397 2505
f 2505 2503 2388
f 2507 2397 2387
f 2397 2507 2505
f 2250 2508 2387
f 2507 2387 2508
f 2250 2394 2511
f 2511 2508 2250
f 2513 2394 2399
f 2394 2513 2511
f 2392 2515 2399
f 2513 2399 2515
f 2235 2516 2515
f 2515 2392 2235
f 2516 2233 2519
f 2233 2516 2235
f 2520 2519 2403
f 2233 2403 2519
f 2229 2522 2520
f 2520 2403 2229
f 2522 2224 2524
f 2224 2522 2229
f 2526 2524 2221
f 2224 2221 2524
f 2406 2528 2526
f 2526 2221 2406
f 2528 2218 2530
f 2218 2528 2406
f 2530 2214 2216
f 2218 2214 2530
f 2410 2532 2216
f 2530 2216 2532
f 2410 2206 2534
f 2534 2532 2410
f 2536 2206 2204
f 2206 2536 2534
f 2202 2538 2204
f 2536 2204 2538
f 2202 2413 2541
f 2541 2538 2202
f 2543 2413 2195
f 2413 2543 2541
f 2191 2545 2195
f 2543 2195 2545
f 2191 2193 2546
f 2546 2545 2191
f 2546 2416 2548
f 2416 2546 2193
f 2550 2548 2184
f 2416 2184 2548
f 2181 2552 2550
f 2550 2184 2181
f 2552 2183 2555
f 2183 2552 2181
f 2557 2555 2419
f 2183 2419 2555
f 2175 2559 2557
f 2557 2419 2175
f 2559 2165 2560
f 2165 2559 2175
f 2563 2560 2164
f 2165 2164 2560
f 1946 2563 2426
f 2563 2164 2426
f 2565 2563 1946
f 2273 2267 2492
f 2567 2383 2273
f 2273 2492 2567
f 2383 2568 2283
f 2568 2383 2567
f 2280 2283 2571
f 2568 2571 2283
f 2573 2286 2280
f 2280 2571 2573
f 2286 2575 2381
f 2575 2286 2573
f 2296 2381 2577
f 2575 2577 2381
f 2579 2294 2296
f 2296 2577 2579
f 2291 2579 2581
f 2579 2291 2294
f 2583 2379 2581
f 2291 2581 2379
f 2583 2584 2304
f 2304 2379 2583
f 2302 2584 2587
f 2584 2302 2304
f 2588 2307 2587
f 2302 2587 2307
f 2588 2591 2376
f 2376 2307 2588
f 2314 2591 2592
f 2591 2314 2376
f 2595 2315 2592
f 2314 2592 2315
f 2318 2595 2373
f 2318 2315 2595
f 2321 2373 2597
f 2595 2597 2373
f 2598 1952 2321
f 2321 2597 2598
f 1952 2600 1950
f 2600 1952 2598
f 2370 1950 2603
f 2600 2603 1950
f 2605 2333 2370
f 2370 2603 2605
f 2333 2606 2331
f 2606 2333 2605
f 2359 2331 2609
f 2606 2609 2331
f 2611 2365 2359
f 2359 2609 2611
f 2361 2611 2613
f 2611 2361 2365
f 2614 2346 2613
f 2361 2613 2346
f 2614 2616 2348
f 2348 2346 2614
f 2363 2616 2619
f 2616 2363 2348
f 2620 2352 2619
f 2363 2619 2352
f 2620 2622 2355
f 2355 2352 2620
f 2358 2622 2499
f 2622 2358 2355
f 2358 2499 2118
f 2624 2153 2626
f 2629 2133 2127
f 2490 2632 2631
f 2139 2634 2136
f 2636 2639 2485
f 2636 2147 2640
f 2643 2130 2645
f 2134 2471 2646
f 2124 2649 2116
f 2651 2652 2126
f 2655 2656 2108
f 2659 2114 2478
f 2096 2101 2660
f 2472 2664 2663
f 2468 2667 2464
f 2669 2670 2093
f 2673 2462 2466
f 2674 2460 2677
f 2059 2061 2678
f 2070 2683 2681
f 2458 2684 2044
f 2686 2055 2457
f 2688 2454 2042
f 2690 2046 2692
f 2031 2697 2695
f 2036 2699 2033
f 2023 2700 2019
f 2695 2702 2026
f 2704 2011 2706
f 2017 2447 2708
f 2001 2007 2710
f 2009 2712 2446
f 2715 1998 2001
f 2001 2710 2715
f 1998 2716 2441
f 2716 1998 2715
f 1994 2441 2718
f 2716 2718 2441
f 2720 1990 1994
f 1994 2718 2720
f 1990 2722 1988
f 2722 1990 2720
f 2438 1988 2724
f 2722 2724 1988
f 2726 2433 2438
f 2438 2724 2726
f 2433 2729 1978
f 2729 2433 2726
f 2731 2428 2729
f 1978 2729 2428
f 2731 2733 2435
f 2435 2428 2731
f 2429 2733 2734
f 2733 2429 2435
f 2737 1969 2734
f 2429 2734 1969
f 2737 2739 2422
f 2422 1969 2737
f 2432 2739 2741
f 2739 2432 2422
f 2565 2424 2741
f 2432 2741 2424
f 1946 2424 2565
f 2710 2446 2712
f 2446 2710 2007
f 2009 2011 2704
f 2009 2704 2712
f 2706 2017 2708
f 2011 2017 2706
f 2742 2447 2019
f 2708 2447 2742
f 2702 2700 2023
f 2700 2742 2019
f 2451 2695 2026
f 2026 2702 2023
f 2033 2697 2031
f 2031 2695 2451
f 2036 2745 2699
f 2033 2699 2697
f 2688 2745 2454
f 2036 2454 2745
f 2690 2042 2046
f 2688 2042 2690
f 2684 2692 2044
f 2692 2046 2044
f 2055 2686 2458
f 2686 2684 2458
f 2059 2747 2457
f 2747 2686 2457
f 2061 2681 2678
f 2059 2678 2747
f 2070 2462 2683
f 2061 2070 2681
f 2673 2466 2674
f 2683 2462 2673
f 2677 2460 2079
f 2674 2466 2460
f 2079 2464 2667
f 2667 2677 2079
f 2093 2670 2468
f 2670 2667 2468
f 2096 2660 2669
f 2096 2669 2093
f 2101 2472 2663
f 2101 2663 2660
f 2664 2104 2656
f 2472 2104 2664
f 2655 2108 2114
f 2656 2104 2108
f 2659 2478 2116
f 2659 2655 2114
f 2652 2649 2124
f 2649 2659 2116
f 2482 2651 2126
f 2126 2652 2124
f 2643 2482 2130
f 2482 2643 2651
f 2645 2134 2646
f 2130 2134 2645
f 2639 2471 2485
f 2646 2471 2639
f 2636 2082 2147
f 2636 2485 2082
f 2631 2640 2145
f 2640 2147 2145
f 2136 2632 2490
f 2490 2631 2145
f 2139 2624 2634
f 2136 2634 2632
f 2153 2133 2626
f 2139 2153 2624
f 2629 2127 2496
f 2626 2133 2629
f 2118 2496 2121
f 2496 2127 2121
f 2749 2738 2736
f 2750 2740 2753
f 2732 2730 2755
f 2757 2759 2735
f 2761 2727 2725
f 2763 2765 2728
f 2719 2767 2721
f 2723 2771 2769
f 2714 2711 2772
f 2775 2717 2777
f 2778 2705 2707
f 2780 2783 2713
f 2701 2785 2743
f 2709 2788 2786
f 2694 2696 2790
f 2792 2703 2795
f 2797 2744 2689
f 2799 2800 2698
f 2685 2802 2693
f 2691 2807 2805
f 2746 2679 2809
f 2810 2687 2812
f 2814 2682 2672
f 2817 2819 2680
f 2666 2821 2676
f 2675 2824 2822
f 2668 2661 2827
f 2828 2671 2830
f 2833 2665 2657
f 2835 2836 2662
f 2648 2839 2658
f 2654 2843 2841
f 2650 2642 2844
f 2846 2653 2848
f 2851 2647 2638
f 2853 2855 2644
f 2630 2857 2641
f 2637 2861 2859
f 2635 2625 2863
f 2865 2633 2866
f 2868 2628 2497
f 2871 2873 2627
f 2621 2875 2623
f 2498 2879 2877
f 2617 2615 2880
f 2883 2618 2885
f 2887 2610 2608
f 2889 2890 2612
f 2602 2893 2604
f 2607 2896 2894
f 2599 2596 2898
f 2900 2601 2903
f 2905 2593 2590
f 2906 2909 2594
f 2585 2910 2586
f 2589 2914 2912
f 2580 2578 2917
f 2918 2582 2920
f 2922 2574 2572
f 2924 2927 2576
f 2566 2928 2569
f 2570 2932 2930
f 2495 2500 2934
f 2936 2493 2939
f 2502 2942 2940
f 2940 2500 2502
f 2945 2942 2504
f 2502 2504 2942
f 2945 2506 2947
f 2506 2945 2504
f 2509 2948 2947
f 2947 2506 2509
f 2950 2948 2510
f 2509 2510 2948
f 2950 2512 2953
f 2512 2950 2510
f 2514 2955 2953
f 2953 2512 2514
f 2956 2955 2517
f 2514 2517 2955
f 2956 2518 2959
f 2518 2956 2517
f 2521 2960 2959
f 2959 2518 2521
f 2962 2960 2523
f 2521 2523 2960
f 2962 2525 2964
f 2525 2962 2523
f 2527 2966 2964
f 2964 2525 2527
f 2968 2966 2529
f 2527 2529 2966
f 2968 2531 2970
f 2531 2968 2529
f 2533 2972 2970
f 2970 2531 2533
f 2974 2972 2535
f 2533 2535 2972
f 2974 2537 2976
f 2537 2974 2535
f 2539 2978 2976
f 2976 2537 2539
f 2980 2978 2540
f 2539 2540 2978
f 2980 2542 2982
f 2542 2980 2540
f 2544 2985 2982
f 2982 2542 2544
f 2987 2985 2547
f 2544 2547 2985
f 2987 2549 2989
f 2549 2987 2547
f 2551 2990 2989
f 2989 2549 2551
f 2993 2990 2553
f 2551 2553 2990
f 2993 2554 2995
f 2554 2993 2553
f 2556 2997 2995
f 2995 2554 2556
f 2998 2997 2558
f 2556 2558 2997
f 2998 2561 3000
f 2561 2998 2558
f 2562 3003 3000
f 3000 2561 2562
f 2750 3003 2564
f 2562 2564 3003
f 2940 2934 2500
f 2495 2939 2493
f 2495 2934 2939
f 2936 2928 2566
f 2493 2936 2566
f 2932 2570 2569
f 2928 2932 2569
f 2922 2572 2930
f 2930 2572 2570
f 2576 2574 2924
f 2924 2574 2922
f 2578 2927 2917
f 2578 2576 2927
f 2580 2920 2582
f 2580 2917 2920
f 2918 2910 2585
f 2582 2918 2585
f 2914 2589 2586
f 2910 2914 2586
f 2905 2590 2912
f 2912 2590 2589
f 2594 2593 2906
f 2906 2593 2905
f 2596 2909 2898
f 2596 2594 2909
f 2599 2903 2601
f 2599 2898 2903
f 2900 2893 2602
f 2601 2900 2602
f 2896 2607 2604
f 2893 2896 2604
f 2887 2608 2894
f 2894 2608 2607
f 2612 2610 2889
f 2889 2610 2887
f 2615 2890 2880
f 2615 2612 2890
f 2617 2885 2618
f 2617 2880 2885
f 2883 2875 2621
f 2618 2883 2621
f 2879 2498 2623
f 2875 2879 2623
f 2868 2497 2877
f 2877 2497 2498
f 2627 2628 2871
f 2871 2628 2868
f 2625 2873 2863
f 2625 2627 2873
f 2635 2866 2633
f 2635 2863 2866
f 2865 2857 2630
f 2633 2865 2630
f 2861 2637 2641
f 2857 2861 2641
f 2851 2638 2859
f 2859 2638 2637
f 2644 2647 2853
f 2853 2647 2851
f 2642 2855 2844
f 2642 2644 2855
f 2650 2848 2653
f 2650 2844 2848
f 2846 2839 2648
f 2653 2846 2648
f 2843 2654 2658
f 2839 2843 2658
f 2833 2657 2841
f 2841 2657 2654
f 2662 2665 2835
f 2835 2665 2833
f 2661 2836 2827
f 2661 2662 2836
f 2668 2830 2671
f 2668 2827 2830
f 2828 2821 2666
f 2671 2828 2666
f 2824 2675 2676
f 2821 2824 2676
f 2814 2672 2822
f 2822 2672 2675
f 2680 2682 2817
f 2817 2682 2814
f 2679 2819 2809
f 2679 2680 2819
f 2746 2812 2687
f 2746 2809 2812
f 2810 2802 2685
f 2687 2810 2685
f 2807 2691 2693
f 2802 2807 2693
f 2797 2689 2805
f 2805 2689 2691
f 2698 2744 2799
f 2799 2744 2797
f 2696 2800 2790
f 2696 2698 2800
f 2694 2795 2703
f 2694 2790 2795
f 2792 2785 2701
f 2703 2792 2701
f 2788 2709 2743
f 2785 2788 2743
f 2778 2707 2786
f 2786 2707 2709
f 2713 2705 2780
f 2780 2705 2778
f 2711 2783 2772
f 2711 2713 2783
f 2714 2777 2717
f 2714 2772 2777
f 2775 2767 2719
f 2717 2775 2719
f 2771 2723 2721
f 2767 2771 2721
f 2761 2725 2769
f 2769 2725 2723
f 2728 2727 2763
f 2763 2727 2761
f 2730 2765 2755
f 2730 2728 2765
f 2732 2757 2735
f 2732 2755 2757
f 2759 2749 2736
f 2735 2759 2736
f 2753 2740 2738
f 2749 2753 2738
f 2750 2564 2740
f 2891 3006 3004
f 2813 2808 3008
f 3010 3012 2869
f 3013 94 97
f 2834 2832 186
f 205 2845 2854
f 79 2820 2829
f 2831 2826 190
f 2825 182 2823
f 2823 182 91
f 2815 93 2816
f 2815 91 93
f 3015 94 3013
f 3015 2816 94
f 2806 422 428
f 2829 2831 81
f 79 85 2820
f 189 2837 194
f 70 190 2826
f 141 137 2840
f 137 186 2832
f 2847 2849 47
f 199 2838 50
f 2854 203 37
f 205 44 2845
f 2858 23 30
f 2852 2850 211
f 215 2864 12
f 25 2860 2856
f 3018 3020 2876
f 2876 3022 3018
f 2870 18 2872
f 2876 3020 3024
f 3024 3026 2876
f 14 2872 18
f 2876 3029 3028
f 18 2870 16
f 2870 2869 16
f 3026 3029 2876
f 16 2869 3032
f 2876 3028 3010
f 3012 3033 2869
f 2876 3010 2869
f 3032 26 16
f 3032 2869 3033
f 14 8 2862
f 2862 2872 14
f 12 2864 2867
f 2878 3022 2876
f 3036 3022 2878
f 10 2867 2862
f 2862 8 10
f 3037 3041 3038
f 2867 10 12
f 2878 2874 3044
f 2878 3044 3036
f 2882 3046 2874
f 3046 3047 2874
f 3050 3051 2886
f 2891 2888 3006
f 3050 2895 3054
f 3055 3058 2901
f 3058 2892 2901
f 3051 2888 2886
f 2895 2897 3060
f 2891 3004 2881
f 2881 3004 3061
f 3063 2884 3061
f 2884 3063 2882
f 3066 3041 3037
f 3066 2882 3041
f 2886 2895 3050
f 3051 3006 2888
f 3067 2892 3058
f 3060 3054 2895
f 3070 3055 2902
f 2902 3055 2901
f 2899 3071 3070
f 3070 2902 2899
f 2908 3073 3071
f 2899 2908 3071
f 3073 2907 3076
f 2907 3073 2908
f 2907 2904 3077
f 3077 3076 2907
f 3060 2897 3067
f 2892 3067 2897
f 2884 2881 3061
f 3046 2882 3066
f 3041 2882 3063
f 3079 3081 2874
f 2874 3047 3079
f 2874 3086 3083
f 3081 3086 2874
f 3044 2874 3088
f 2874 3083 3088
f 215 25 2856
f 215 2856 2864
f 23 2858 2860
f 23 2860 25
f 211 2850 30
f 2850 2858 30
f 2854 2852 203
f 2852 211 203
f 2845 44 2849
f 37 205 2854
f 50 2847 47
f 47 2849 44
f 2842 2838 199
f 2838 2847 50
f 141 2840 2842
f 2842 199 141
f 194 2834 186
f 2832 2840 137
f 189 70 2837
f 2834 194 2837
f 2831 190 81
f 70 2826 2837
f 2825 2820 85
f 2829 81 79
f 2823 91 2815
f 85 182 2825
f 3015 3090 2816
f 94 2816 93
f 2818 3090 3092
f 3090 2818 2816
f 3093 2818 3096
f 2818 3092 3096
f 3098 3100 2818
f 3098 2818 3093
f 2818 3103 3102
f 3100 3103 2818
f 3102 3106 2808
f 2808 2818 3102
f 3106 3008 2808
f 426 2804 428
f 420 3108 432
f 413 521 2798
f 2804 417 2796
f 2793 2794 433
f 2791 2801 419
f 512 2789 395
f 516 510 2784
f 2781 358 2782
f 2787 435 2779
f 2774 2776 446
f 445 2773 505
f 459 2768 2770
f 493 501 2766
f 463 2762 2760
f 2768 496 2760
f 478 476 2758
f 470 2754 2764
f 3109 3111 2752
f 2748 3115 3113
f 2999 727 728
f 3118 3002 3119
f 2992 2994 723
f 734 2994 2996
f 724 675 2986
f 719 827 2991
f 2981 823 816
f 2983 2984 740
f 667 2975 742
f 818 2979 701
f 667 663 2973
f 750 752 2967
f 663 812 2971
f 2961 807 801
f 2963 2965 799
f 767 2954 769
f 803 2957 2958
f 783 2946 785
f 2951 2952 777
f 2944 3123 3121
f 786 790 3126
f 3128 3129 2943
f 3131 2943 3133
f 3135 3138 2943
f 2935 3142 3140
f 3144 2935 2941
f 3147 3151 3149
f 2938 3149 3151
f 2937 3151 3153
f 3151 2937 2938
f 3153 3155 2929
f 2929 2937 3153
f 2933 2929 3157
f 3155 3157 2929
f 2933 3159 2931
f 3159 2933 3157
f 3160 2923 2931
f 2931 3159 3160
f 2925 2923 3163
f 3160 3163 2923
f 2925 3165 2926
f 3165 2925 3163
f 3167 2916 2926
f 2926 3165 3167
f 2916 3171 3169
f 3167 3171 2916
f 3169 3172 2921
f 2921 2916 3169
f 3175 2919 3172
f 2921 3172 2919
f 2911 3175 3176
f 3175 2911 2919
f 3176 3178 2915
f 2915 2911 3176
f 3181 2913 3178
f 2915 3178 2913
f 2904 3181 3077
f 3181 2904 2913
f 2949 795 785
f 783 786 2944
f 767 777 2952
f 2951 777 795
f 769 2954 2957
f 767 2952 2954
f 803 2958 765
f 769 2957 803
f 801 765 2961
f 2958 2961 765
f 2963 799 807
f 2961 2963 807
f 2967 752 2965
f 2965 752 799
f 812 750 2969
f 2969 750 2967
f 2969 2971 812
f 663 2971 2973
f 3182 2938 3185
f 2938 3182 3186
f 2938 3186 3149
f 3140 3185 2935
f 2938 2935 3185
f 3142 2935 3188
f 2935 3193 3190
f 3188 2935 3190
f 2935 3144 3195
f 3193 2935 3195
f 3144 2941 3197
f 2941 2943 3138
f 3138 3197 2941
f 2943 3199 3128
f 3129 3135 2943
f 3133 2943 3121
f 2943 3131 3199
f 3126 3123 786
f 2943 2944 3121
f 3123 2944 786
f 2946 783 2944
f 2949 785 2946
f 2951 795 2949
f 2977 742 2975
f 667 2973 2975
f 2979 818 2977
f 742 2977 818
f 2979 2981 816
f 701 2979 816
f 2983 740 823
f 2981 2983 823
f 2986 675 2984
f 2984 675 740
f 827 724 2988
f 2988 724 2986
f 719 2991 2992
f 827 2988 2991
f 723 2994 732
f 719 2992 723
f 734 2996 728
f 732 2994 734
f 2999 3001 727
f 2996 2999 728
f 3200 727 3001
f 727 3200 737
f 3002 2751 3202
f 2752 3206 3204
f 2752 3211 3208
f 2748 476 480
f 3212 480 484
f 488 2754 470
f 488 478 2756
f 2762 461 2764
f 2764 461 470
f 461 2762 463
f 496 463 2760
f 3214 3001 3216
f 3001 3214 3219
f 3001 3219 3200
f 3118 3216 3002
f 3001 3002 3216
f 3119 3002 3221
f 3002 3224 3222
f 3221 3002 3222
f 3002 3202 3226
f 3224 3002 3226
f 3202 2751 3228
f 2751 2752 3111
f 3111 3228 2751
f 2752 3231 3211
f 3208 3109 2752
f 3206 2752 3113
f 2752 3204 3231
f 3212 3115 480
f 2752 2748 3113
f 3115 2748 480
f 2758 476 2748
f 2756 478 2758
f 2754 488 2756
f 2770 494 459
f 459 496 2768
f 2770 2766 501
f 501 494 2770
f 493 2774 446
f 493 2766 2774
f 2776 2773 445
f 446 2776 445
f 2782 358 505
f 2773 2782 505
f 2779 361 2781
f 2781 361 358
f 512 435 2787
f 435 361 2779
f 510 395 2789
f 512 2787 2789
f 516 2784 2793
f 510 2789 2784
f 433 2794 370
f 516 2793 433
f 419 370 2791
f 2794 2791 370
f 2798 521 2801
f 2801 521 419
f 417 413 2796
f 2796 413 2798
f 2804 2806 428
f 426 417 2804
f 422 2803 420
f 2806 2803 422
f 3108 420 2811
f 420 2803 2811
f 3233 2811 3234
f 2811 3233 3236
f 2811 3236 3108
f 3239 3234 2813
f 2811 2813 3234
f 3241 3243 2813
f 2813 3243 3239
f 3244 3247 2813
f 2813 3247 3241
f 3008 3249 2813
f 2813 3249 3244
f 3250 3254 3252
f 3255 3260 3257
f 3260 3255 3262
f 3265 3268 3266
f 3266 3268 3257
f 3257 3260 3266
f 3266 3269 3265
f 3272 3269 3266
f 3273 3272 3275
f 3276 3266 3277
f 3280 3275 3254
f 3282 3284 3252
f 3252 3284 3250
f 3286 3289 3287
f 3272 3266 3275
f 3287 3291 3286
f 3276 3294 3292
f 3295 3297 3296
f 3254 3275 3252
f 3298 3299 3078
f 3300 3302 3301
f 3304 3307 3305
f 3308 3309 3298
f 3296 3311 3310
f 3310 3312 3296
f 3287 3313 3291
f 3305 3316 3315
f 3317 3320 3316
f 3307 3321 3313
f 3323 3325 3324
f 3316 3305 3307
f 3326 3329 3328
f 3317 3316 3330
f 3329 3316 3332
f 3309 3333 3299
f 3328 3335 3326
f 3336 3329 3338
f 3341 3326 3343
f 3326 3341 3329
f 3345 3343 3326
f 3347 3349 3348
f 3302 3333 3350
f 3161 3158 3351
f 3349 3166 3164
f 3150 3352 3152
f 3156 3154 3351
f 3156 3351 3158
f 3154 3152 3351
f 3352 3150 3146
f 3347 3170 3349
f 3349 3161 3351
f 3347 3298 3174
f 3349 3170 3166
f 3308 3354 3309
f 3355 3310 3301
f 3311 3297 3356
f 3312 3357 3296
f 3301 3359 3358
f 3072 3074 3299
f 3299 3360 3069
f 3361 3252 3287
f 3313 3321 3364
f 3321 3307 3365
f 3068 3057 3360
f 3294 3368 3292
f 3368 3356 3292
f 3369 3059 3360
f 3068 3360 3059
f 3052 3049 3369
f 3297 3370 3292
f 3371 3374 3372
f 3374 3371 3356
f 3369 3376 3007
f 3007 3052 3369
f 3371 3372 3377
f 3372 3378 3377
f 3376 3064 3062
f 3359 3377 3358
f 3042 3064 3378
f 3376 3378 3064
f 3039 3042 3378
f 3277 3266 3260
f 3280 3273 3275
f 3361 3287 3380
f 3277 3294 3276
f 3275 3276 3370
f 3371 3377 3359
f 3377 3376 3358
f 3368 3374 3356
f 3356 3297 3292
f 3376 3369 3358
f 3311 3371 3359
f 3376 3005 3007
f 3062 3005 3376
f 3378 3376 3377
f 3275 3266 3276
f 3252 3361 3282
f 3382 3291 3313
f 3276 3292 3370
f 3252 3370 3295
f 3299 3333 3360
f 3358 3369 3300
f 3356 3371 3311
f 3311 3296 3297
f 3369 3360 3300
f 3310 3359 3301
f 3369 3053 3059
f 3301 3358 3300
f 3053 3369 3049
f 3252 3275 3370
f 3289 3380 3287
f 3385 3307 3304
f 3370 3297 3295
f 3295 3357 3287
f 3347 3174 3173
f 3300 3360 3333
f 3311 3359 3310
f 3355 3312 3310
f 3069 3072 3299
f 3355 3301 3302
f 3360 3056 3069
f 3302 3300 3333
f 3056 3360 3057
f 3295 3287 3252
f 3364 3382 3313
f 3312 3355 3386
f 3295 3296 3357
f 3387 3313 3357
f 3355 3302 3388
f 3386 3387 3312
f 3174 3298 3177
f 3388 3386 3355
f 3078 3180 3298
f 3388 3302 3350
f 3299 3075 3078
f 3333 3309 3350
f 3075 3299 3074
f 3313 3287 3357
f 3385 3365 3307
f 3386 3388 3323
f 3357 3312 3387
f 3307 3387 3389
f 3388 3350 3325
f 3389 3386 3323
f 3309 3354 3350
f 3388 3325 3323
f 3298 3347 3308
f 3325 3350 3354
f 3298 3179 3177
f 3180 3179 3298
f 3299 3298 3309
f 3307 3313 3387
f 3320 3315 3316
f 3390 3325 3354
f 3387 3386 3389
f 3316 3389 3332
f 3391 3354 3308
f 3332 3323 3324
f 3349 3351 3392
f 3324 3325 3390
f 3348 3308 3347
f 3390 3354 3391
f 3347 3168 3170
f 3348 3391 3308
f 3168 3347 3173
f 3316 3307 3389
f 3329 3336 3330
f 3328 3324 3393
f 3389 3323 3332
f 3324 3328 3332
f 3393 3390 3394
f 3390 3393 3324
f 3394 3391 3395
f 3391 3394 3390
f 3395 3348 3392
f 3391 3348 3395
f 3349 3162 3161
f 3349 3392 3348
f 3162 3349 3164
f 3329 3330 3316
f 3341 3338 3329
f 3335 3393 3396
f 3332 3328 3329
f 3335 3328 3393
f 3396 3394 3398
f 3396 3393 3394
f 3398 3395 3400
f 3398 3394 3395
f 3400 3392 3403
f 3400 3395 3392
f 3403 3351 3352
f 3403 3392 3351
f 3352 3351 3152
f 1484 3258 3267
f 1495 3405 3261
f 3405 1495 1502
f 1302 3267 3264
f 1485 1495 3256
f 1471 3271 1078
f 1473 3264 3270
f 1287 1313 3253
f 3279 1072 3274
f 3281 1068 1459
f 3251 3283 1291
f 3381 3288 1267
f 1068 3362 1065
f 926 921 3290
f 3285 1260 3288
f 3322 1246 1247
f 3383 3363 1453
f 3384 3303 1113
f 1238 3366 3384
f 1244 3314 1235
f 1244 1111 3306
f 3319 1228 1235
f 1235 3314 3319
f 3318 1107 1219
f 1228 3318 1219
f 1106 1107 3331
f 3318 3331 1107
f 1106 3337 1120
f 3337 1106 3331
f 3339 1208 1120
f 1120 3337 3339
f 1206 1208 3340
f 3339 3340 1208
f 1206 3342 1128
f 3342 1206 3340
f 3407 1128 3344
f 1128 3342 3344
f 3319 3318 1228
f 3407 1126 1128
f 3303 3306 1111
f 3306 3314 1244
f 3384 1113 1238
f 3303 1111 1113
f 3366 1238 1246
f 3322 1247 3363
f 3366 1246 3322
f 1453 926 3383
f 1247 1453 3363
f 921 3285 3290
f 926 3290 3383
f 1269 3288 1260
f 1260 3285 921
f 3381 1267 1065
f 3288 1269 1267
f 3362 1068 3281
f 3381 1065 3362
f 3281 1459 3283
f 1291 1287 3251
f 1459 1291 3283
f 1313 3279 3253
f 1287 3253 3251
f 1078 3274 1072
f 1072 3279 1313
f 3270 3271 1471
f 3271 3274 1078
f 3264 1473 1302
f 3270 1471 1473
f 3267 1302 1478
f 1484 1485 3258
f 1478 1484 3267
f 1495 3261 3256
f 1485 3256 3258
f 3408 3413 1030
f 1030 3416 1425
f 3418 3423 3421
f 3423 3425 3421
f 3427 3421 3428
f 3427 3418 3421
f 3421 3433 3430
f 3428 3421 3430
f 3421 3413 3433
f 1030 3413 3416
f 3421 3416 3413
f 1332 3441 3435
f 3444 3447 3445
f 3444 3451 3450
f 1309 1354 3454
f 3456 3451 3444
f 3456 3444 3445
f 3458 3444 3460
f 3450 3460 3444
f 3462 3454 3444
f 3444 3458 3462
f 3462 1309 3454
f 3462 3465 1309
f 3469 1333 3436
f 3470 1383 3473
f 3475 1047 1427
f 1325 3478 3477
f 1323 3480 1327
f 1049 1044 3483
f 3477 3483 1044
f 3484 1031 1049
f 1049 3483 3484
f 3409 1031 3484
f 1044 1325 3477
f 1327 3478 1325
f 1323 3470 3480
f 1327 3480 3478
f 1383 1047 3473
f 1323 1383 3470
f 3475 1427 3469
f 3473 1047 3475
f 1333 3469 1427
f 3487 1311 3466
f 3489 1316 3491
f 3492 1054 1056
f 1035 3496 3495
f 1314 3499 1429
f 1336 1033 3501
f 3495 3501 1033
f 3502 1334 1336
f 1336 3501 3502
f 3439 1334 3502
f 1033 1035 3495
f 1429 3496 1035
f 1314 3489 3499
f 1429 3499 3496
f 1316 1054 3491
f 1314 1316 3489
f 3492 1056 3487
f 3491 1054 3492
f 1311 3487 1056
f 3504 3506 3505
f 3507 3510 3508
f 3263 3404 3512
f 3513 3516 3515
f 1504 3506 3504
f 3510 3517 3508
f 3518 3521 3519
f 1346 1348 3522
f 3523 3524 3507
f 3415 1348 1426
f 3415 3522 1348
f 3415 3419 3522
f 3523 3522 3524
f 3507 3508 3523
f 3518 3519 3517
f 3518 3517 3510
f 3515 3516 3521
f 3516 3519 3521
f 3506 3513 3526
f 3513 3515 3526
f 3404 1501 3504
f 3504 3505 3512
f 3522 3523 1346
f 3522 3419 3524
f 1346 3523 1494
f 3523 3508 1494
f 1494 3508 1492
f 3508 3517 1492
f 1492 3517 1499
f 3517 3519 1499
f 1499 3519 1497
f 3519 3516 1497
f 1497 3516 1036
f 3516 3513 1036
f 1036 3513 1040
f 3526 3505 3506
f 3513 3506 1040
f 1504 1040 3506
f 1501 1504 3504
f 3404 3504 3512
f 3528 3531 3530
f 3532 3534 3533
f 3535 3533 3537
f 3530 3537 3533
f 3535 3539 3538
f 3539 3535 3537
f 3541 3545 3544
f 3538 3544 3545
f 3040 3379 3541
f 3546 3548 3547
f 3549 3552 3551
f 3553 3556 3554
f 3554 3552 3553
f 3412 3556 3557
f 3432 3557 3558
f 3431 3432 3558
f 3548 3426 3559
f 3432 3412 3557
f 3560 3562 3561
f 3563 3559 3429
f 3424 3564 3525
f 3565 3564 3546
f 3525 3564 3507
f 3562 3552 3566
f 3551 3531 3549
f 3424 3525 3420
f 3528 3534 3567
f 3566 3552 3549
f 3531 3528 3549
f 3568 3570 3569
f 3259 3571 3278
f 3569 3573 3572
f 3259 3263 3574
f 3572 3571 3575
f 3557 3556 3553
f 3576 3577 3547
f 3431 3558 3563
f 3552 3554 3551
f 3553 3578 3557
f 3549 3567 3566
f 3562 3553 3552
f 3534 3570 3579
f 3580 3532 3535
f 3528 3530 3533
f 3549 3528 3567
f 3545 3581 3538
f 3533 3534 3528
f 3535 3532 3533
f 3373 3545 3379
f 3539 3544 3538
f 3580 3538 3581
f 3379 3545 3541
f 3558 3557 3578
f 3429 3431 3563
f 3582 3561 3566
f 3578 3553 3562
f 3578 3583 3558
f 3579 3582 3567
f 3560 3578 3562
f 3584 3586 3585
f 3566 3561 3562
f 3587 3570 3532
f 3567 3582 3566
f 3581 3588 3580
f 3534 3579 3567
f 3532 3570 3534
f 3581 3545 3373
f 3535 3538 3580
f 3580 3588 3587
f 3375 3581 3373
f 3563 3558 3583
f 3426 3429 3559
f 3560 3590 3589
f 3583 3578 3560
f 3563 3583 3591
f 3561 3592 3590
f 3583 3560 3589
f 3582 3593 3592
f 3560 3561 3590
f 3579 3568 3593
f 3592 3561 3582
f 3573 3587 3588
f 3593 3582 3579
f 3568 3579 3570
f 3588 3581 3375
f 3532 3580 3587
f 3587 3573 3569
f 3367 3588 3375
f 3559 3563 3591
f 3417 3426 3548
f 3589 3595 3594
f 3591 3583 3589
f 3559 3591 3596
f 3590 3597 3595
f 3591 3589 3594
f 3592 3598 3597
f 3589 3590 3595
f 3593 3585 3598
f 3590 3592 3597
f 3568 3575 3585
f 3593 3598 3592
f 3568 3585 3593
f 3293 3573 3367
f 3570 3587 3569
f 3569 3572 3575
f 3367 3573 3588
f 3548 3559 3596
f 3422 3417 3546
f 3576 3596 3594
f 3596 3591 3594
f 3596 3576 3547
f 3599 3594 3595
f 3594 3599 3576
f 3600 3595 3597
f 3595 3600 3599
f 3601 3597 3598
f 3597 3601 3600
f 3586 3598 3585
f 3598 3586 3601
f 3575 3584 3585
f 3572 3293 3278
f 3568 3569 3575
f 3575 3571 3584
f 3293 3572 3573
f 3417 3548 3546
f 3564 3424 3422
f 3599 3602 3576
f 3548 3596 3547
f 3547 3577 3565
f 3600 3603 3599
f 3576 3602 3577
f 3601 3604 3600
f 3599 3603 3602
f 3586 3605 3601
f 3600 3604 3603
f 3584 3606 3586
f 3601 3605 3604
f 3571 3574 3584
f 3586 3606 3605
f 3571 3259 3574
f 3606 3584 3574
f 3278 3571 3572
f 3422 3546 3564
f 3546 3547 3565
f 3507 3565 3509
f 3564 3565 3507
f 3509 3577 3518
f 3565 3577 3509
f 3518 3602 3520
f 3577 3602 3518
f 3520 3603 3514
f 3602 3603 3520
f 3514 3604 3527
f 3603 3604 3514
f 3527 3605 3505
f 3604 3605 3527
f 3505 3606 3511
f 3605 3606 3505
f 3263 3511 3574
f 3606 3574 3511
f 3040 3607 3037
f 3543 3609 3542
f 3529 3610 3536
f 3540 3614 3612
f 3550 3554 3615
f 3616 3531 3617
f 3555 3620 3554
f 3615 3554 3620
f 3410 3555 3414
f 3555 3410 3620
f 3615 3617 3550
f 3529 3531 3616
f 3531 3550 3617
f 3529 3616 3610
f 3536 3614 3540
f 3536 3610 3614
f 3612 3609 3543
f 3540 3612 3543
f 3040 3542 3607
f 3609 3607 3542
f 3621 3623 3622
f 3624 3626 3625
f 3627 3630 3628
f 3628 3631 3627
f 3632 3633 3630
f 3634 3633 3632
f 3634 3637 3635
f 3637 3634 3632
f 3638 3639 3635
f 3641 3639 3638
f 3035 3043 3641
f 3643 3646 3644
f 3647 3648 3631
f 3481 3471 3650
f 3646 3647 3644
f 3468 3652 3651
f 3653 3654 3479
f 3648 3627 3631
f 3468 3651 3474
f 3468 3437 3652
f 3655 3657 3656
f 3647 3631 3622
f 3658 3660 3659
f 3661 3663 3662
f 3619 3664 3615
f 3650 3653 3481
f 3665 3658 3666
f 3665 3654 3658
f 3667 3668 3622
f 3485 3619 3411
f 3669 3626 3670
f 3621 3631 3628
f 3671 3623 3669
f 3672 3673 3045
f 3674 3676 3675
f 3048 3673 3677
f 3065 3037 3678
f 3679 3681 3680
f 3643 3644 3652
f 3652 3437 3643
f 3682 3474 3651
f 3647 3646 3648
f 3644 3683 3652
f 3633 3684 3625
f 3668 3683 3644
f 3622 3668 3647
f 3684 3634 3685
f 3628 3630 3633
f 3621 3622 3631
f 3686 3639 3087
f 3625 3628 3633
f 3634 3684 3633
f 3639 3043 3087
f 3637 3638 3635
f 3685 3635 3686
f 3043 3639 3641
f 3651 3652 3683
f 3472 3474 3682
f 3472 3682 3687
f 3668 3644 3647
f 3683 3688 3651
f 3667 3662 3663
f 3663 3688 3683
f 3663 3668 3667
f 3624 3684 3689
f 3621 3628 3625
f 3622 3623 3667
f 3686 3690 3685
f 3626 3621 3625
f 3684 3624 3625
f 3686 3087 3084
f 3634 3635 3685
f 3685 3690 3689
f 3635 3639 3686
f 3682 3651 3688
f 3471 3472 3687
f 3687 3650 3471
f 3663 3683 3668
f 3653 3479 3481
f 3667 3671 3662
f 3661 3688 3663
f 3669 3675 3691
f 3670 3624 3692
f 3623 3621 3626
f 3667 3623 3671
f 3693 3690 3085
f 3626 3669 3623
f 3670 3626 3624
f 3690 3686 3084
f 3684 3685 3689
f 3689 3693 3692
f 3085 3690 3084
f 3682 3688 3694
f 3694 3687 3682
f 3657 3661 3695
f 3694 3688 3661
f 3476 3479 3654
f 3695 3662 3696
f 3657 3694 3661
f 3696 3671 3691
f 3662 3695 3661
f 3697 3675 3670
f 3671 3696 3662
f 3692 3693 3698
f 3669 3691 3671
f 3675 3669 3670
f 3693 3085 3082
f 3624 3689 3692
f 3698 3697 3692
f 3689 3690 3693
f 3687 3699 3650
f 3687 3694 3699
f 3700 3656 3695
f 3699 3694 3657
f 3701 3650 3699
f 3702 3700 3696
f 3655 3699 3657
f 3676 3702 3691
f 3656 3657 3695
f 3703 3681 3679
f 3700 3695 3696
f 3698 3080 3677
f 3696 3691 3702
f 3675 3676 3691
f 3698 3082 3080
f 3670 3692 3697
f 3697 3677 3674
f 3082 3698 3693
f 3701 3653 3650
f 3476 3665 3482
f 3655 3705 3704
f 3701 3699 3655
f 3653 3701 3706
f 3656 3707 3705
f 3701 3655 3704
f 3700 3708 3707
f 3655 3656 3705
f 3702 3681 3708
f 3656 3700 3707
f 3676 3680 3681
f 3702 3708 3700
f 3676 3681 3702
f 3080 3048 3677
f 3675 3697 3674
f 3674 3673 3680
f 3697 3698 3677
f 3653 3706 3654
f 3665 3666 3664
f 3660 3706 3704
f 3706 3701 3704
f 3706 3660 3658
f 3709 3704 3705
f 3704 3709 3660
f 3710 3705 3707
f 3705 3710 3709
f 3711 3707 3708
f 3707 3711 3710
f 3703 3708 3681
f 3708 3703 3711
f 3065 3678 3672
f 3673 3048 3045
f 3676 3674 3680
f 3672 3679 3680
f 3674 3677 3673
f 3476 3654 3665
f 3664 3485 3482
f 3709 3712 3660
f 3654 3706 3658
f 3658 3659 3666
f 3710 3713 3709
f 3660 3712 3659
f 3711 3714 3710
f 3709 3713 3712
f 3703 3715 3711
f 3710 3714 3713
f 3679 3716 3703
f 3711 3715 3714
f 3672 3678 3679
f 3715 3703 3716
f 3045 3065 3672
f 3679 3678 3716
f 3680 3673 3672
f 3482 3665 3664
f 3485 3664 3619
f 3615 3666 3618
f 3664 3666 3615
f 3618 3659 3616
f 3666 3659 3618
f 3616 3712 3611
f 3659 3712 3616
f 3611 3713 3614
f 3712 3713 3611
f 3614 3714 3613
f 3713 3714 3614
f 3613 3715 3609
f 3714 3715 3613
f 3609 3716 3608
f 3715 3716 3609
f 3037 3608 3678
f 3716 3678 3608
f 3035 3718 3021
f 3640 3718 3035
f 3638 3719 3640
f 3629 3721 3632
f 3636 3724 3722
f 3649 3645 3726
f 3727 3627 3728
f 3642 3731 3645
f 3726 3645 3731
f 3438 3642 3434
f 3642 3438 3731
f 3726 3728 3649
f 3629 3627 3727
f 3627 3649 3728
f 3632 3721 3724
f 3629 3727 3721
f 3632 3724 3636
f 3719 3638 3722
f 3636 3722 3638
f 3640 3719 3718
f 3732 3734 3733
f 3735 3737 3736
f 3736 3734 3735
f 3739 3742 3741
f 3737 3741 3742
f 3739 3745 3743
f 3745 3739 3741
f 3747 3749 3748
f 3743 3747 3748
f 3031 3034 3749
f 3751 3752 3732
f 3753 3754 3486
f 3755 3497 3498
f 3756 3494 3497
f 3732 3757 3734
f 3751 3760 3752
f 3761 3763 3762
f 3486 3754 3493
f 3486 3467 3753
f 3755 3498 3764
f 3765 3761 3762
f 3766 3768 3767
f 3769 3765 3770
f 3768 3766 3726
f 3767 3756 3771
f 3730 3768 3726
f 3763 3772 3733
f 3734 3757 3735
f 3736 3773 3734
f 3503 3730 3440
f 3017 3021 3774
f 3775 3777 3776
f 3778 3780 3779
f 3781 3783 3782
f 3779 3784 3777
f 3785 3786 3782
f 3787 3788 3781
f 3789 3790 3786
f 3760 3751 3753
f 3753 3467 3760
f 3791 3493 3754
f 3732 3752 3757
f 3753 3751 3792
f 3742 3793 3778
f 3792 3751 3772
f 3733 3772 3732
f 3794 3793 3739
f 3736 3737 3742
f 3734 3773 3733
f 3748 3795 3743
f 3742 3778 3736
f 3739 3793 3742
f 3748 3749 3034
f 3745 3747 3743
f 3743 3795 3794
f 3011 3748 3034
f 3754 3753 3792
f 3490 3493 3791
f 3791 3796 3490
f 3772 3751 3732
f 3754 3792 3797
f 3775 3733 3773
f 3792 3761 3797
f 3761 3772 3763
f 3798 3780 3793
f 3773 3736 3778
f 3733 3775 3763
f 3795 3799 3794
f 3778 3779 3773
f 3793 3780 3778
f 3795 3748 3011
f 3739 3743 3794
f 3794 3799 3798
f 3009 3795 3011
f 3791 3754 3797
f 3488 3490 3796
f 3488 3796 3764
f 3761 3792 3772
f 3800 3791 3797
f 3763 3776 3762
f 3765 3797 3761
f 3788 3801 3777
f 3802 3784 3780
f 3775 3773 3779
f 3763 3775 3776
f 3799 3803 3798
f 3779 3777 3775
f 3784 3779 3780
f 3799 3795 3009
f 3793 3794 3798
f 3798 3803 3802
f 3027 3799 3009
f 3796 3791 3800
f 3498 3488 3764
f 3804 3770 3762
f 3800 3797 3765
f 3800 3805 3796
f 3801 3804 3776
f 3769 3800 3765
f 3806 3790 3789
f 3762 3770 3765
f 3807 3788 3784
f 3776 3804 3762
f 3808 3802 3803
f 3777 3801 3776
f 3784 3788 3777
f 3803 3799 3027
f 3780 3798 3802
f 3802 3808 3807
f 3030 3803 3027
f 3764 3796 3805
f 3809 3810 3771
f 3769 3812 3811
f 3805 3800 3769
f 3764 3805 3813
f 3770 3814 3812
f 3805 3769 3811
f 3804 3815 3814
f 3769 3770 3812
f 3801 3787 3815
f 3814 3770 3804
f 3808 3783 3807
f 3815 3804 3801
f 3787 3801 3788
f 3808 3803 3030
f 3784 3802 3807
f 3807 3783 3781
f 3025 3808 3030
f 3755 3764 3813
f 3494 3767 3500
f 3811 3817 3816
f 3813 3805 3811
f 3755 3813 3818
f 3812 3819 3817
f 3813 3811 3816
f 3814 3820 3819
f 3811 3812 3817
f 3815 3790 3820
f 3812 3814 3819
f 3787 3786 3790
f 3815 3820 3814
f 3787 3790 3815
f 3783 3808 3025
f 3788 3807 3781
f 3782 3786 3781
f 3023 3783 3025
f 3755 3818 3756
f 3756 3497 3755
f 3809 3818 3816
f 3818 3813 3816
f 3818 3809 3771
f 3821 3816 3817
f 3816 3821 3809
f 3822 3817 3819
f 3817 3822 3821
f 3823 3819 3820
f 3819 3823 3822
f 3806 3820 3790
f 3820 3806 3823
f 3774 3789 3785
f 3783 3023 3782
f 3787 3781 3786
f 3786 3785 3789
f 3019 3782 3023
f 3494 3756 3767
f 3500 3768 3503
f 3821 3824 3809
f 3756 3818 3771
f 3771 3810 3766
f 3821 3822 3825
f 3809 3824 3810
f 3823 3826 3822
f 3821 3825 3824
f 3806 3827 3823
f 3822 3826 3825
f 3789 3828 3806
f 3823 3827 3826
f 3774 3785 3017
f 3827 3806 3828
f 3017 3785 3019
f 3828 3789 3774
f 3019 3785 3782
f 3500 3767 3768
f 3503 3768 3730
f 3729 3726 3766
f 3767 3771 3766
f 3729 3810 3727
f 3766 3810 3729
f 3810 3824 3727
f 3720 3727 3824
f 3720 3825 3725
f 3824 3825 3720
f 3725 3826 3723
f 3825 3826 3725
f 3723 3827 3719
f 3826 3827 3723
f 3827 3828 3719
f 3717 3719 3828
f 3828 3774 3717
f 3021 3717 3774
f 27 3750 3830
f 3831 3833 3740
f 3744 3834 3746
f 3758 3837 3835
f 3738 3735 3838
f 3759 3840 3752
f 3837 3752 3840
f 3842 3759 3464
f 3759 3842 3840
f 3463 3842 3464
f 3752 3837 3758
f 3735 3835 3838
f 3758 3835 3735
f 3738 3831 3740
f 3838 3831 3738
f 3833 3834 3744
f 3833 3744 3740
f 3830 3746 3834
f 27 3031 3750
f 3830 3750 3746
f 3844 3846 3845
f 3845 3849 3848
f 3850 3851 3846
f 3852 3851 3850
f 3852 3854 3853
f 3854 3852 3850
f 3857 3860 3859
f 3853 3859 3860
f 176 162 3857
f 3862 3864 3863
f 3865 3844 3845
f 3863 3867 3862
f 3868 3870 3869
f 3869 3459 3449
f 3448 3872 3871
f 3446 3448 3871
f 3873 3868 3452
f 3448 3443 3872
f 3874 3873 3455
f 3875 3877 3876
f 3841 3878 3840
f 3879 3880 3864
f 3869 3870 3881
f 3870 3883 3882
f 3865 3885 3844
f 3457 3841 3461
f 3865 3879 3864
f 3885 3865 3864
f 3886 3888 3887
f 3849 3851 3889
f 21 3890 224
f 3891 3886 3892
f 21 27 3893
f 3891 3890 3894
f 3867 3863 3872
f 3872 3443 3867
f 3446 3871 3874
f 3864 3862 3885
f 3895 3872 3863
f 3865 3848 3879
f 3880 3863 3864
f 3887 3896 3849
f 3889 3852 3897
f 3845 3846 3851
f 3865 3845 3848
f 3898 3853 3860
f 3849 3845 3851
f 3852 3889 3851
f 164 3860 162
f 3854 3859 3853
f 3897 3853 3898
f 162 3860 3857
f 3871 3872 3895
f 3455 3446 3874
f 3877 3880 3899
f 3895 3863 3880
f 3895 3900 3871
f 3899 3879 3901
f 3877 3895 3880
f 3901 3848 3896
f 3879 3899 3880
f 3887 3889 3902
f 3848 3901 3879
f 3903 3897 3898
f 3849 3896 3848
f 3889 3887 3849
f 218 3898 164
f 3852 3853 3897
f 3902 3897 3903
f 164 3898 3860
f 3874 3871 3900
f 3452 3455 3873
f 3904 3876 3899
f 3900 3895 3877
f 3905 3874 3900
f 3906 3904 3901
f 3875 3900 3877
f 3888 3906 3896
f 3876 3877 3899
f 3907 3909 3908
f 3904 3899 3901
f 3892 3902 3903
f 3901 3896 3906
f 3888 3896 3887
f 220 3903 218
f 3889 3897 3902
f 3886 3902 3892
f 218 3903 3898
f 3873 3874 3905
f 3449 3452 3868
f 3875 3911 3910
f 3905 3900 3875
f 3873 3905 3912
f 3876 3913 3911
f 3905 3875 3910
f 3904 3914 3913
f 3875 3876 3911
f 3906 3909 3914
f 3876 3904 3913
f 3888 3894 3909
f 3906 3914 3904
f 3888 3909 3906
f 222 3892 220
f 3887 3902 3886
f 3886 3891 3894
f 220 3892 3903
f 3868 3873 3912
f 3869 3881 3878
f 3883 3912 3910
f 3912 3905 3910
f 3912 3883 3870
f 3915 3910 3911
f 3910 3915 3883
f 3916 3911 3913
f 3911 3916 3915
f 3917 3913 3914
f 3913 3917 3916
f 3907 3914 3909
f 3914 3907 3917
f 3894 3908 3909
f 3891 222 224
f 3888 3886 3894
f 3894 3890 3908
f 222 3891 3892
f 3449 3868 3869
f 3878 3457 3459
f 3915 3918 3883
f 3868 3912 3870
f 3870 3882 3881
f 3916 3919 3915
f 3883 3918 3882
f 3917 3920 3916
f 3915 3919 3918
f 3907 3921 3917
f 3916 3920 3919
f 3908 3922 3907
f 3917 3921 3920
f 3890 3893 3908
f 3907 3922 3921
f 3890 21 3893
f 3922 3908 3893
f 224 3890 3891
f 3459 3869 3878
f 3457 3878 3841
f 3840 3881 3836
f 3878 3881 3840
f 3836 3882 3835
f 3881 3882 3836
f 3835 3918 3839
f 3882 3918 3835
f 3839 3919 3831
f 3918 3919 3839
f 3831 3920 3832
f 3919 3920 3831
f 3832 3921 3834
f 3920 3921 3832
f 3834 3922 3829
f 3921 3922 3834
f 27 3829 3893
f 3922 3893 3829
f 3923 1018 304
f 3850 3925 3924
f 3855 3926 3858
f 3926 1018 3923
f 3927 3928 3884
f 3847 3843 3929
f 3866 3931 3930
f 3861 3930 3927
f 3931 3442 3453
f 3931 3866 3442
f 3861 3866 3930
f 3453 1352 1345
f 3928 3843 3884
f 3927 3884 3861
f 3929 3925 3847
f 3929 3843 3928
f 3856 302 176
f 3855 3850 3924
f 3850 3847 3925
f 3855 3924 3926
f 1018 3926 1016
f 3856 3858 3923
f 3856 3923 302
f 304 302 3923
f 1016 3924 1364
f 3858 3926 3923
f 1016 3926 3924
f 1364 3925 1355
f 1364 3924 3925
f 1355 3929 1357
f 1355 3925 3929
f 1357 3928 1351
f 1357 3929 3928
f 1351 3927 1023
f 1351 3928 3927
f 1023 3930 1028
f 1023 3927 3930
f 1028 3931 1345
f 1028 3930 3931
f 3453 1345 3931
f 3932 3936 1514
f 1514 3939 1196
f 3941 3946 3943
f 3946 3949 3943
f 3951 3943 3953
f 3951 3941 3943
f 3943 3957 3954
f 3953 3943 3954
f 3943 3936 3957
f 1514 3936 3939
f 3943 3939 3936
f 1442 3965 3961
f 3967 3971 3970
f 3967 3976 3973
f 955 1507 3977
f 3979 3976 3967
f 3979 3967 3970
f 3982 3967 3984
f 3973 3984 3967
f 3986 3977 3967
f 3967 3982 3986
f 3986 955 3977
f 3986 3991 955
f 1061 3996 3993
f 3999 4004 4001
f 4007 4009 4004
f 4004 4009 4001
f 4011 4004 4012
f 4011 4007 4004
f 4004 3993 4014
f 4012 4004 4014
f 4016 3993 4004
f 3993 4016 1061
f 1061 4016 1564
f 1283 4022 4020
f 4026 4031 4030
f 1294 1257 4034
f 4035 4037 4026
f 4040 4031 4026
f 4040 4026 4037
f 4042 4026 4044
f 4030 4044 4026
f 4047 4034 4026
f 4026 4042 4047
f 4047 1294 4034
f 4047 4050 1294
f 1374 4055 4054
f 4059 4065 4061
f 4066 4068 4065
f 4065 4068 4061
f 4070 4065 4072
f 4070 4066 4065
f 4065 4054 4074
f 4072 4065 4074
f 4077 4054 4065
f 4054 4077 1374
f 1374 4077 1641
f 1587 4085 4079
f 4086 4091 4090
f 977 1634 4094
f 4095 4097 4086
f 4099 4091 4086
f 4099 4086 4097
f 4102 4086 4103
f 4090 4103 4086
f 4105 4094 4086
f 4086 4102 4105
f 4105 977 4094
f 4105 4109 977
f 4113 1441 3958
f 4115 958 4116
f 4119 954 1199
f 1512 4122 4121
f 1431 4125 1434
f 1137 1138 4127
f 4121 4127 1138
f 4128 1513 1137
f 1137 4127 4128
f 3935 1513 4128
f 1138 1512 4121
f 1434 4122 1512
f 1431 4115 4125
f 1434 4125 4122
f 958 954 4116
f 1431 958 4115
f 4119 1199 4113
f 4116 954 4119
f 1441 4113 1199
f 4131 957 3990
f 4132 1509 4134
f 4136 1180 1183
f 1463 4140 4139
f 1467 4143 1465
f 1184 1437 4145
f 4139 4145 1437
f 4147 1440 1184
f 1184 4145 4147
f 3962 1440 4147
f 1437 1463 4139
f 1465 4140 1463
f 1467 4132 4143
f 1465 4143 4140
f 1509 1180 4134
f 1467 1509 4132
f 4136 1183 4131
f 4134 1180 4136
f 957 4131 1183
f 4149 1281 4021
f 4151 1567 4152
f 4154 1274 1276
f 1086 4158 4156
f 1090 4160 1088
f 1273 1278 4162
f 4156 4162 1278
f 4164 1062 1273
f 1273 4162 4164
f 3995 1062 4164
f 1278 1086 4156
f 1088 4158 1086
f 1090 4151 4160
f 1088 4160 4158
f 1567 1274 4152
f 1090 1567 4151
f 4154 1276 4149
f 4152 1274 4154
f 1281 4149 1276
f 4167 1295 4051
f 4169 1293 4170
f 4173 1064 1059
f 1081 4177 4175
f 1168 4179 1083
f 1569 1566 4181
f 4175 4181 1566
f 4182 1280 1569
f 1569 4181 4182
f 4025 1280 4182
f 1566 1081 4175
f 1083 4177 1081
f 1168 4169 4179
f 1083 4179 4177
f 1293 1064 4170
f 1168 1293 4169
f 4173 1059 4167
f 4170 1064 4173
f 1295 4167 1059
f 4184 1586 4080
f 4187 1001 4188
f 4191 1005 1007
f 980 4195 4193
f 986 4196 975
f 1000 997 4199
f 4193 4199 997
f 4200 1373 1000
f 1000 4199 4200
f 4058 1373 4200
f 997 980 4193
f 975 4195 980
f 986 4187 4196
f 975 4196 4195
f 1001 1005 4188
f 986 1001 4187
f 4191 1007 4184
f 4188 1005 4191
f 1586 4184 1007
f 4203 978 4111
f 4205 1602 4207
f 4209 1604 1584
f 1581 4212 4210
f 1580 4214 1578
f 1590 1605 4216
f 4210 4216 1605
f 4219 1585 1590
f 1590 4216 4219
f 4082 1585 4219
f 1605 1581 4210
f 1578 4212 1581
f 1580 4205 4214
f 1578 4214 4212
f 1602 1604 4207
f 1580 1602 4205
f 4209 1584 4203
f 4207 1604 4209
f 978 4203 1584
f 4220 4222 4221
f 4223 4225 4224
f 625 842 4228
f 4229 4232 4231
f 1557 4222 4220
f 4225 4233 4224
f 4234 4237 4235
f 1143 1144 4238
f 4239 4241 4223
f 3940 1144 1198
f 3940 4238 1144
f 3940 3944 4238
f 4239 4238 4241
f 4223 4224 4239
f 4234 4235 4233
f 4234 4233 4225
f 4231 4232 4237
f 4232 4235 4237
f 4222 4229 4243
f 4229 4231 4243
f 842 843 4220
f 4220 4221 4228
f 4238 4239 1143
f 4238 3944 4241
f 1143 4239 1551
f 4239 4224 1551
f 1551 4224 1548
f 4224 4233 1548
f 1548 4233 1554
f 4233 4235 1554
f 1554 4235 1553
f 4235 4232 1553
f 1553 4232 1149
f 4232 4229 1149
f 1149 4229 1146
f 4243 4221 4222
f 4229 4222 1146
f 1557 1146 4222
f 843 1557 4220
f 842 4220 4228
f 4244 4247 4245
f 4248 4250 4249
f 4251 4249 4252
f 4245 4252 4249
f 4251 4255 4254
f 4255 4251 4252
f 4257 4261 4260
f 4254 4260 4261
f 789 781 4257
f 4262 4264 4263
f 4265 4268 4266
f 4269 4271 4270
f 4270 4268 4269
f 3937 4271 4273
f 3956 4273 4274
f 3955 3956 4274
f 4264 3950 4275
f 3956 3937 4273
f 4276 4278 4277
f 4279 4275 3952
f 3948 4280 4240
f 4281 4280 4262
f 4240 4280 4223
f 4278 4268 4282
f 4266 4247 4265
f 3948 4240 3945
f 4244 4250 4283
f 4282 4268 4265
f 4247 4244 4265
f 4284 4286 4285
f 622 4287 641
f 4285 4289 4288
f 622 625 4290
f 4288 4287 4291
f 4273 4271 4269
f 4292 4293 4263
f 3955 4274 4279
f 4268 4270 4266
f 4269 4294 4273
f 4265 4283 4282
f 4278 4269 4268
f 4250 4286 4295
f 4296 4248 4251
f 4244 4245 4249
f 4265 4244 4283
f 4261 4297 4254
f 4249 4250 4244
f 4251 4248 4249
f 772 4261 781
f 4255 4260 4254
f 4296 4254 4297
f 781 4261 4257
f 4274 4273 4294
f 3952 3955 4279
f 4298 4277 4282
f 4294 4269 4278
f 4294 4299 4274
f 4295 4298 4283
f 4276 4294 4278
f 4300 4302 4301
f 4282 4277 4278
f 4303 4286 4248
f 4283 4298 4282
f 4297 4304 4296
f 4250 4295 4283
f 4248 4286 4250
f 4297 4261 772
f 4251 4254 4296
f 4296 4304 4303
f 774 4297 772
f 4279 4274 4299
f 3950 3952 4275
f 4276 4306 4305
f 4299 4294 4276
f 4279 4299 4307
f 4277 4308 4306
f 4299 4276 4305
f 4298 4309 4308
f 4276 4277 4306
f 4295 4284 4309
f 4308 4277 4298
f 4289 4303 4304
f 4309 4298 4295
f 4284 4295 4286
f 4304 4297 774
f 4248 4296 4303
f 4303 4289 4285
f 762 4304 774
f 4275 4279 4307
f 3942 3950 4264
f 4305 4311 4310
f 4307 4299 4305
f 4275 4307 4312
f 4306 4313 4311
f 4307 4305 4310
f 4308 4314 4313
f 4305 4306 4311
f 4309 4301 4314
f 4306 4308 4313
f 4284 4291 4301
f 4309 4314 4308
f 4284 4301 4309
f 658 4289 762
f 4286 4303 4285
f 4285 4288 4291
f 762 4289 4304
f 4264 4275 4312
f 3947 3942 4262
f 4292 4312 4310
f 4312 4307 4310
f 4312 4292 4263
f 4315 4310 4311
f 4310 4315 4292
f 4316 4311 4313
f 4311 4316 4315
f 4317 4313 4314
f 4313 4317 4316
f 4302 4314 4301
f 4314 4302 4317
f 4291 4300 4301
f 4288 658 641
f 4284 4285 4291
f 4291 4287 4300
f 658 4288 4289
f 3942 4264 4262
f 4280 3948 3947
f 4315 4318 4292
f 4264 4312 4263
f 4263 4293 4281
f 4316 4319 4315
f 4292 4318 4293
f 4317 4320 4316
f 4315 4319 4318
f 4302 4321 4317
f 4316 4320 4319
f 4300 4322 4302
f 4317 4321 4320
f 4287 4290 4300
f 4302 4322 4321
f 4287 622 4290
f 4322 4300 4290
f 641 4287 4288
f 3947 4262 4280
f 4262 4263 4281
f 4223 4281 4226
f 4280 4281 4223
f 4226 4293 4234
f 4281 4293 4226
f 4234 4318 4236
f 4293 4318 4234
f 4236 4319 4230
f 4318 4319 4236
f 4230 4320 4242
f 4319 4320 4230
f 4242 4321 4221
f 4320 4321 4242
f 4221 4322 4227
f 4321 4322 4221
f 625 4227 4290
f 4322 4290 4227
f 789 4323 3125
f 4259 4325 4258
f 4246 4326 4253
f 4256 4330 4329
f 4267 4270 4331
f 4332 4247 4333
f 4272 4335 4270
f 4331 4270 4335
f 3933 4272 3938
f 4272 3933 4335
f 4331 4333 4267
f 4246 4247 4332
f 4247 4267 4333
f 4246 4332 4326
f 4253 4330 4256
f 4253 4326 4330
f 4329 4325 4259
f 4256 4329 4259
f 789 4258 4323
f 4325 4323 4258
f 4337 4339 4338
f 4340 4342 4341
f 4343 4345 4344
f 4344 4347 4343
f 4348 4349 4345
f 4350 4349 4348
f 4350 4352 4351
f 4352 4350 4348
f 4354 4355 4351
f 4356 4355 4354
f 3196 3137 4356
f 4358 4361 4360
f 4363 4364 4347
f 4124 4114 4366
f 4361 4363 4360
f 4112 4368 4367
f 4369 4370 4123
f 4364 4343 4347
f 4112 4367 4118
f 4112 3959 4368
f 4371 4373 4372
f 4363 4347 4338
f 4374 4376 4375
f 4377 4379 4378
f 4336 4380 4331
f 4366 4369 4124
f 4381 4374 4382
f 4381 4370 4374
f 4383 4384 4338
f 4129 4336 3934
f 4385 4342 4386
f 4337 4347 4344
f 4387 4339 4385
f 4388 4389 3122
f 4390 4392 4391
f 3134 4389 4393
f 3124 3125 4394
f 4395 4397 4396
f 4358 4360 4368
f 4368 3959 4358
f 4398 4118 4367
f 4363 4361 4364
f 4360 4399 4368
f 4349 4400 4341
f 4384 4399 4360
f 4338 4384 4363
f 4400 4350 4401
f 4344 4345 4349
f 4337 4338 4347
f 4402 4355 3136
f 4341 4344 4349
f 4350 4400 4349
f 4355 3137 3136
f 4352 4354 4351
f 4401 4351 4402
f 3137 4355 4356
f 4367 4368 4399
f 4117 4118 4398
f 4117 4398 4403
f 4384 4360 4363
f 4399 4404 4367
f 4383 4378 4379
f 4379 4404 4399
f 4379 4384 4383
f 4340 4400 4405
f 4337 4344 4341
f 4338 4339 4383
f 4402 4406 4401
f 4342 4337 4341
f 4400 4340 4341
f 4402 3136 3130
f 4350 4351 4401
f 4401 4406 4405
f 4351 4355 4402
f 4398 4367 4404
f 4114 4117 4403
f 4403 4366 4114
f 4379 4399 4384
f 4369 4123 4124
f 4383 4387 4378
f 4377 4404 4379
f 4385 4391 4407
f 4386 4340 4408
f 4339 4337 4342
f 4383 4339 4387
f 4409 4406 3127
f 4342 4385 4339
f 4386 4342 4340
f 4406 4402 3130
f 4400 4401 4405
f 4405 4409 4408
f 3127 4406 3130
f 4398 4404 4410
f 4410 4403 4398
f 4373 4377 4411
f 4410 4404 4377
f 4120 4123 4370
f 4411 4378 4412
f 4373 4410 4377
f 4412 4387 4407
f 4378 4411 4377
f 4413 4391 4386
f 4387 4412 4378
f 4408 4409 4414
f 4385 4407 4387
f 4391 4385 4386
f 4409 3127 3198
f 4340 4405 4408
f 4414 4413 4408
f 4405 4406 4409
f 4403 4415 4366
f 4403 4410 4415
f 4416 4372 4411
f 4415 4410 4373
f 4417 4366 4415
f 4418 4416 4412
f 4371 4415 4373
f 4392 4418 4407
f 4372 4373 4411
f 4419 4397 4395
f 4416 4411 4412
f 4414 3132 4393
f 4412 4407 4418
f 4391 4392 4407
f 4414 3198 3132
f 4386 4408 4413
f 4413 4393 4390
f 3198 4414 4409
f 4417 4369 4366
f 4120 4381 4126
f 4371 4421 4420
f 4417 4415 4371
f 4369 4417 4422
f 4372 4423 4421
f 4417 4371 4420
f 4416 4424 4423
f 4371 4372 4421
f 4418 4397 4424
f 4372 4416 4423
f 4392 4396 4397
f 4418 4424 4416
f 4392 4397 4418
f 3132 3134 4393
f 4391 4413 4390
f 4390 4389 4396
f 4413 4414 4393
f 4369 4422 4370
f 4381 4382 4380
f 4376 4422 4420
f 4422 4417 4420
f 4422 4376 4374
f 4425 4420 4421
f 4420 4425 4376
f 4426 4421 4423
f 4421 4426 4425
f 4427 4423 4424
f 4423 4427 4426
f 4419 4424 4397
f 4424 4419 4427
f 3124 4394 4388
f 4389 3134 3122
f 4392 4390 4396
f 4388 4395 4396
f 4390 4393 4389
f 4120 4370 4381
f 4380 4129 4126
f 4425 4428 4376
f 4370 4422 4374
f 4374 4375 4382
f 4426 4429 4425
f 4376 4428 4375
f 4427 4430 4426
f 4425 4429 4428
f 4419 4431 4427
f 4426 4430 4429
f 4395 4432 4419
f 4427 4431 4430
f 4388 4394 4395
f 4431 4419 4432
f 3122 3124 4388
f 4395 4394 4432
f 4396 4389 4388
f 4126 4381 4380
f 4129 4380 4336
f 4331 4382 4334
f 4380 4382 4331
f 4334 4375 4332
f 4382 4375 4334
f 4332 4428 4327
f 4375 4428 4332
f 4327 4429 4330
f 4428 4429 4327
f 4330 4430 4328
f 4429 4430 4330
f 4328 4431 4325
f 4430 4431 4328
f 4325 4432 4324
f 4431 4432 4325
f 3125 4324 4394
f 4432 4394 4324
f 3196 4434 3143
f 4357 4434 3196
f 4354 4435 4357
f 4346 4437 4348
f 4353 4440 4439
f 4365 4362 4442
f 4443 4343 4444
f 4359 4447 4362
f 4442 4362 4447
f 3964 4359 3960
f 4359 3964 4447
f 4442 4444 4365
f 4346 4343 4443
f 4343 4365 4444
f 4348 4437 4440
f 4346 4443 4437
f 4348 4440 4353
f 4435 4354 4439
f 4353 4439 4354
f 4357 4435 4434
f 4448 4450 4449
f 4451 4453 4452
f 4452 4450 4451
f 4455 4458 4457
f 4453 4457 4458
f 4455 4460 4459
f 4460 4455 4457
f 4463 4465 4464
f 4459 4463 4464
f 3148 3187 4465
f 4467 4468 4448
f 4469 4470 4130
f 4471 4141 4142
f 4472 4138 4141
f 4448 4474 4450
f 4467 4475 4468
f 4477 4479 4478
f 4130 4470 4137
f 4130 3989 4469
f 4471 4142 4480
f 4481 4477 4478
f 4482 4484 4483
f 4485 4481 4486
f 4484 4482 4442
f 4483 4472 4487
f 4446 4484 4442
f 4479 4488 4449
f 4450 4474 4451
f 4452 4489 4450
f 4146 4446 3963
f 3194 3143 4490
f 4491 4493 4492
f 4494 4496 4495
f 4497 4499 4498
f 4495 4500 4493
f 4501 4502 4498
f 4503 4504 4497
f 4505 4506 4502
f 4475 4467 4469
f 4469 3989 4475
f 4507 4137 4470
f 4448 4468 4474
f 4469 4467 4508
f 4458 4509 4494
f 4508 4467 4488
f 4449 4488 4448
f 4510 4509 4455
f 4452 4453 4458
f 4450 4489 4449
f 4464 4511 4459
f 4458 4494 4452
f 4455 4509 4458
f 4464 4465 3187
f 4460 4463 4459
f 4459 4511 4510
f 3183 4464 3187
f 4470 4469 4508
f 4135 4137 4507
f 4507 4512 4135
f 4488 4467 4448
f 4470 4508 4513
f 4491 4449 4489
f 4508 4477 4513
f 4477 4488 4479
f 4514 4496 4509
f 4489 4452 4494
f 4449 4491 4479
f 4511 4515 4510
f 4494 4495 4489
f 4509 4496 4494
f 4511 4464 3183
f 4455 4459 4510
f 4510 4515 4514
f 3184 4511 3183
f 4507 4470 4513
f 4133 4135 4512
f 4133 4512 4480
f 4477 4508 4488
f 4516 4507 4513
f 4479 4492 4478
f 4481 4513 4477
f 4504 4517 4493
f 4518 4500 4496
f 4491 4489 4495
f 4479 4491 4492
f 4515 4519 4514
f 4495 4493 4491
f 4500 4495 4496
f 4515 4511 3184
f 4509 4510 4514
f 4514 4519 4518
f 3139 4515 3184
f 4512 4507 4516
f 4142 4133 4480
f 4520 4486 4478
f 4516 4513 4481
f 4516 4521 4512
f 4517 4520 4492
f 4485 4516 4481
f 4522 4506 4505
f 4478 4486 4481
f 4523 4504 4500
f 4492 4520 4478
f 4524 4518 4519
f 4493 4517 4492
f 4500 4504 4493
f 4519 4515 3139
f 4496 4514 4518
f 4518 4524 4523
f 3141 4519 3139
f 4480 4512 4521
f 4525 4526 4487
f 4485 4528 4527
f 4521 4516 4485
f 4480 4521 4529
f 4486 4530 4528
f 4521 4485 4527
f 4520 4531 4530
f 4485 4486 4528
f 4517 4503 4531
f 4530 4486 4520
f 4524 4499 4523
f 4531 4520 4517
f 4503 4517 4504
f 4524 4519 3141
f 4500 4518 4523
f 4523 4499 4497
f 3189 4524 3141
f 4471 4480 4529
f 4138 4483 4144
f 4527 4533 4532
f 4529 4521 4527
f 4471 4529 4534
f 4528 4535 4533
f 4529 4527 4532
f 4530 4536 4535
f 4527 4528 4533
f 4531 4506 4536
f 4528 4530 4535
f 4503 4502 4506
f 4531 4536 4530
f 4503 4506 4531
f 4499 4524 3189
f 4504 4523 4497
f 4498 4502 4497
f 3191 4499 3189
f 4471 4534 4472
f 4472 4141 4471
f 4525 4534 4532
f 4534 4529 4532
f 4534 4525 4487
f 4537 4532 4533
f 4532 4537 4525
f 4538 4533 4535
f 4533 4538 4537
f 4539 4535 4536
f 4535 4539 4538
f 4522 4536 4506
f 4536 4522 4539
f 4490 4505 4501
f 4499 3191 4498
f 4503 4497 4502
f 4502 4501 4505
f 3192 4498 3191
f 4138 4472 4483
f 4144 4484 4146
f 4537 4540 4525
f 4472 4534 4487
f 4487 4526 4482
f 4537 4538 4541
f 4525 4540 4526
f 4539 4542 4538
f 4537 4541 4540
f 4522 4543 4539
f 4538 4542 4541
f 4505 4544 4522
f 4539 4543 4542
f 4490 4501 3194
f 4543 4522 4544
f 3194 4501 3192
f 4544 4505 4490
f 3192 4501 4498
f 4144 4483 4484
f 4146 4484 4446
f 4445 4442 4482
f 4483 4487 4482
f 4445 4526 4443
f 4482 4526 4445
f 4526 4540 4443
f 4436 4443 4540
f 4436 4541 4441
f 4540 4541 4436
f 4441 4542 4438
f 4541 4542 4441
f 4438 4543 4435
f 4542 4543 4438
f 4543 4544 4435
f 4433 4435 4544
f 4544 4490 4433
f 3143 4433 4490
f 3145 4466 4545
f 4547 4548 4456
f 4461 4550 4462
f 4473 4553 4551
f 4454 4451 4555
f 4476 4556 4468
f 4553 4468 4556
f 4557 4476 3988
f 4476 4557 4556
f 3987 4557 3988
f 4468 4553 4473
f 4451 4551 4555
f 4473 4551 4451
f 4454 4547 4456
f 4555 4547 4454
f 4548 4550 4461
f 4548 4461 4456
f 4545 4462 4550
f 3145 3148 4466
f 4545 4466 4462
f 4560 4562 4561
f 4561 4565 4564
f 4566 4567 4562
f 4568 4567 4566
f 4568 4570 4569
f 4570 4568 4566
f 4572 4576 4575
f 4569 4575 4576
f 3346 3327 4572
f 4578 4580 4579
f 4581 4560 4561
f 4579 4583 4578
f 4584 4586 4585
f 4585 3983 3974
f 3972 4588 4587
f 3969 3972 4587
f 4589 4584 3975
f 3972 3966 4588
f 4590 4589 3980
f 4591 4593 4592
f 4558 4594 4556
f 4595 4596 4580
f 4585 4586 4597
f 4586 4599 4598
f 4581 4600 4560
f 3981 4558 3985
f 4581 4595 4580
f 4600 4581 4580
f 4602 4604 4603
f 4565 4567 4605
f 3353 4606 3402
f 4607 4602 4608
f 3353 3145 4609
f 4607 4606 4610
f 4583 4579 4588
f 4588 3966 4583
f 3969 4587 4590
f 4580 4578 4600
f 4611 4588 4579
f 4581 4564 4595
f 4596 4579 4580
f 4603 4612 4565
f 4605 4568 4613
f 4561 4562 4567
f 4581 4561 4564
f 4614 4569 4576
f 4565 4561 4567
f 4568 4605 4567
f 3334 4576 3327
f 4570 4575 4569
f 4613 4569 4614
f 3327 4576 4572
f 4587 4588 4611
f 3980 3969 4590
f 4593 4596 4615
f 4611 4579 4596
f 4611 4616 4587
f 4615 4595 4617
f 4593 4611 4596
f 4617 4564 4612
f 4595 4615 4596
f 4603 4605 4618
f 4564 4617 4595
f 4619 4613 4614
f 4565 4612 4564
f 4605 4603 4565
f 3397 4614 3334
f 4568 4569 4613
f 4618 4613 4619
f 3334 4614 4576
f 4590 4587 4616
f 3975 3980 4589
f 4620 4592 4615
f 4616 4611 4593
f 4621 4590 4616
f 4622 4620 4617
f 4591 4616 4593
f 4604 4622 4612
f 4592 4593 4615
f 4623 4625 4624
f 4620 4615 4617
f 4608 4618 4619
f 4617 4612 4622
f 4604 4612 4603
f 3399 4619 3397
f 4605 4613 4618
f 4602 4618 4608
f 3397 4619 4614
f 4589 4590 4621
f 3974 3975 4584
f 4591 4627 4626
f 4621 4616 4591
f 4589 4621 4628
f 4592 4629 4627
f 4621 4591 4626
f 4620 4630 4629
f 4591 4592 4627
f 4622 4625 4630
f 4592 4620 4629
f 4604 4610 4625
f 4622 4630 4620
f 4604 4625 4622
f 3401 4608 3399
f 4603 4618 4602
f 4602 4607 4610
f 3399 4608 4619
f 4584 4589 4628
f 4585 4597 4594
f 4599 4628 4626
f 4628 4621 4626
f 4628 4599 4586
f 4631 4626 4627
f 4626 4631 4599
f 4632 4627 4629
f 4627 4632 4631
f 4633 4629 4630
f 4629 4633 4632
f 4623 4630 4625
f 4630 4623 4633
f 4610 4624 4625
f 4607 3401 3402
f 4604 4602 4610
f 4610 4606 4624
f 3401 4607 4608
f 3974 4584 4585
f 4594 3981 3983
f 4631 4634 4599
f 4584 4628 4586
f 4586 4598 4597
f 4632 4635 4631
f 4599 4634 4598
f 4633 4636 4632
f 4631 4635 4634
f 4623 4637 4633
f 4632 4636 4635
f 4624 4638 4623
f 4633 4637 4636
f 4606 4609 4624
f 4623 4638 4637
f 4606 3353 4609
f 4638 4624 4609
f 3402 4606 4607
f 3983 4585 4594
f 3981 4594 4558
f 4556 4597 4552
f 4594 4597 4556
f 4552 4598 4551
f 4597 4598 4552
f 4551 4634 4554
f 4598 4634 4551
f 4554 4635 4547
f 4634 4635 4554
f 4547 4636 4549
f 4635 4636 4547
f 4549 4637 4550
f 4636 4637 4549
f 4550 4638 4546
f 4637 4638 4550
f 3145 4546 4609
f 4638 4609 4546
f 4639 1133 4640
f 4566 4642 4641
f 4574 4571 4639
f 1127 4640 1133
f 4643 4644 4601
f 4563 4559 4645
f 4582 4647 4646
f 4577 4646 4643
f 4647 3968 3978
f 4647 4582 3968
f 4577 4582 4646
f 3978 1506 1194
f 4644 4559 4601
f 4643 4601 4577
f 4645 4642 4563
f 4645 4559 4644
f 4573 3406 3346
f 4571 4566 4641
f 4566 4563 4642
f 4571 4641 4639
f 1133 4639 1130
f 4573 4574 4640
f 4573 4640 3406
f 1127 3406 4640
f 1130 4641 1172
f 4574 4639 4640
f 1130 4639 4641
f 1172 4642 1162
f 1172 4641 4642
f 1162 4645 1166
f 1162 4642 4645
f 1166 4644 1446
f 1166 4645 4644
f 1446 4643 1443
f 1446 4644 4643
f 1443 4646 1140
f 1443 4643 4646
f 1140 4647 1194
f 1140 4646 4647
f 3978 1194 4647
f 4648 4650 4649
f 4651 4653 4652
f 319 536 4656
f 4657 4660 4659
f 1631 4650 4648
f 4653 4661 4652
f 4662 4665 4663
f 1522 1253 4666
f 4667 4668 4651
f 4017 1253 1563
f 4017 4666 1253
f 4017 4003 4666
f 4667 4666 4668
f 4651 4652 4667
f 4662 4663 4661
f 4662 4661 4653
f 4659 4660 4665
f 4660 4663 4665
f 4650 4657 4670
f 4657 4659 4670
f 536 537 4648
f 4648 4649 4656
f 4666 4667 1522
f 4666 4003 4668
f 1522 4667 1619
f 4667 4652 1619
f 1619 4652 1617
f 4652 4661 1617
f 1617 4661 1630
f 4661 4663 1630
f 1630 4663 1627
f 4663 4660 1627
f 1627 4660 1626
f 4660 4657 1626
f 1626 4657 1623
f 4670 4649 4650
f 4657 4650 1623
f 1631 1623 4650
f 537 1631 4648
f 536 4648 4656
f 4672 4675 4674
f 4676 4678 4677
f 4679 4677 4681
f 4674 4681 4677
f 4679 4684 4682
f 4684 4679 4681
f 4686 4689 4687
f 4682 4687 4689
f 483 475 4686
f 4690 4692 4691
f 4693 4696 4694
f 4697 4700 4698
f 4698 4696 4697
f 3992 4700 4701
f 4015 4701 4702
f 4013 4015 4702
f 4692 4006 4703
f 4015 3992 4701
f 4704 4706 4705
f 4707 4703 4010
f 4000 4708 4669
f 4709 4708 4690
f 4669 4708 4651
f 4706 4696 4710
f 4694 4675 4693
f 4000 4669 4005
f 4672 4678 4711
f 4710 4696 4693
f 4675 4672 4693
f 4712 4714 4713
f 317 4715 334
f 4713 4717 4716
f 317 319 4718
f 4716 4715 4719
f 4701 4700 4697
f 4720 4721 4691
f 4013 4702 4707
f 4696 4698 4694
f 4697 4722 4701
f 4693 4711 4710
f 4706 4697 4696
f 4678 4714 4723
f 4724 4676 4679
f 4672 4674 4677
f 4693 4672 4711
f 4689 4725 4682
f 4677 4678 4672
f 4679 4676 4677
f 467 4689 475
f 4684 4687 4682
f 4724 4682 4725
f 475 4689 4686
f 4702 4701 4722
f 4010 4013 4707
f 4726 4705 4710
f 4722 4697 4706
f 4722 4727 4702
f 4723 4726 4711
f 4704 4722 4706
f 4728 4730 4729
f 4710 4705 4706
f 4731 4714 4676
f 4711 4726 4710
f 4725 4732 4724
f 4678 4723 4711
f 4676 4714 4678
f 4725 4689 467
f 4679 4682 4724
f 4724 4732 4731
f 469 4725 467
f 4707 4702 4727
f 4006 4010 4703
f 4704 4734 4733
f 4727 4722 4704
f 4707 4727 4735
f 4705 4736 4734
f 4727 4704 4733
f 4726 4737 4736
f 4704 4705 4734
f 4723 4712 4737
f 4736 4705 4726
f 4717 4731 4732
f 4737 4726 4723
f 4712 4723 4714
f 4732 4725 469
f 4676 4724 4731
f 4731 4717 4713
f 456 4732 469
f 4703 4707 4735
f 4008 4006 4692
f 4733 4739 4738
f 4735 4727 4733
f 4703 4735 4740
f 4734 4741 4739
f 4735 4733 4738
f 4736 4742 4741
f 4733 4734 4739
f 4737 4729 4742
f 4734 4736 4741
f 4712 4719 4729
f 4737 4742 4736
f 4712 4729 4737
f 353 4717 456
f 4714 4731 4713
f 4713 4716 4719
f 456 4717 4732
f 4692 4703 4740
f 4002 4008 4690
f 4720 4740 4738
f 4740 4735 4738
f 4740 4720 4691
f 4743 4738 4739
f 4738 4743 4720
f 4744 4739 4741
f 4739 4744 4743
f 4745 4741 4742
f 4741 4745 4744
f 4730 4742 4729
f 4742 4730 4745
f 4719 4728 4729
f 4716 353 334
f 4712 4713 4719
f 4719 4715 4728
f 353 4716 4717
f 4008 4692 4690
f 4708 4000 4002
f 4743 4746 4720
f 4692 4740 4691
f 4691 4721 4709
f 4744 4747 4743
f 4720 4746 4721
f 4745 4748 4744
f 4743 4747 4746
f 4730 4749 4745
f 4744 4748 4747
f 4728 4750 4730
f 4745 4749 4748
f 4715 4718 4728
f 4730 4750 4749
f 4715 317 4718
f 4750 4728 4718
f 334 4715 4716
f 4002 4690 4708
f 4690 4691 4709
f 4651 4709 4654
f 4708 4709 4651
f 4654 4721 4662
f 4709 4721 4654
f 4662 4746 4664
f 4721 4746 4662
f 4664 4747 4658
f 4746 4747 4664
f 4658 4748 4671
f 4747 4748 4658
f 4671 4749 4649
f 4748 4749 4671
f 4649 4750 4655
f 4749 4750 4649
f 319 4655 4718
f 4750 4718 4655
f 483 4751 3213
f 4688 4753 4685
f 4673 4754 4680
f 4683 4758 4756
f 4695 4698 4759
f 4760 4675 4761
f 4699 4763 4698
f 4759 4698 4763
f 3998 4699 3994
f 4699 3998 4763
f 4759 4761 4695
f 4673 4675 4760
f 4675 4695 4761
f 4673 4760 4754
f 4680 4758 4683
f 4680 4754 4758
f 4756 4753 4688
f 4683 4756 4688
f 483 4685 4751
f 4753 4751 4685
f 4765 4767 4766
f 4768 4770 4769
f 4771 4773 4772
f 4772 4775 4771
f 4776 4777 4773
f 4778 4777 4776
f 4778 4780 4779
f 4780 4778 4776
f 4782 4783 4779
f 4785 4783 4782
f 3229 3112 4785
f 4786 4790 4788
f 4791 4792 4775
f 4161 4150 4794
f 4790 4791 4788
f 4148 4796 4795
f 4797 4798 4159
f 4792 4771 4775
f 4148 4795 4155
f 4148 4019 4796
f 4799 4801 4800
f 4791 4775 4766
f 4802 4804 4803
f 4805 4807 4806
f 4764 4808 4759
f 4794 4797 4161
f 4809 4802 4810
f 4809 4798 4802
f 4811 4812 4766
f 4165 4764 3997
f 4813 4770 4814
f 4765 4775 4772
f 4815 4767 4813
f 4816 4817 3114
f 4818 4820 4819
f 3207 4817 4821
f 3116 3213 4822
f 4823 4825 4824
f 4786 4788 4796
f 4796 4019 4786
f 4826 4155 4795
f 4791 4790 4792
f 4788 4827 4796
f 4777 4828 4769
f 4812 4827 4788
f 4766 4812 4791
f 4828 4778 4829
f 4772 4773 4777
f 4765 4766 4775
f 4830 4783 3110
f 4769 4772 4777
f 4778 4828 4777
f 4783 3112 3110
f 4780 4782 4779
f 4829 4779 4830
f 3112 4783 4785
f 4795 4796 4827
f 4153 4155 4826
f 4153 4826 4831
f 4812 4788 4791
f 4827 4832 4795
f 4811 4806 4807
f 4807 4832 4827
f 4807 4812 4811
f 4768 4828 4833
f 4765 4772 4769
f 4766 4767 4811
f 4830 4834 4829
f 4770 4765 4769
f 4828 4768 4769
f 4830 3110 3209
f 4778 4779 4829
f 4829 4834 4833
f 4779 4783 4830
f 4826 4795 4832
f 4150 4153 4831
f 4831 4794 4150
f 4807 4827 4812
f 4797 4159 4161
f 4811 4815 4806
f 4805 4832 4807
f 4813 4819 4835
f 4814 4768 4836
f 4767 4765 4770
f 4811 4767 4815
f 4837 4834 3210
f 4770 4813 4767
f 4814 4770 4768
f 4834 4830 3209
f 4828 4829 4833
f 4833 4837 4836
f 3210 4834 3209
f 4826 4832 4838
f 4838 4831 4826
f 4801 4805 4839
f 4838 4832 4805
f 4157 4159 4798
f 4839 4806 4840
f 4801 4838 4805
f 4840 4815 4835
f 4806 4839 4805
f 4841 4819 4814
f 4815 4840 4806
f 4836 4837 4842
f 4813 4835 4815
f 4819 4813 4814
f 4837 3210 3230
f 4768 4833 4836
f 4842 4841 4836
f 4833 4834 4837
f 4831 4843 4794
f 4831 4838 4843
f 4844 4800 4839
f 4843 4838 4801
f 4845 4794 4843
f 4846 4844 4840
f 4799 4843 4801
f 4820 4846 4835
f 4800 4801 4839
f 4847 4825 4823
f 4844 4839 4840
f 4842 3205 4821
f 4840 4835 4846
f 4819 4820 4835
f 4842 3230 3205
f 4814 4836 4841
f 4841 4821 4818
f 3230 4842 4837
f 4845 4797 4794
f 4157 4809 4163
f 4799 4849 4848
f 4845 4843 4799
f 4797 4845 4850
f 4800 4851 4849
f 4845 4799 4848
f 4844 4852 4851
f 4799 4800 4849
f 4846 4825 4852
f 4800 4844 4851
f 4820 4824 4825
f 4846 4852 4844
f 4820 4825 4846
f 3205 3207 4821
f 4819 4841 4818
f 4818 4817 4824
f 4841 4842 4821
f 4797 4850 4798
f 4809 4810 4808
f 4804 4850 4848
f 4850 4845 4848
f 4850 4804 4802
f 4853 4848 4849
f 4848 4853 4804
f 4854 4849 4851
f 4849 4854 4853
f 4855 4851 4852
f 4851 4855 4854
f 4847 4852 4825
f 4852 4847 4855
f 3116 4822 4816
f 4817 3207 3114
f 4820 4818 4824
f 4816 4823 4824
f 4818 4821 4817
f 4157 4798 4809
f 4808 4165 4163
f 4853 4856 4804
f 4798 4850 4802
f 4802 4803 4810
f 4854 4857 4853
f 4804 4856 4803
f 4855 4858 4854
f 4853 4857 4856
f 4847 4859 4855
f 4854 4858 4857
f 4823 4860 4847
f 4855 4859 4858
f 4816 4822 4823
f 4859 4847 4860
f 3114 3116 4816
f 4823 4822 4860
f 4824 4817 4816
f 4163 4809 4808
f 4165 4808 4764
f 4759 4810 4762
f 4808 4810 4759
f 4762 4803 4760
f 4810 4803 4762
f 4760 4856 4755
f 4803 4856 4760
f 4755 4857 4758
f 4856 4857 4755
f 4758 4858 4757
f 4857 4858 4758
f 4757 4859 4753
f 4858 4859 4757
f 4753 4860 4752
f 4859 4860 4753
f 3213 4752 4822
f 4860 4822 4752
f 3229 4862 3203
f 4784 4862 3229
f 4782 4863 4784
f 4774 4865 4776
f 4781 4868 4866
f 4793 4789 4870
f 4871 4771 4873
f 4787 4874 4789
f 4870 4789 4874
f 4024 4787 4018
f 4787 4024 4874
f 4870 4873 4793
f 4774 4771 4871
f 4771 4793 4873
f 4776 4865 4868
f 4774 4871 4865
f 4776 4868 4781
f 4863 4782 4866
f 4781 4866 4782
f 4784 4863 4862
f 4876 4878 4877
f 4879 4881 4880
f 4880 4878 4879
f 4883 4886 4884
f 4881 4884 4886
f 4883 4889 4887
f 4889 4883 4884
f 4890 4893 4892
f 4887 4890 4892
f 3201 3218 4893
f 4895 4896 4876
f 4897 4898 4166
f 4899 4176 4178
f 4900 4174 4176
f 4876 4902 4878
f 4895 4903 4896
f 4905 4907 4906
f 4166 4898 4172
f 4166 4049 4897
f 4899 4178 4908
f 4909 4905 4906
f 4910 4912 4911
f 4913 4909 4914
f 4912 4910 4870
f 4911 4900 4915
f 4875 4912 4870
f 4907 4916 4877
f 4878 4902 4879
f 4880 4917 4878
f 4183 4875 4023
f 3227 3203 4918
f 4919 4921 4920
f 4922 4924 4923
f 4925 4927 4926
f 4923 4928 4921
f 4929 4930 4926
f 4931 4932 4925
f 4933 4934 4930
f 4903 4895 4897
f 4897 4049 4903
f 4935 4172 4898
f 4876 4896 4902
f 4897 4895 4936
f 4886 4937 4922
f 4936 4895 4916
f 4877 4916 4876
f 4938 4937 4883
f 4880 4881 4886
f 4878 4917 4877
f 4892 4939 4887
f 4886 4922 4880
f 4883 4937 4886
f 4892 4893 3218
f 4889 4890 4887
f 4887 4939 4938
f 3215 4892 3218
f 4898 4897 4936
f 4171 4172 4935
f 4935 4940 4171
f 4916 4895 4876
f 4898 4936 4941
f 4919 4877 4917
f 4936 4905 4941
f 4905 4916 4907
f 4942 4924 4937
f 4917 4880 4922
f 4877 4919 4907
f 4939 4943 4938
f 4922 4923 4917
f 4937 4924 4922
f 4939 4892 3215
f 4883 4887 4938
f 4938 4943 4942
f 3217 4939 3215
f 4935 4898 4941
f 4168 4171 4940
f 4168 4940 4908
f 4905 4936 4916
f 4944 4935 4941
f 4907 4920 4906
f 4909 4941 4905
f 4932 4945 4921
f 4946 4928 4924
f 4919 4917 4923
f 4907 4919 4920
f 4943 4947 4942
f 4923 4921 4919
f 4928 4923 4924
f 4943 4939 3217
f 4937 4938 4942
f 4942 4947 4946
f 3117 4943 3217
f 4940 4935 4944
f 4178 4168 4908
f 4948 4914 4906
f 4944 4941 4909
f 4944 4949 4940
f 4945 4948 4920
f 4913 4944 4909
f 4950 4934 4933
f 4906 4914 4909
f 4951 4932 4928
f 4920 4948 4906
f 4952 4946 4947
f 4921 4945 4920
f 4928 4932 4921
f 4947 4943 3117
f 4924 4942 4946
f 4946 4952 4951
f 3120 4947 3117
f 4908 4940 4949
f 4953 4954 4915
f 4913 4956 4955
f 4949 4944 4913
f 4908 4949 4957
f 4914 4958 4956
f 4949 4913 4955
f 4948 4959 4958
f 4913 4914 4956
f 4945 4931 4959
f 4958 4914 4948
f 4952 4927 4951
f 4959 4948 4945
f 4931 4945 4932
f 4952 4947 3120
f 4928 4946 4951
f 4951 4927 4925
f 3220 4952 3120
f 4899 4908 4957
f 4174 4911 4180
f 4955 4961 4960
f 4957 4949 4955
f 4899 4957 4962
f 4956 4963 4961
f 4957 4955 4960
f 4958 4964 4963
f 4955 4956 4961
f 4959 4934 4964
f 4956 4958 4963
f 4931 4930 4934
f 4959 4964 4958
f 4931 4934 4959
f 4927 4952 3220
f 4932 4951 4925
f 4926 4930 4925
f 3223 4927 3220
f 4899 4962 4900
f 4900 4176 4899
f 4953 4962 4960
f 4962 4957 4960
f 4962 4953 4915
f 4965 4960 4961
f 4960 4965 4953
f 4966 4961 4963
f 4961 4966 4965
f 4967 4963 4964
f 4963 4967 4966
f 4950 4964 4934
f 4964 4950 4967
f 4918 4933 4929
f 4927 3223 4926
f 4931 4925 4930
f 4930 4929 4933
f 3225 4926 3223
f 4174 4900 4911
f 4180 4912 4183
f 4965 4968 4953
f 4900 4962 4915
f 4915 4954 4910
f 4965 4966 4969
f 4953 4968 4954
f 4967 4970 4966
f 4965 4969 4968
f 4950 4971 4967
f 4966 4970 4969
f 4933 4972 4950
f 4967 4971 4970
f 4918 4929 3227
f 4971 4950 4972
f 3227 4929 3225
f 4972 4933 4918
f 3225 4929 4926
f 4180 4911 4912
f 4183 4912 4875
f 4872 4870 4910
f 4911 4915 4910
f 4872 4954 4871
f 4910 4954 4872
f 4954 4968 4871
f 4864 4871 4968
f 4864 4969 4869
f 4968 4969 4864
f 4869 4970 4867
f 4969 4970 4869
f 4867 4971 4863
f 4970 4971 4867
f 4971 4972 4863
f 4861 4863 4972
f 4972 4918 4861
f 3203 4861 4918
f 738 4894 4973
f 4975 4976 4885
f 4888 4978 4891
f 4901 4981 4979
f 4882 4879 4982
f 4904 4984 4896
f 4981 4896 4984
f 4986 4904 4048
f 4904 4986 4984
f 4045 4986 4048
f 4896 4981 4901
f 4879 4979 4982
f 4901 4979 4879
f 4882 4975 4885
f 4982 4975 4882
f 4976 4978 4888
f 4976 4888 4885
f 4973 4891 4978
f 738 3201 4894
f 4973 4894 4891
f 4988 4990 4989
f 4989 4993 4992
f 4994 4995 4990
f 4996 4995 4994
f 4996 4998 4997
f 4998 4996 4994
f 5000 5004 5002
f 4997 5002 5004
f 713 695 5000
f 5005 5008 5007
f 5009 4988 4989
f 5007 5011 5005
f 5012 5014 5013
f 5013 4043 4029
f 4036 5016 5015
f 4038 4036 5015
f 5017 5012 4032
f 4036 4028 5016
f 5018 5017 4039
f 5019 5021 5020
f 4985 5022 4984
f 5023 5024 5008
f 5013 5014 5025
f 5014 5027 5026
f 5009 5029 4988
f 4041 4985 4046
f 5009 5023 5008
f 5029 5009 5008
f 5030 5032 5031
f 4993 4995 5033
f 731 5034 835
f 5035 5030 5036
f 731 738 5037
f 5035 5034 5038
f 5011 5007 5016
f 5016 4028 5011
f 4038 5015 5018
f 5008 5005 5029
f 5039 5016 5007
f 5009 4992 5023
f 5024 5007 5008
f 5031 5040 4993
f 5033 4996 5041
f 4989 4990 4995
f 5009 4989 4992
f 5042 4997 5004
f 4993 4989 4995
f 4996 5033 4995
f 704 5004 695
f 4998 5002 4997
f 5041 4997 5042
f 695 5004 5000
f 5015 5016 5039
f 4039 4038 5018
f 5021 5024 5043
f 5039 5007 5024
f 5039 5044 5015
f 5043 5023 5045
f 5021 5039 5024
f 5045 4992 5040
f 5023 5043 5024
f 5031 5033 5046
f 4992 5045 5023
f 5047 5041 5042
f 4993 5040 4992
f 5033 5031 4993
f 830 5042 704
f 4996 4997 5041
f 5046 5041 5047
f 704 5042 5004
f 5018 5015 5044
f 4032 4039 5017
f 5048 5020 5043
f 5044 5039 5021
f 5049 5018 5044
f 5050 5048 5045
f 5019 5044 5021
f 5032 5050 5040
f 5020 5021 5043
f 5051 5053 5052
f 5048 5043 5045
f 5036 5046 5047
f 5045 5040 5050
f 5032 5040 5031
f 832 5047 830
f 5033 5041 5046
f 5030 5046 5036
f 830 5047 5042
f 5017 5018 5049
f 4029 4032 5012
f 5019 5055 5054
f 5049 5044 5019
f 5017 5049 5056
f 5020 5057 5055
f 5049 5019 5054
f 5048 5058 5057
f 5019 5020 5055
f 5050 5053 5058
f 5020 5048 5057
f 5032 5038 5053
f 5050 5058 5048
f 5032 5053 5050
f 834 5036 832
f 5031 5046 5030
f 5030 5035 5038
f 832 5036 5047
f 5012 5017 5056
f 5013 5025 5022
f 5027 5056 5054
f 5056 5049 5054
f 5056 5027 5014
f 5059 5054 5055
f 5054 5059 5027
f 5060 5055 5057
f 5055 5060 5059
f 5061 5057 5058
f 5057 5061 5060
f 5051 5058 5053
f 5058 5051 5061
f 5038 5052 5053
f 5035 834 835
f 5032 5030 5038
f 5038 5034 5052
f 834 5035 5036
f 4029 5012 5013
f 5022 4041 4043
f 5059 5062 5027
f 5012 5056 5014
f 5014 5026 5025
f 5060 5063 5059
f 5027 5062 5026
f 5061 5064 5060
f 5059 5063 5062
f 5051 5065 5061
f 5060 5064 5063
f 5052 5066 5051
f 5061 5065 5064
f 5034 5037 5052
f 5051 5066 5065
f 5034 731 5037
f 5066 5052 5037
f 835 5034 5035
f 4043 5013 5022
f 4041 5022 4985
f 4984 5025 4980
f 5022 5025 4984
f 4980 5026 4979
f 5025 5026 4980
f 4979 5062 4983
f 5026 5062 4979
f 4983 5063 4975
f 5062 5063 4983
f 4975 5064 4977
f 5063 5064 4975
f 4977 5065 4978
f 5064 5065 4977
f 4978 5066 4974
f 5065 5066 4978
f 738 4974 5037
f 5066 5037 4974
f 5067 1154 912
f 4994 5069 5068
f 4999 5070 5003
f 5070 1154 5067
f 5071 5072 5028
f 4991 4987 5073
f 5010 5075 5074
f 5006 5074 5071
f 5075 4027 4033
f 5075 5010 4027
f 5006 5010 5074
f 4033 1255 1259
f 5072 4987 5028
f 5071 5028 5006
f 5073 5069 4991
f 5073 4987 5072
f 5001 910 713
f 4999 4994 5068
f 4994 4991 5069
f 4999 5068 5070
f 1154 5070 1153
f 5001 5003 5067
f 5001 5067 910
f 912 910 5067
f 1153 5068 1097
f 5003 5070 5067
f 1153 5070 5068
f 1097 5069 1558
f 1097 5068 5069
f 1558 5073 1560
f 1558 5069 5073
f 1560 5072 1100
f 1560 5073 5072
f 1100 5071 1101
f 1100 5072 5071
f 1101 5074 1135
f 1101 5071 5074
f 1135 5075 1259
f 1135 5074 5075
f 4033 1259 5075
f 5076 5078 5077
f 5079 5082 5080
f 117 293 5084
f 5085 5088 5086
f 1423 5078 5076
f 5082 5089 5080
f 5090 5093 5091
f 1415 1652 5094
f 5095 5096 5079
f 4076 1652 1642
f 4076 5094 1652
f 4076 4064 5094
f 5095 5094 5096
f 5079 5080 5095
f 5090 5091 5089
f 5090 5089 5082
f 5086 5088 5093
f 5088 5091 5093
f 5078 5085 5098
f 5085 5086 5098
f 293 295 5076
f 5076 5077 5084
f 5094 5095 1415
f 5094 4064 5096
f 1415 5095 1401
f 5095 5080 1401
f 1401 5080 1399
f 5080 5089 1399
f 1399 5089 1420
f 5089 5091 1420
f 1420 5091 1419
f 5091 5088 1419
f 1419 5088 1412
f 5088 5085 1412
f 1412 5085 1410
f 5098 5077 5078
f 5085 5078 1410
f 1423 1410 5078
f 295 1423 5076
f 293 5076 5084
f 5100 5103 5102
f 5104 5106 5105
f 5107 5105 5109
f 5102 5109 5105
f 5107 5112 5110
f 5112 5107 5109
f 5114 5117 5115
f 5110 5115 5117
f 96 89 5114
f 5118 5120 5119
f 5121 5124 5123
f 5125 5127 5126
f 5126 5124 5125
f 4052 5127 5129
f 4075 5129 5130
f 4073 4075 5130
f 5120 4067 5131
f 4075 4052 5129
f 5132 5134 5133
f 5135 5131 4071
f 4060 5136 5097
f 5137 5136 5118
f 5097 5136 5079
f 5134 5124 5138
f 5123 5103 5121
f 4060 5097 4063
f 5100 5106 5139
f 5138 5124 5121
f 5103 5100 5121
f 5140 5142 5141
f 99 5143 58
f 5141 5145 5144
f 99 117 5146
f 5144 5143 5147
f 5129 5127 5125
f 5148 5149 5119
f 4073 5130 5135
f 5124 5126 5123
f 5125 5150 5129
f 5121 5139 5138
f 5134 5125 5124
f 5106 5142 5151
f 5152 5104 5107
f 5100 5102 5105
f 5121 5100 5139
f 5117 5153 5110
f 5105 5106 5100
f 5107 5104 5105
f 83 5117 89
f 5112 5115 5110
f 5152 5110 5153
f 89 5117 5114
f 5130 5129 5150
f 4071 4073 5135
f 5154 5133 5138
f 5150 5125 5134
f 5150 5155 5130
f 5151 5154 5139
f 5132 5150 5134
f 5156 5158 5157
f 5138 5133 5134
f 5159 5142 5104
f 5139 5154 5138
f 5153 5160 5152
f 5106 5151 5139
f 5104 5142 5106
f 5153 5117 83
f 5107 5110 5152
f 5152 5160 5159
f 73 5153 83
f 5135 5130 5155
f 4067 4071 5131
f 5132 5162 5161
f 5155 5150 5132
f 5135 5155 5163
f 5133 5164 5162
f 5155 5132 5161
f 5154 5165 5164
f 5132 5133 5162
f 5151 5140 5165
f 5164 5133 5154
f 5145 5159 5160
f 5165 5154 5151
f 5140 5151 5142
f 5160 5153 73
f 5104 5152 5159
f 5159 5145 5141
f 66 5160 73
f 5131 5135 5163
f 4069 4067 5120
f 5161 5167 5166
f 5163 5155 5161
f 5131 5163 5168
f 5162 5169 5167
f 5163 5161 5166
f 5164 5170 5169
f 5161 5162 5167
f 5165 5157 5170
f 5162 5164 5169
f 5140 5147 5157
f 5165 5170 5164
f 5140 5157 5165
f 71 5145 66
f 5142 5159 5141
f 5141 5144 5147
f 66 5145 5160
f 5120 5131 5168
f 4062 4069 5118
f 5148 5168 5166
f 5168 5163 5166
f 5168 5148 5119
f 5171 5166 5167
f 5166 5171 5148
f 5172 5167 5169
f 5167 5172 5171
f 5173 5169 5170
f 5169 5173 5172
f 5158 5170 5157
f 5170 5158 5173
f 5147 5156 5157
f 5144 71 58
f 5140 5141 5147
f 5147 5143 5156
f 71 5144 5145
f 4069 5120 5118
f 5136 4060 4062
f 5171 5174 5148
f 5120 5168 5119
f 5119 5149 5137
f 5172 5175 5171
f 5148 5174 5149
f 5173 5176 5172
f 5171 5175 5174
f 5158 5177 5173
f 5172 5176 5175
f 5156 5178 5158
f 5173 5177 5176
f 5143 5146 5156
f 5158 5178 5177
f 5143 99 5146
f 5178 5156 5146
f 58 5143 5144
f 4062 5118 5136
f 5118 5119 5137
f 5079 5137 5081
f 5136 5137 5079
f 5081 5149 5090
f 5137 5149 5081
f 5090 5174 5092
f 5149 5174 5090
f 5092 5175 5087
f 5174 5175 5092
f 5087 5176 5099
f 5175 5176 5087
f 5099 5177 5077
f 5176 5177 5099
f 5077 5178 5083
f 5177 5178 5077
f 117 5083 5146
f 5178 5146 5083
f 96 5180 3014
f 5116 5181 5113
f 5101 5183 5108
f 5111 5186 5185
f 5122 5126 5187
f 5188 5103 5190
f 5128 5192 5126
f 5187 5126 5192
f 4056 5128 4053
f 5128 4056 5192
f 5187 5190 5122
f 5101 5103 5188
f 5103 5122 5190
f 5101 5188 5183
f 5108 5186 5111
f 5108 5183 5186
f 5185 5181 5116
f 5111 5185 5116
f 96 5113 5180
f 5181 5180 5113
f 5193 5195 5194
f 5196 5198 5197
f 5199 5201 5200
f 5200 5203 5199
f 5204 5205 5201
f 5206 5205 5204
f 5206 5208 5207
f 5208 5206 5204
f 5210 5211 5207
f 5212 5211 5210
f 3105 3101 5212
f 5215 5217 5216
f 5219 5220 5203
f 4197 4186 5222
f 5217 5219 5216
f 4185 5224 5223
f 5225 5226 4194
f 5220 5199 5203
f 4185 5223 4190
f 4185 4078 5224
f 5227 5229 5228
f 5219 5203 5194
f 5230 5232 5231
f 5233 5235 5234
f 5191 5236 5187
f 5222 5225 4197
f 5237 5230 5238
f 5237 5226 5230
f 5239 5240 5194
f 4201 5191 4057
f 5241 5198 5242
f 5193 5203 5200
f 5243 5195 5241
f 5244 5245 3089
f 5246 5248 5247
f 3091 5245 5249
f 3016 3014 5250
f 5251 5253 5252
f 5215 5216 5224
f 5224 4078 5215
f 5254 4190 5223
f 5219 5217 5220
f 5216 5255 5224
f 5205 5256 5197
f 5240 5255 5216
f 5194 5240 5219
f 5256 5206 5257
f 5200 5201 5205
f 5193 5194 5203
f 5258 5211 3104
f 5197 5200 5205
f 5206 5256 5205
f 5211 3101 3104
f 5208 5210 5207
f 5257 5207 5258
f 3101 5211 5212
f 5223 5224 5255
f 4189 4190 5254
f 4189 5254 5259
f 5240 5216 5219
f 5255 5260 5223
f 5239 5234 5235
f 5235 5260 5255
f 5235 5240 5239
f 5196 5256 5261
f 5193 5200 5197
f 5194 5195 5239
f 5258 5262 5257
f 5198 5193 5197
f 5256 5196 5197
f 5258 3104 3099
f 5206 5207 5257
f 5257 5262 5261
f 5207 5211 5258
f 5254 5223 5260
f 4186 4189 5259
f 5259 5222 4186
f 5235 5255 5240
f 5225 4194 4197
f 5239 5243 5234
f 5233 5260 5235
f 5241 5247 5263
f 5242 5196 5264
f 5195 5193 5198
f 5239 5195 5243
f 5265 5262 3097
f 5198 5241 5195
f 5242 5198 5196
f 5262 5258 3099
f 5256 5257 5261
f 5261 5265 5264
f 3097 5262 3099
f 5254 5260 5266
f 5266 5259 5254
f 5229 5233 5267
f 5266 5260 5233
f 4192 4194 5226
f 5267 5234 5268
f 5229 5266 5233
f 5268 5243 5263
f 5234 5267 5233
f 5269 5247 5242
f 5243 5268 5234
f 5264 5265 5270
f 5241 5263 5243
f 5247 5241 5242
f 5265 3097 3094
f 5196 5261 5264
f 5270 5269 5264
f 5261 5262 5265
f 5259 5271 5222
f 5259 5266 5271
f 5272 5228 5267
f 5271 5266 5229
f 5273 5222 5271
f 5274 5272 5268
f 5227 5271 5229
f 5248 5274 5263
f 5228 5229 5267
f 5275 5253 5251
f 5272 5267 5268
f 5270 3095 5249
f 5268 5263 5274
f 5247 5248 5263
f 5270 3094 3095
f 5242 5264 5269
f 5269 5249 5246
f 3094 5270 5265
f 5273 5225 5222
f 4192 5237 4198
f 5227 5277 5276
f 5273 5271 5227
f 5225 5273 5278
f 5228 5279 5277
f 5273 5227 5276
f 5272 5280 5279
f 5227 5228 5277
f 5274 5253 5280
f 5228 5272 5279
f 5248 5252 5253
f 5274 5280 5272
f 5248 5253 5274
f 3095 3091 5249
f 5247 5269 5246
f 5246 5245 5252
f 5269 5270 5249
f 5225 5278 5226
f 5237 5238 5236
f 5232 5278 5276
f 5278 5273 5276
f 5278 5232 5230
f 5281 5276 5277
f 5276 5281 5232
f 5282 5277 5279
f 5277 5282 5281
f 5283 5279 5280
f 5279 5283 5282
f 5275 5280 5253
f 5280 5275 5283
f 3016 5250 5244
f 5245 3091 3089
f 5248 5246 5252
f 5244 5251 5252
f 5246 5249 5245
f 4192 5226 5237
f 5236 4201 4198
f 5281 5284 5232
f 5226 5278 5230
f 5230 5231 5238
f 5282 5285 5281
f 5232 5284 5231
f 5283 5286 5282
f 5281 5285 5284
f 5275 5287 5283
f 5282 5286 5285
f 5251 5288 5275
f 5283 5287 5286
f 5244 5250 5251
f 5287 5275 5288
f 3089 3016 5244
f 5251 5250 5288
f 5252 5245 5244
f 4198 5237 5236
f 4201 5236 5191
f 5187 5238 5189
f 5236 5238 5187
f 5189 5231 5188
f 5238 5231 5189
f 5188 5284 5182
f 5231 5284 5188
f 5182 5285 5186
f 5284 5285 5182
f 5186 5286 5184
f 5285 5286 5186
f 5184 5287 5181
f 5286 5287 5184
f 5181 5288 5179
f 5287 5288 5181
f 3014 5179 5250
f 5288 5250 5179
f 3105 5290 3008
f 5213 5290 3105
f 5210 5291 5213
f 5202 5293 5204
f 5209 5297 5295
f 5221 5218 5298
f 5299 5199 5301
f 5214 5302 5218
f 5298 5218 5302
f 4083 5214 4081
f 5214 4083 5302
f 5298 5301 5221
f 5202 5199 5299
f 5199 5221 5301
f 5204 5293 5297
f 5202 5299 5293
f 5204 5297 5209
f 5291 5210 5295
f 5209 5295 5210
f 5213 5291 5290
f 5304 5306 5305
f 5307 5310 5308
f 5308 5306 5307
f 5311 5314 5312
f 5310 5312 5314
f 5311 5317 5315
f 5317 5311 5312
f 5318 5321 5320
f 5315 5318 5320
f 3107 3237 5321
f 5323 5324 5304
f 5325 5326 4202
f 5327 4213 4215
f 5328 4211 4213
f 5304 5330 5306
f 5323 5332 5324
f 5333 5335 5334
f 4202 5326 4208
f 4202 4110 5325
f 5327 4215 5336
f 5337 5333 5334
f 5338 5340 5339
f 5341 5337 5342
f 5340 5338 5298
f 5339 5328 5343
f 5303 5340 5298
f 5335 5344 5305
f 5306 5330 5307
f 5308 5345 5306
f 4218 5303 4084
f 3248 3008 5346
f 5347 5349 5348
f 5350 5352 5351
f 5353 5355 5354
f 5351 5356 5349
f 5357 5358 5354
f 5359 5360 5353
f 5361 5362 5358
f 5332 5323 5325
f 5325 4110 5332
f 5363 4208 5326
f 5304 5324 5330
f 5325 5323 5364
f 5314 5365 5350
f 5364 5323 5344
f 5305 5344 5304
f 5366 5365 5311
f 5308 5310 5314
f 5306 5345 5305
f 5320 5367 5315
f 5314 5350 5308
f 5311 5365 5314
f 5320 5321 3237
f 5317 5318 5315
f 5315 5367 5366
f 3232 5320 3237
f 5326 5325 5364
f 4206 4208 5363
f 5363 5368 4206
f 5344 5323 5304
f 5326 5364 5369
f 5347 5305 5345
f 5364 5333 5369
f 5333 5344 5335
f 5370 5352 5365
f 5345 5308 5350
f 5305 5347 5335
f 5367 5371 5366
f 5350 5351 5345
f 5365 5352 5350
f 5367 5320 3232
f 5311 5315 5366
f 5366 5371 5370
f 3235 5367 3232
f 5363 5326 5369
f 4204 4206 5368
f 4204 5368 5336
f 5333 5364 5344
f 5372 5363 5369
f 5335 5348 5334
f 5337 5369 5333
f 5360 5373 5349
f 5374 5356 5352
f 5347 5345 5351
f 5335 5347 5348
f 5371 5375 5370
f 5351 5349 5347
f 5356 5351 5352
f 5371 5367 3235
f 5365 5366 5370
f 5370 5375 5374
f 3238 5371 3235
f 5368 5363 5372
f 4215 4204 5336
f 5376 5342 5334
f 5372 5369 5337
f 5372 5377 5368
f 5373 5376 5348
f 5341 5372 5337
f 5378 5362 5361
f 5334 5342 5337
f 5379 5360 5356
f 5348 5376 5334
f 5380 5374 5375
f 5349 5373 5348
f 5356 5360 5349
f 5375 5371 3238
f 5352 5370 5374
f 5374 5380 5379
f 3242 5375 3238
f 5336 5368 5377
f 5381 5382 5343
f 5341 5384 5383
f 5377 5372 5341
f 5336 5377 5385
f 5342 5386 5384
f 5377 5341 5383
f 5376 5387 5386
f 5341 5342 5384
f 5373 5359 5387
f 5386 5342 5376
f 5380 5355 5379
f 5387 5376 5373
f 5359 5373 5360
f 5380 5375 3242
f 5356 5374 5379
f 5379 5355 5353
f 3240 5380 3242
f 5327 5336 5385
f 4211 5339 4217
f 5383 5389 5388
f 5385 5377 5383
f 5327 5385 5390
f 5384 5391 5389
f 5385 5383 5388
f 5386 5392 5391
f 5383 5384 5389
f 5387 5362 5392
f 5384 5386 5391
f 5359 5358 5362
f 5387 5392 5386
f 5359 5362 5387
f 5355 5380 3240
f 5360 5379 5353
f 5354 5358 5353
f 3246 5355 3240
f 5327 5390 5328
f 5328 4213 5327
f 5381 5390 5388
f 5390 5385 5388
f 5390 5381 5343
f 5393 5388 5389
f 5388 5393 5381
f 5394 5389 5391
f 5389 5394 5393
f 5395 5391 5392
f 5391 5395 5394
f 5378 5392 5362
f 5392 5378 5395
f 5346 5361 5357
f 5355 3246 5354
f 5359 5353 5358
f 5358 5357 5361
f 3245 5354 3246
f 4211 5328 5339
f 4217 5340 4218
f 5393 5396 5381
f 5328 5390 5343
f 5343 5382 5338
f 5393 5394 5397
f 5381 5396 5382
f 5395 5398 5394
f 5393 5397 5396
f 5378 5399 5395
f 5394 5398 5397
f 5361 5400 5378
f 5395 5399 5398
f 5346 5357 3248
f 5399 5378 5400
f 3248 5357 3245
f 5400 5361 5346
f 3245 5357 5354
f 4217 5339 5340
f 4218 5340 5303
f 5300 5298 5338
f 5339 5343 5338
f 5300 5382 5299
f 5338 5382 5300
f 5382 5396 5299
f 5292 5299 5396
f 5292 5397 5296
f 5396 5397 5292
f 5296 5398 5294
f 5397 5398 5296
f 5294 5399 5291
f 5398 5399 5294
f 5399 5400 5291
f 5289 5291 5400
f 5400 5346 5289
f 3008 5289 5346
f 431 5322 5402
f 5403 5405 5313
f 5316 5406 5319
f 5329 5408 5407
f 5309 5307 5411
f 5331 5412 5324
f 5408 5324 5412
f 5413 5331 4108
f 5331 5413 5412
f 4106 5413 4108
f 5324 5408 5329
f 5307 5407 5411
f 5329 5407 5307
f 5309 5403 5313
f 5411 5403 5309
f 5405 5406 5316
f 5405 5316 5313
f 5402 5319 5406
f 431 3107 5322
f 5402 5322 5319
f 5416 5419 5417
f 5417 5421 5420
f 5422 5423 5419
f 5424 5423 5422
f 5424 5426 5425
f 5426 5424 5422
f 5429 5432 5431
f 5425 5431 5432
f 407 389 5429
f 5433 5436 5435
f 5437 5416 5417
f 5435 5438 5433
f 5440 5442 5441
f 5441 4104 4089
f 4096 5444 5443
f 4098 4096 5443
f 5445 5440 4092
f 4096 4087 5444
f 5446 5445 4100
f 5447 5449 5448
f 5414 5450 5412
f 5451 5452 5436
f 5441 5442 5453
f 5442 5455 5454
f 5437 5456 5416
f 4101 5414 4107
f 5437 5451 5436
f 5456 5437 5436
f 5458 5460 5459
f 5421 5423 5461
f 425 5462 530
f 5463 5458 5464
f 425 431 5465
f 5463 5462 5466
f 5438 5435 5444
f 5444 4087 5438
f 4098 5443 5446
f 5436 5433 5456
f 5467 5444 5435
f 5437 5420 5451
f 5452 5435 5436
f 5459 5468 5421
f 5461 5424 5469
f 5417 5419 5423
f 5437 5417 5420
f 5470 5425 5432
f 5421 5417 5423
f 5424 5461 5423
f 397 5432 389
f 5426 5431 5425
f 5469 5425 5470
f 389 5432 5429
f 5443 5444 5467
f 4100 4098 5446
f 5449 5452 5471
f 5467 5435 5452
f 5467 5472 5443
f 5471 5451 5473
f 5449 5467 5452
f 5473 5420 5468
f 5451 5471 5452
f 5459 5461 5474
f 5420 5473 5451
f 5475 5469 5470
f 5421 5468 5420
f 5461 5459 5421
f 523 5470 397
f 5424 5425 5469
f 5474 5469 5475
f 397 5470 5432
f 5446 5443 5472
f 4092 4100 5445
f 5476 5448 5471
f 5472 5467 5449
f 5477 5446 5472
f 5478 5476 5473
f 5447 5472 5449
f 5460 5478 5468
f 5448 5449 5471
f 5479 5481 5480
f 5476 5471 5473
f 5464 5474 5475
f 5473 5468 5478
f 5460 5468 5459
f 526 5475 523
f 5461 5469 5474
f 5458 5474 5464
f 523 5475 5470
f 5445 5446 5477
f 4089 4092 5440
f 5447 5483 5482
f 5477 5472 5447
f 5445 5477 5484
f 5448 5485 5483
f 5477 5447 5482
f 5476 5486 5485
f 5447 5448 5483
f 5478 5481 5486
f 5448 5476 5485
f 5460 5466 5481
f 5478 5486 5476
f 5460 5481 5478
f 528 5464 526
f 5459 5474 5458
f 5458 5463 5466
f 526 5464 5475
f 5440 5445 5484
f 5441 5453 5450
f 5455 5484 5482
f 5484 5477 5482
f 5484 5455 5442
f 5487 5482 5483
f 5482 5487 5455
f 5488 5483 5485
f 5483 5488 5487
f 5489 5485 5486
f 5485 5489 5488
f 5479 5486 5481
f 5486 5479 5489
f 5466 5480 5481
f 5463 528 530
f 5460 5458 5466
f 5466 5462 5480
f 528 5463 5464
f 4089 5440 5441
f 5450 4101 4104
f 5487 5490 5455
f 5440 5484 5442
f 5442 5454 5453
f 5488 5491 5487
f 5455 5490 5454
f 5489 5492 5488
f 5487 5491 5490
f 5479 5493 5489
f 5488 5492 5491
f 5480 5494 5479
f 5489 5493 5492
f 5462 5465 5480
f 5479 5494 5493
f 5462 425 5465
f 5494 5480 5465
f 530 5462 5463
f 4104 5441 5450
f 4101 5450 5414
f 5412 5453 5409
f 5450 5453 5412
f 5409 5454 5407
f 5453 5454 5409
f 5407 5490 5410
f 5454 5490 5407
f 5410 5491 5403
f 5490 5491 5410
f 5403 5492 5404
f 5491 5492 5403
f 5404 5493 5406
f 5492 5493 5404
f 5406 5494 5401
f 5493 5494 5406
f 431 5401 5465
f 5494 5465 5401
f 5495 1406 607
f 5422 5497 5496
f 5427 5498 5430
f 5498 1406 5495
f 5499 5500 5457
f 5418 5415 5501
f 5439 5503 5502
f 5434 5502 5499
f 5503 4088 4093
f 5503 5439 4088
f 5434 5439 5502
f 4093 1633 1644
f 5500 5415 5457
f 5499 5457 5434
f 5501 5497 5418
f 5501 5415 5500
f 5428 604 407
f 5427 5422 5496
f 5422 5418 5497
f 5427 5496 5498
f 1406 5498 1416
f 5428 5430 5495
f 5428 5495 604
f 607 604 5495
f 1416 5496 1403
f 5430 5498 5495
f 1416 5498 5496
f 1403 5497 1637
f 1403 5496 5497
f 1637 5501 1639
f 1637 5497 5501
f 1639 5500 1648
f 1639 5501 5500
f 1648 5499 1646
f 1648 5500 5499
f 1646 5502 1649
f 1646 5499 5502
f 1649 5503 1644
f 1649 5502 5503
f 4093 1644 5503
f 5504 5507 5509
f 5510 5512 5514
f 5517 5509 5518
f 5507 5518 5509
f 5521 5523 5517
f 5517 5518 5521
f 5525 5521 5527
f 5521 5525 5523
f 5527 5530 5531
f 5525 5527 5531
f 5533 5527 5535
f 5527 5533 5530
f 5538 5540 5535
f 5533 5535 5540
f 5538 5541 5544
f 5544 5540 5538
f 5546 5541 5548
f 5541 5546 5544
f 5550 5552 5548
f 5546 5548 5552
f 5550 5554 5556
f 5556 5552 5550
f 5558 5560 5554
f 5554 5560 5556
f 5554 5563 5564
f 5564 5558 5554
f 5566 5568 5563
f 5563 5568 5564
f 5570 5572 5566
f 5566 5563 5570
f 5572 5574 5576
f 5574 5572 5570
f 5578 5576 5581
f 5574 5581 5576
f 5582 5584 5578
f 5578 5581 5582
f 5512 5584 5582
f 5584 5512 5510
f 5507 5504 5586
f 5589 5590 5586
f 5507 5586 5590
f 5592 5589 5594
f 5592 5590 5589
f 5596 5598 5601
f 5598 5596 5594
f 5603 5601 5605
f 5598 5605 5601
f 5607 5609 5603
f 5603 5605 5607
f 5609 5611 5612
f 5611 5609 5607
f 5612 5615 5617
f 5611 5615 5612
f 5619 5620 5617
f 5612 5617 5620
f 5594 5596 5592
f 5622 5619 5625
f 5619 5622 5620
f 5626 5622 5629
f 5625 5629 5622
f 5630 5626 5634
f 5626 5629 5634
f 5636 5638 5626
f 5626 5630 5636
f 5638 5640 5642
f 5640 5638 5636
f 5644 5642 5646
f 5640 5646 5642
f 5647 5650 5644
f 5644 5646 5647
f 5650 5652 5654
f 5652 5650 5647
f 5652 5657 5654
f 5659 5661 5657
f 5654 5657 5661
f 5662 5661 5665
f 5661 5659 5665
f 5662 5667 5669
f 5669 5661 5662
f 5671 5667 5673
f 5667 5671 5669
f 5674 5671 5676
f 5673 5676 5671
f 5679 5680 5674
f 5674 5676 5679
f 5680 5682 5684
f 5682 5680 5679
f 5512 5684 5514
f 5682 5514 5684
f 5539 5545 5551
f 5551 5534 5539
f 5543 5545 5539
f 5687 5551 5555
f 5687 5534 5551
f 5687 5528 5534
f 5635 5648 5639
f 5632 5691 5635
f 5639 5648 5645
f 5635 5691 5651
f 5635 5651 5648
f 5691 5656 5651
f 5520 5675 5526
f 5571 5553 5575
f 5571 5562 5553
f 5580 5575 5549
f 5553 5549 5575
f 5547 5583 5580
f 5580 5549 5547
f 5583 5542 5513
f 5542 5583 5547
f 5536 5681 5685
f 5542 5537 5513
f 5506 5591 5660
f 5668 5670 5519
f 5593 5649 5653
f 5602 5637 5641
f 5600 5643 5597
f 5613 5621 5623
f 5627 5608 5613
f 5608 5627 5637
f 5613 5623 5627
f 5600 5602 5641
f 5602 5608 5637
f 5643 5600 5641
f 5593 5597 5649
f 5649 5597 5643
f 5660 5591 5653
f 5653 5591 5593
f 5668 5519 5506
f 5660 5668 5506
f 5670 5675 5520
f 5519 5670 5520
f 5526 5681 5536
f 5526 5675 5681
f 5513 5537 5685
f 5537 5536 5685
f 5693 5695 5567
f 5697 5655 5698
f 5569 5695 5700
f 5695 5569 5567
f 5702 5565 5700
f 5569 5700 5565
f 5702 5704 5559
f 5559 5565 5702
f 5561 5704 5707
f 5704 5561 5559
f 5709 5686 5557
f 5707 5557 5561
f 5709 5711 5712
f 5712 5686 5709
f 5715 5711 5717
f 5711 5715 5712
f 5717 5718 5721
f 5715 5717 5721
f 5718 5722 5724
f 5722 5718 5717
f 5727 5724 5729
f 5722 5729 5724
f 5731 5732 5727
f 5727 5729 5731
f 5732 5735 5737
f 5735 5732 5731
f 5739 5737 5741
f 5735 5741 5737
f 5742 5744 5739
f 5739 5741 5742
f 5744 5746 5749
f 5746 5744 5742
f 5746 5751 5749
f 5573 5693 5567
f 5577 5752 5573
f 5693 5573 5752
f 5577 5579 5754
f 5754 5752 5577
f 5756 5759 5579
f 5579 5759 5754
f 5585 5761 5756
f 5756 5579 5585
f 5511 5761 5585
f 5763 5511 5515
f 5511 5763 5761
f 5707 5709 5557
f 5683 5765 5515
f 5763 5515 5765
f 5683 5678 5767
f 5767 5765 5683
f 5768 5678 5677
f 5678 5768 5767
f 5672 5771 5677
f 5768 5677 5771
f 5672 5666 5773
f 5773 5771 5672
f 5774 5666 5663
f 5666 5774 5773
f 5664 5777 5663
f 5774 5663 5777
f 5664 5658 5778
f 5778 5777 5664
f 5780 5658 5655
f 5658 5780 5778
f 5689 5698 5655
f 5780 5655 5697
f 5782 5784 5786
f 5789 5790 5793
f 5794 5797 5799
f 5801 5803 5797
f 5804 5807 5808
f 5810 5812 5814
f 5816 5808 5818
f 5807 5818 5808
f 5749 5751 5816
f 5816 5818 5749
f 5812 5804 5814
f 5812 5807 5804
f 5794 5799 5810
f 5794 5810 5814
f 5782 5803 5801
f 5797 5803 5799
f 5784 5793 5786
f 5801 5784 5782
f 5790 5789 5698
f 5786 5793 5790
f 5697 5698 5789
f 5821 5823 5825
f 5826 5828 5830
f 5830 5833 5826
f 5828 5835 5837
f 5835 5828 5826
f 5838 5837 5841
f 5835 5841 5837
f 5842 5845 5838
f 5838 5841 5842
f 5845 5823 5821
f 5823 5845 5842
f 5846 5848 5850
f 5825 5852 5855
f 5857 5858 5861
f 5863 5864 5867
f 5869 5871 5872
f 5874 5877 5878
f 5881 5882 5884
f 5886 5888 5890
f 5890 5892 5895
f 5877 5895 5892
f 5895 5886 5890
f 5878 5877 5892
f 5881 5874 5882
f 5882 5874 5878
f 5863 5867 5884
f 5884 5867 5881
f 5872 5871 5864
f 5863 5872 5864
f 5869 5861 5858
f 5871 5869 5858
f 5857 5846 5850
f 5857 5861 5846
f 5852 5848 5855
f 5852 5850 5848
f 5855 5821 5825
f 5879 5893 5699
f 5896 5899 5844
f 5787 5791 5893
f 5893 5791 5699
f 5891 5783 5787
f 5787 5893 5891
f 5783 5889 5802
f 5889 5783 5891
f 5798 5802 5887
f 5889 5887 5802
f 5894 5811 5798
f 5798 5887 5894
f 5811 5876 5813
f 5876 5811 5894
f 5875 5806 5876
f 5813 5876 5806
f 5875 5880 5819
f 5819 5806 5875
f 5880 5748 5819
f 5880 5866 5748
f 5699 5690 5879
f 5900 5883 5690
f 5879 5690 5883
f 5900 5902 5885
f 5885 5883 5900
f 5885 5904 5862
f 5904 5885 5902
f 5873 5862 5906
f 5904 5906 5862
f 5873 5906 5909
f 5909 5910 5868
f 5868 5873 5909
f 5860 5910 5913
f 5910 5860 5868
f 5915 5847 5913
f 5860 5913 5847
f 5917 5849 5847
f 5847 5915 5917
f 5849 5919 5854
f 5919 5849 5917
f 5919 5896 5854
f 5836 5839 5920
f 5854 5896 5820
f 5831 5923 5925
f 5836 5927 5829
f 5928 5930 5834
f 5933 5827 5832
f 5713 5714 5822
f 5840 5688 5843
f 5719 5853 5824
f 5853 5725 5851
f 5714 5720 5822
f 5719 5725 5853
f 5733 5856 5726
f 5725 5726 5851
f 5733 5736 5859
f 5859 5856 5733
f 5859 5738 5870
f 5738 5859 5736
f 5865 5870 5745
f 5738 5745 5870
f 5748 5866 5865
f 5865 5745 5748
f 5720 5719 5824
f 5856 5851 5726
f 5843 5713 5822
f 5822 5720 5824
f 5840 5935 5688
f 5843 5688 5713
f 5930 5935 5834
f 5840 5834 5935
f 5933 5928 5827
f 5928 5834 5827
f 5831 5925 5832
f 5925 5933 5832
f 5829 5927 5923
f 5829 5923 5831
f 5936 5836 5920
f 5836 5936 5927
f 5899 5839 5844
f 5920 5839 5899
f 5896 5844 5820
f 5912 5911 5939
f 5631 5633 5940
f 5942 5914 5912
f 5912 5939 5942
f 5914 5945 5916
f 5945 5914 5942
f 5918 5916 5946
f 5945 5946 5916
f 5948 5897 5918
f 5918 5946 5948
f 5951 5897 5948
f 5911 5952 5939
f 5952 5908 5907
f 5911 5908 5952
f 5905 5955 5907
f 5952 5907 5955
f 5905 5903 5956
f 5956 5955 5905
f 5958 5903 5901
f 5903 5958 5956
f 5958 5901 5960
f 5631 5901 5689
f 5960 5901 5631
f 5618 5962 5624
f 5628 5964 5967
f 5968 5614 5610
f 5971 5616 5973
f 5604 5599 5975
f 5606 5977 5979
f 5588 5980 5982
f 5985 5986 5595
f 5988 5508 5516
f 5991 5505 5992
f 5532 5995 5997
f 5524 5999 5522
f 6000 5931 5929
f 6003 5934 6005
f 6000 5932 6006
f 5929 5932 6000
f 5924 5922 6009
f 6009 6006 5924
f 5922 6011 6009
f 6003 5686 5934
f 5924 6006 5932
f 6013 5926 5937
f 5926 6013 6011
f 5922 5926 6011
f 6013 5937 6015
f 6015 5921 6017
f 5921 6015 5937
f 6019 6017 5898
f 5921 5898 6017
f 5897 5951 6019
f 6019 5898 5897
f 5934 5931 6005
f 6005 5931 6000
f 6003 5995 5529
f 5529 5686 6003
f 5532 5997 5524
f 5529 5995 5532
f 5522 5999 6020
f 5524 5997 5999
f 6020 5988 5516
f 5516 5522 6020
f 5992 5505 5508
f 5992 5508 5988
f 5991 5587 5505
f 5588 5587 5980
f 5991 5980 5587
f 5588 5985 5595
f 5982 5985 5588
f 5599 5986 5975
f 5595 5986 5599
f 5606 5604 5977
f 5604 5975 5977
f 5968 5610 5979
f 5610 5606 5979
f 5973 5616 5614
f 5973 5614 5968
f 5971 5962 5618
f 5971 5618 5616
f 5624 5964 5628
f 5962 5964 5624
f 5633 5967 5940
f 5628 5967 5633
f 5631 5940 5960
f 6022 6023 6024
f 6025 6026 6029
f 6030 6031 6032
f 6032 6033 6034
f 6035 6036 6037
f 6038 6039 6040
f 6033 6032 6041
f 6042 6044 6045
f 6023 6046 6024
f 6035 6049 6040
f 6050 6051 6052
f 6053 6054 6045
f 6056 5998 6022
f 6040 6049 6057
f 6059 6061 6062
f 6050 6063 6064
f 6037 6065 6049
f 6067 6068 6070
f 6072 6052 6073
f 6074 6075 6076
f 6074 6077 6075
f 6078 6007 6073
f 6079 6081 6059
f 6082 6083 6084
f 6085 6086 6087
f 6088 6089 6090
f 5996 6022 5998
f 6091 6083 6092
f 6093 6094 6095
f 6096 6089 6097
f 6089 6078 6098
f 6099 6100 6101
f 6102 6103 6090
f 6103 6022 5996
f 6103 5996 5994
f 6103 6002 6090
f 6104 6096 6105
f 6104 6106 6037
f 6001 6078 6088
f 6098 6097 6089
f 6037 6106 6065
f 5949 6107 6108
f 6098 6078 6030
f 6109 6110 6112
f 5947 6113 6107
f 6114 6115 6116
f 6118 6109 6119
f 6109 6121 6110
f 6122 6123 6124
f 6125 6127 6128
f 6115 6128 6131
f 6132 6127 6125
f 6134 6137 6138
f 6139 6138 6140
f 6141 6143 6041
f 6041 6144 6033
f 6063 6146 6147
f 6141 6044 6149
f 6146 6150 6151
f 6150 6152 6153
f 6155 6053 6062
f 6156 6152 6108
f 6158 6079 6112
f 6116 6119 6159
f 6131 6118 6119
f 6124 6123 6114
f 6123 6140 6161
f 6162 6134 6138
f 6140 6164 6161
f 6166 6138 6137
f 6139 6167 6162
f 6168 6169 6025
f 6168 6134 6162
f 6170 6171 6025
f 6168 6172 6175
f 6171 6176 6026
f 6177 6176 6178
f 6178 6176 6179
f 6180 6181 6182
f 6183 6180 6184
f 6185 6084 6186
f 6099 6094 6187
f 6082 6084 6188
f 6189 6185 6190
f 6191 6046 6035
f 6192 6188 6189
f 6040 6057 6194
f 6068 6067 6038
f 6024 6195 6196
f 6049 6035 6037
f 6039 6076 6191
f 6038 6197 6039
f 6197 6190 6076
f 6082 6092 6083
f 6198 6199 6095
f 6101 6091 6200
f 6099 6101 6201
f 6202 6186 6083
f 6091 6203 6202
f 6182 6203 6100
f 6204 6205 6181
f 6187 6093 6184
f 6180 6100 6187
f 6038 6194 6207
f 6035 6046 6036
f 6196 6056 6024
f 6056 6022 6024
f 6036 6046 6023
f 6035 6039 6191
f 6195 6024 6046
f 6056 6021 5998
f 6208 6056 6196
f 5989 6021 6056
f 6040 6194 6038
f 6207 6068 6038
f 6209 6070 6210
f 6040 6039 6035
f 6038 6192 6197
f 6212 6208 6196
f 6191 6195 6046
f 6197 6076 6039
f 6056 6208 5989
f 6075 6195 6191
f 6213 6212 6196
f 5993 5989 6208
f 6215 6209 6210
f 6038 6067 6192
f 6070 6209 6067
f 6209 6215 6216
f 6067 6188 6192
f 6217 6213 6077
f 6075 6213 6195
f 6076 6075 6191
f 6197 6189 6190
f 5990 6212 6217
f 6212 5993 6208
f 6195 6213 6196
f 6075 6077 6213
f 5990 5993 6212
f 6209 6216 6082
f 6188 6067 6209
f 6188 6084 6189
f 6189 6197 6192
f 6209 6082 6188
f 6218 6077 6086
f 6217 6077 6218
f 6190 6074 6076
f 6084 6185 6189
f 6219 6220 5981
f 6074 6190 6221
f 6077 6074 6086
f 5990 6217 6219
f 6213 6217 6212
f 6217 6218 6220
f 5981 5990 6219
f 6215 6223 6216
f 6216 6224 6092
f 6216 6092 6082
f 6225 6087 6221
f 6221 6086 6074
f 6185 6221 6190
f 6084 6083 6186
f 6086 6085 6218
f 6221 6185 6225
f 6219 6217 6220
f 6221 6087 6086
f 6218 6085 6226
f 5984 5983 6220
f 6220 5983 5981
f 6216 6223 6224
f 6223 6228 6224
f 6224 6229 6200
f 6091 6092 6200
f 6200 6092 6224
f 6230 6231 6225
f 6232 6087 6231
f 6186 6225 6185
f 6083 6091 6202
f 6233 6226 6085
f 6225 6186 6230
f 6220 6218 6226
f 6231 6087 6225
f 6232 6233 6085
f 5987 5984 6226
f 6220 6226 5984
f 6224 6228 6229
f 6228 6234 6229
f 6229 6236 6201
f 6200 6201 6101
f 6201 6200 6229
f 6237 6238 6230
f 6205 6238 6237
f 6202 6230 6186
f 6101 6203 6091
f 6233 6232 6239
f 6230 6202 6237
f 6231 6230 6238
f 6233 5987 6226
f 6087 6232 6085
f 6232 6240 6239
f 5974 5987 6233
f 6229 6234 6236
f 6234 6242 6236
f 6243 6244 6236
f 6201 6244 6099
f 6244 6201 6236
f 6245 6238 6205
f 6181 6205 6182
f 6203 6237 6202
f 6100 6203 6101
f 6238 6240 6231
f 6182 6237 6203
f 6240 6246 6239
f 6239 5974 6233
f 6231 6240 6232
f 6240 6245 6246
f 5976 5974 6239
f 6236 6242 6243
f 6242 6248 6243
f 6249 6251 6248
f 6252 6254 6256
f 6248 6251 6243
f 6249 6257 6251
f 6243 6258 6244
f 6259 6184 6260
f 6244 6094 6099
f 6182 6205 6237
f 6099 6187 6100
f 6181 6180 6183
f 6180 6182 6100
f 6245 6261 6246
f 6246 5976 6239
f 6238 6245 6240
f 6245 6204 6261
f 5978 5976 6246
f 6251 6258 6243
f 6262 6257 6249
f 6264 6265 6266
f 6258 6094 6244
f 6258 6251 6268
f 6260 6093 6199
f 6258 6095 6094
f 6183 6269 6181
f 6093 6187 6094
f 6183 6184 6259
f 6184 6180 6187
f 6204 6270 6261
f 6261 5978 6246
f 6205 6204 6245
f 6204 6269 6270
f 5969 5978 6261
f 6257 6268 6251
f 6262 6256 6257
f 6252 6271 6265
f 6268 6095 6258
f 6254 6268 6257
f 6178 6199 6177
f 6095 6268 6198
f 6259 6273 6183
f 6199 6093 6095
f 6274 6275 6259
f 6260 6184 6093
f 6269 6276 6270
f 6270 5969 6261
f 6181 6269 6204
f 6269 6273 6276
f 5972 5969 6270
f 6254 6257 6256
f 6265 6271 6277
f 6268 6254 6198
f 6254 6252 6265
f 6266 6280 6281
f 6254 6264 6198
f 6178 6274 6260
f 6177 6199 6198
f 6273 6259 6275
f 6178 6260 6199
f 6275 6276 6273
f 6276 5972 6270
f 6183 6273 6269
f 5970 5972 6276
f 6266 6265 6277
f 6254 6265 6264
f 6264 6266 6281
f 6198 6264 6177
f 6026 6264 6281
f 6176 6177 6026
f 6026 6177 6264
f 6275 6274 6282
f 6282 5963 6275
f 6260 6274 6259
f 6274 6179 6282
f 6275 5970 6276
f 5963 5970 6275
f 6280 6029 6281
f 6281 6029 6026
f 6284 6025 6029
f 6285 6282 6179
f 6171 6285 6176
f 6282 6285 5966
f 6178 6179 6274
f 5963 6282 5965
f 6284 6172 6168
f 6025 6284 6168
f 5941 6285 6286
f 6025 6171 6026
f 6169 6170 6025
f 6176 6285 6179
f 6171 6170 6286
f 6285 5941 5966
f 6282 5966 5965
f 6134 6168 6175
f 6170 6169 6287
f 6286 6170 6287
f 6288 6287 6169
f 6171 6286 6285
f 5941 6286 5961
f 6140 6166 6164
f 6162 6288 6168
f 6166 6140 6138
f 6287 6288 6289
f 5959 6287 6289
f 6168 6288 6169
f 6288 6167 6289
f 5961 6286 6287
f 5959 5961 6287
f 6123 6132 6125
f 6167 6139 6290
f 6162 6167 6288
f 6138 6139 6162
f 6139 6122 6290
f 6167 6290 5954
f 5959 6289 5957
f 6123 6122 6140
f 6161 6132 6123
f 6128 6115 6125
f 6122 6291 6290
f 5953 5954 6290
f 6140 6122 6139
f 6124 6291 6122
f 5957 6289 5954
f 6167 5954 6289
f 6123 6125 6114
f 6114 6125 6115
f 6131 6119 6115
f 6292 5938 6124
f 6114 6116 6292
f 6291 5953 6290
f 6124 5938 6291
f 5938 5953 6291
f 6121 6109 6118
f 5943 6292 6293
f 6119 6116 6115
f 6114 6292 6124
f 6116 6159 6293
f 5943 5938 6292
f 6119 6109 6294
f 6112 6110 6158
f 6113 6293 6159
f 6294 6159 6119
f 6294 6295 6113
f 6116 6293 6292
f 5943 6293 5944
f 6112 6295 6109
f 6079 6158 6081
f 6294 6113 6159
f 6109 6295 6294
f 6295 6296 6107
f 5944 6293 6113
f 5947 5944 6113
f 6079 6296 6112
f 6059 6081 6061
f 6295 6107 6113
f 6112 6296 6295
f 6296 6156 6108
f 5949 5947 6107
f 6059 6156 6079
f 6062 6061 6155
f 6296 6108 6107
f 6079 6156 6296
f 6156 6153 6152
f 5949 6108 5950
f 6062 6153 6059
f 6053 6155 6054
f 6152 5950 6108
f 6059 6153 6156
f 6153 6151 6150
f 6018 5950 6152
f 6053 6151 6062
f 6045 6054 6042
f 6150 6018 6152
f 6062 6151 6153
f 6151 6147 6146
f 6016 6018 6150
f 6045 6147 6053
f 6149 6044 6042
f 6146 6016 6150
f 6053 6147 6151
f 6147 6064 6063
f 6014 6016 6146
f 6044 6064 6045
f 6143 6141 6149
f 6063 6014 6146
f 6045 6064 6147
f 6044 6051 6064
f 6012 6014 6063
f 6141 6051 6044
f 6144 6041 6143
f 6063 6050 6012
f 6051 6050 6064
f 6031 6051 6141
f 6050 6052 6072
f 6010 6012 6050
f 6041 6031 6141
f 6297 6033 6144
f 6050 6072 6010
f 6031 6052 6051
f 6031 6041 6032
f 6052 6030 6073
f 6008 6010 6072
f 6297 6300 6033
f 6033 6300 6034
f 6302 6303 6305
f 6072 6073 6008
f 6031 6030 6052
f 6032 6098 6030
f 6007 6008 6073
f 6300 6305 6034
f 6303 6302 6307
f 6032 6034 6098
f 6305 6303 6034
f 6098 6034 6097
f 6030 6078 6073
f 6078 6089 6088
f 6001 6007 6078
f 6105 6307 6308
f 6034 6303 6097
f 6311 6312 6106
f 6097 6303 6105
f 6096 6090 6089
f 6004 6088 6090
f 6001 6088 6004
f 6105 6308 6311
f 6307 6105 6303
f 6312 6314 6106
f 6097 6105 6096
f 6311 6106 6105
f 6096 6102 6090
f 6096 6104 6102
f 5994 6002 6103
f 6090 6002 6004
f 6106 6314 6065
f 6105 6106 6104
f 6037 6036 6104
f 6104 6036 6102
f 6036 6023 6102
f 6102 6023 6103
f 6022 6103 6023
f 6316 6317 6318
f 6319 6320 6321
f 6322 6323 6324
f 6316 6325 6326
f 6327 6329 6330
f 6332 6335 6336
f 6338 6339 6340
f 6326 6317 6316
f 6326 6325 6329
f 6341 6342 6343
f 6344 6345 6346
f 6317 6347 6318
f 6347 6348 6318
f 5716 5710 6348
f 5708 6348 5710
f 5706 6349 5708
f 6348 5708 6349
f 6350 6320 6351
f 5701 6352 5703
f 6352 5705 5703
f 6353 6354 6355
f 6356 6321 6320
f 6357 6358 6359
f 6360 5758 6361
f 6362 6363 6364
f 6365 6366 6367
f 6368 6369 6370
f 6371 6372 6373
f 6343 6374 6375
f 6376 6377 6338
f 6378 6379 6380
f 6382 6345 6383
f 6384 6386 6380
f 6387 6379 6383
f 6388 6390 6391
f 6392 6393 6384
f 6394 6396 6390
f 6390 6397 6391
f 6398 6391 6399
f 6400 6397 6401
f 6398 6402 6403
f 6399 6391 6397
f 6404 6405 6406
f 6407 6408 6409
f 6404 6410 6411
f 6411 6412 6413
f 6412 6411 6414
f 6415 6411 6413
f 6417 6418 6327
f 6418 6419 6420
f 5728 6421 5730
f 6422 6421 6423
f 6424 6347 6317
f 6424 6423 6421
f 5723 6347 6424
f 6425 6427 6419
f 5723 5716 6347
f 6413 6422 6428
f 6422 6419 6428
f 6429 6410 6430
f 6410 6414 6411
f 6430 6406 6408
f 6407 6431 6429
f 6432 6403 6402
f 6433 6431 6432
f 6398 6399 6402
f 6432 6409 6403
f 6392 6384 6380
f 6380 6379 6392
f 6368 6372 6434
f 6366 6365 6435
f 6362 6436 6437
f 6438 6439 6365
f 6437 6373 6363
f 6440 6370 6441
f 6434 6442 6443
f 6345 6444 6383
f 6378 6380 6445
f 6344 6444 6345
f 6364 6447 6366
f 6344 6335 6342
f 6345 6448 6346
f 6343 6335 6374
f 6374 6335 6332
f 6366 6435 6362
f 6450 6451 6452
f 6323 6453 6454
f 6455 6324 6456
f 6369 6457 6454
f 6322 6377 6453
f 6371 6458 6442
f 6453 6459 6369
f 6443 6460 6461
f 6436 6362 6435
f 6442 6434 6371
f 6462 6438 6367
f 6447 6463 6464
f 6463 6447 6465
f 6353 6462 6319
f 6466 6319 6462
f 6463 6467 6464
f 6354 6321 6352
f 6466 6462 6464
f 6470 6316 6351
f 5716 6348 6347
f 6349 6350 6348
f 6318 6351 6316
f 6329 6325 6330
f 6470 6325 6316
f 6471 6330 6325
f 6356 5706 5705
f 6348 6350 6318
f 6473 6470 6474
f 6476 6470 6473
f 6318 6350 6351
f 6470 6351 6474
f 6470 6471 6325
f 6476 6471 6470
f 6350 6349 6356
f 6356 6349 5706
f 5705 6352 6356
f 6351 6320 6474
f 6350 6356 6320
f 6319 6474 6320
f 6473 6467 6478
f 6467 6473 6474
f 6476 6473 6478
f 5694 6354 5701
f 6356 6352 6321
f 6354 6352 5701
f 5692 6479 5694
f 6467 6474 6466
f 6466 6474 6319
f 6319 6321 6353
f 6467 6466 6464
f 6479 5692 6480
f 6321 6354 6353
f 6480 5692 5753
f 6438 6353 6355
f 6482 6463 6483
f 6482 6467 6463
f 6438 6462 6353
f 6447 6464 6367
f 6483 6463 6485
f 6485 6463 6359
f 6359 6463 6465
f 6487 6485 6359
f 5694 6355 6354
f 6479 6355 5694
f 5753 6489 6480
f 6439 6355 6480
f 6357 6359 6465
f 6462 6367 6464
f 6367 6438 6365
f 6367 6366 6447
f 6491 6487 6359
f 6465 6364 6357
f 6491 6359 6358
f 6479 6480 6355
f 5755 6489 5753
f 5755 6360 6489
f 6355 6439 6438
f 6492 6439 6489
f 6493 6358 6357
f 6492 6435 6365
f 6493 6494 6358
f 6495 6496 6497
f 6447 6364 6465
f 6366 6362 6364
f 6495 6491 6358
f 6363 6493 6357
f 6358 6494 6495
f 6497 6499 6495
f 6491 6495 6499
f 6480 6489 6439
f 5758 6360 5755
f 5760 6501 6502
f 6439 6492 6365
f 6503 6492 6360
f 6436 6458 6437
f 6436 6435 6503
f 6493 6504 6494
f 6505 6496 6494
f 6364 6363 6357
f 6363 6362 6437
f 6496 6495 6494
f 6373 6504 6493
f 6504 6505 6494
f 6507 6496 6508
f 6496 6507 6497
f 6489 6360 6492
f 5757 6361 5758
f 6502 6361 5757
f 6492 6503 6435
f 6361 6509 6503
f 6371 6437 6458
f 6436 6509 6458
f 6441 6508 6505
f 6510 6508 6441
f 6363 6373 6493
f 6373 6437 6371
f 6508 6496 6505
f 6372 6440 6504
f 6440 6441 6505
f 6508 6511 6507
f 6514 6508 6510
f 6514 6511 6508
f 6360 6361 6503
f 5760 6502 5757
f 6461 6515 6454
f 6503 6509 6436
f 6502 6516 6509
f 6517 6518 6519
f 6458 6516 6442
f 6520 6510 6441
f 6504 6440 6505
f 6373 6372 6504
f 6372 6371 6434
f 6510 6520 6521
f 6368 6370 6440
f 6441 6370 6520
f 6510 6521 6522
f 6522 6514 6510
f 6361 6502 6509
f 5762 6501 5760
f 6501 5762 6524
f 6509 6516 6458
f 6516 6501 6525
f 6434 6443 6457
f 6442 6525 6443
f 6370 6459 6520
f 6520 6526 6521
f 6372 6368 6440
f 6369 6368 6457
f 6521 6526 6527
f 6369 6459 6370
f 6520 6459 6526
f 6521 6527 6529
f 6529 6522 6521
f 6502 6501 6516
f 5764 6524 5762
f 6530 6524 5766
f 6516 6525 6442
f 6524 6460 6525
f 6461 6457 6443
f 6377 6526 6459
f 6434 6457 6368
f 6461 6454 6457
f 6526 6376 6527
f 6369 6454 6453
f 6527 6376 6531
f 6377 6459 6453
f 6526 6377 6376
f 6527 6531 6532
f 6532 6529 6527
f 6501 6524 6525
f 5764 5766 6524
f 6525 6460 6443
f 6530 6534 6460
f 6517 6456 6535
f 6461 6534 6515
f 6519 6536 6339
f 6323 6454 6515
f 6455 6339 6338
f 6453 6323 6322
f 6531 6340 6537
f 6338 6377 6322
f 6531 6376 6340
f 6539 6532 6531
f 6524 6530 6460
f 5766 5769 6530
f 6534 6540 6515
f 6460 6534 6461
f 6530 6540 6534
f 6541 6323 6515
f 6541 6515 6540
f 6338 6322 6455
f 6323 6541 6324
f 6543 6544 6545
f 6322 6324 6455
f 6547 6537 6544
f 6537 6539 6531
f 6376 6338 6340
f 6537 6340 6536
f 6547 6539 6537
f 6540 6530 5769
f 5769 5770 6540
f 5772 6548 5770
f 5775 5776 6549
f 6548 5772 5775
f 6535 6452 6518
f 6548 6550 6541
f 6551 6552 6553
f 6324 6550 6456
f 6552 6536 6519
f 6517 6455 6456
f 6545 6544 6552
f 6537 6536 6544
f 6340 6339 6536
f 6544 6536 6552
f 6547 6544 6543
f 6541 6540 6548
f 5770 6548 6540
f 6549 6548 5775
f 6541 6550 6324
f 6548 6549 6550
f 6455 6517 6339
f 6456 6549 6535
f 6551 6555 6556
f 6558 6552 6551
f 6339 6517 6519
f 6519 6553 6552
f 6545 6558 6560
f 6558 6545 6552
f 6543 6545 6560
f 6450 5776 5779
f 6456 6550 6549
f 6450 6549 5776
f 6450 6452 6535
f 6519 6518 6553
f 6517 6535 6518
f 6375 6553 6518
f 6551 6332 6555
f 6553 6374 6551
f 6558 6551 6556
f 6451 5779 5781
f 6535 6549 6450
f 6451 6375 6452
f 6553 6375 6374
f 6518 6452 6375
f 6343 6375 6451
f 6551 6374 6332
f 6451 6450 5779
f 5696 6341 5781
f 6451 6341 6343
f 6451 5781 6341
f 6383 6444 6387
f 6562 6336 6346
f 6335 6346 6336
f 6346 6335 6344
f 6448 6562 6346
f 5696 5788 6341
f 6343 6342 6335
f 6564 5788 5792
f 6342 6341 6564
f 6344 6564 6444
f 6382 6565 6345
f 6448 6345 6565
f 5788 6564 6341
f 6567 5792 5785
f 6344 6342 6564
f 6567 6564 5792
f 6378 6382 6383
f 6567 6387 6444
f 6383 6379 6378
f 6445 6569 6378
f 6382 6378 6569
f 6570 5785 5800
f 6444 6564 6567
f 5785 6387 6567
f 6570 6379 6387
f 6387 5785 6570
f 6392 6379 6570
f 6386 6572 6380
f 6380 6572 6445
f 5796 6573 5800
f 6573 6392 6570
f 5800 6573 6570
f 6393 6392 6573
f 6386 6384 6575
f 6384 6396 6575
f 6396 6384 6576
f 6577 6575 6396
f 5795 6573 5796
f 6393 6573 6579
f 6384 6393 6576
f 6396 6576 6401
f 6394 6577 6396
f 5815 6579 5795
f 6393 6579 6576
f 6579 5815 6400
f 6396 6401 6390
f 6576 6579 6401
f 6390 6401 6397
f 6394 6390 6388
f 6400 5815 5805
f 5795 6579 6573
f 5805 5809 6580
f 6401 6579 6400
f 6400 5805 6580
f 6397 6580 6399
f 6582 6391 6398
f 6391 6582 6388
f 6583 6399 6580
f 6400 6580 6397
f 5809 6583 6580
f 6583 6402 6399
f 6584 6586 6398
f 6398 6586 6582
f 5809 5817 6583
f 6402 6583 6433
f 5817 6433 6583
f 6398 6403 6584
f 6402 6433 6432
f 6589 6584 6403
f 5817 5750 6433
f 6431 5750 5747
f 5750 6431 6433
f 6403 6409 6589
f 6432 6431 6407
f 6590 6589 6409
f 6429 5747 5743
f 6432 6407 6409
f 5747 6429 6431
f 6409 6408 6590
f 6408 6407 6430
f 6592 6590 6408
f 6414 5743 5740
f 6406 6592 6408
f 6407 6429 6430
f 6406 6430 6404
f 6595 6592 6406
f 5734 6414 5740
f 5743 6414 6410
f 6405 6415 6596
f 6405 6595 6406
f 6430 6410 6404
f 6405 6404 6415
f 6598 6595 6405
f 6412 5734 5730
f 6410 6429 5743
f 5734 6412 6414
f 6599 6596 6427
f 6596 6598 6405
f 6404 6411 6415
f 6596 6415 6428
f 6599 6598 6596
f 6418 6601 6603
f 5730 6421 6412
f 6425 6605 6427
f 6596 6428 6427
f 6415 6413 6428
f 6427 6428 6419
f 6599 6427 6605
f 5728 5723 6424
f 6421 6413 6412
f 6423 6420 6422
f 6603 6419 6418
f 6413 6421 6422
f 6420 6419 6422
f 6603 6425 6419
f 6317 6326 6423
f 5728 6424 6421
f 6317 6423 6424
f 6326 6329 6420
f 6326 6420 6423
f 6327 6418 6329
f 6329 6418 6420
f 6417 6601 6418
f 6607 6610 6612
f 6615 6617 6610
f 6610 6620 6621
f 6612 6610 6621
f 6610 6623 6625
f 6620 6610 6625
f 6610 6627 6629
f 6623 6610 6629
f 6610 6631 6634
f 6627 6610 6634
f 6636 6631 6610
f 6638 6640 6610
f 6610 6640 6636
f 6641 6643 6610
f 6610 6643 6638
f 6646 6648 6610
f 6610 6648 6641
f 6617 6650 6610
f 6610 6650 6646
f 6337 6616 6333
f 6449 6649 6618
f 6337 6563 6618
f 6568 6645 6381
f 6649 6566 6381
f 6647 6571 6385
f 6645 6446 6647
f 6642 6578 6644
f 6385 6574 6642
f 6389 6581 6637
f 6389 6644 6395
f 6588 6639 6585
f 6639 6637 6587
f 6632 6635 6593
f 6635 6588 6591
f 6633 6597 6600
f 6594 6597 6632
f 6426 6604 6628
f 6606 6628 6633
f 6602 6416 6630
f 6602 6630 6604
f 6624 6416 6328
f 6416 6624 6630
f 6331 6626 6328
f 6624 6328 6626
f 6331 6472 6619
f 6619 6626 6331
f 6472 6622 6619
f 6613 6622 6475
f 6472 6475 6622
f 6477 6609 6613
f 6613 6475 6477
f 6468 6609 6477
f 6606 6426 6628
f 6604 6630 6628
f 6597 6633 6632
f 6600 6606 6633
f 6591 6593 6635
f 6632 6593 6594
f 6639 6587 6585
f 6635 6639 6588
f 6637 6644 6389
f 6587 6637 6581
f 6578 6642 6574
f 6578 6395 6644
f 6446 6571 6647
f 6647 6385 6642
f 6649 6381 6645
f 6645 6568 6446
f 6618 6563 6449
f 6566 6649 6449
f 6337 6618 6616
f 6614 6538 6546
f 6614 6554 6334
f 6513 6523 6611
f 6559 6557 6614
f 6614 6557 6554
f 6542 6561 6614
f 6614 6561 6559
f 6614 6546 6542
f 6611 6533 6614
f 6538 6614 6533
f 6611 6523 6528
f 6611 6528 6533
f 6611 6506 6512
f 6513 6611 6512
f 6498 6506 6608
f 6611 6608 6506
f 6490 6500 6608
f 6608 6500 6498
f 6486 6488 6608
f 6608 6488 6490
f 6481 6484 6608
f 6608 6484 6486
f 6469 6481 6608
f 6653 6655 6657
f 6660 6662 6655
f 6655 6664 6666
f 6657 6655 6666
f 6655 6667 6670
f 6664 6655 6670
f 6655 6671 6674
f 6667 6655 6674
f 6655 6675 6677
f 6671 6655 6677
f 6679 6675 6655
f 6681 6683 6655
f 6655 6683 6679
f 6685 6687 6655
f 6655 6687 6681
f 6690 6691 6655
f 6655 6691 6685
f 6662 6694 6655
f 6655 6694 6690
f 6066 6658 6047
f 6313 6693 6661
f 6066 6315 6661
f 6306 6689 6309
f 6693 6310 6309
f 6686 6692 6304
f 6689 6301 6692
f 6145 6142 6688
f 6298 6688 6686
f 6043 6684 6682
f 6148 6682 6142
f 6060 6680 6154
f 6684 6055 6154
f 6678 6676 6157
f 6680 6080 6676
f 6672 6120 6117
f 6111 6120 6678
f 6129 6126 6673
f 6130 6673 6672
f 6668 6126 6133
f 6126 6668 6673
f 6669 6668 6160
f 6133 6160 6668
f 6165 6669 6163
f 6669 6160 6163
f 6165 6136 6663
f 6663 6669 6165
f 6665 6136 6135
f 6136 6665 6663
f 6656 6665 6174
f 6135 6174 6665
f 6283 6656 6173
f 6656 6174 6173
f 6283 6027 6652
f 6652 6656 6283
f 6117 6130 6672
f 6130 6129 6673
f 6157 6111 6678
f 6678 6120 6672
f 6060 6080 6680
f 6676 6080 6157
f 6684 6043 6055
f 6680 6684 6154
f 6682 6688 6142
f 6043 6682 6148
f 6298 6686 6299
f 6298 6145 6688
f 6692 6301 6304
f 6686 6304 6299
f 6693 6309 6689
f 6689 6306 6301
f 6661 6315 6313
f 6310 6693 6313
f 6066 6661 6658
f 6659 6214 6211
f 6659 6058 6048
f 6241 6235 6654
f 6206 6193 6659
f 6659 6193 6058
f 6071 6069 6659
f 6659 6069 6206
f 6659 6211 6071
f 6654 6222 6659
f 6214 6659 6222
f 6654 6235 6227
f 6654 6227 6222
f 6654 6250 6247
f 6241 6654 6247
f 6263 6250 6651
f 6654 6651 6250
f 6253 6255 6651
f 6651 6255 6263
f 6278 6272 6651
f 6651 6272 6253
f 6279 6267 6651
f 6651 6267 6278
f 6028 6279 6651

